message,severity,attributes,tags,timestamp
Starting Container,info,"{""level"":""info""}","{""project"":""586ae7c2-e5b4-48eb-a537-f49216717b2b"",""environment"":""497ce9b3-fb87-4b99-9cf7-6c7305d440e8"",""service"":""2f22293c-9116-4952-b24d-3937d322e2e1"",""deployment"":""704cae93-1883-49c0-86e2-2d8501274997"",""replica"":""d9785248-59d5-44a5-b319-189eccb33b49""}",2026-08-20T23:49:11.043430503Z
Traceback (most recent call last):,error,"{""level"":""error""}","{""project"":""586ae7c2-e5b4-48eb-a537-f49216717b2b"",""environment"":""497ce9b3-fb87-4b99-9cf7-6c7305d440e8"",""service"":""2f22293c-9116-4952-b24d-3937d322e2e1"",""deployment"":""704cae93-1883-49c0-86e2-2d8501274997"",""replica"":""d9785248-59d5-44a5-b319-189eccb33b49""}",2026-08-20T23:49:12.708093649Z
"  File ""/app/.venv/bin/uvicorn"", line 8, in <module>",error,"{""level"":""error""}","{""project"":""586ae7c2-e5b4-48eb-a537-f49216717b2b"",""environment"":""497ce9b3-fb87-4b99-9cf7-6c7305d440e8"",""service"":""2f22293c-9116-4952-b24d-3937d322e2e1"",""deployment"":""704cae93-1883-49c0-86e2-2d8501274997"",""replica"":""d9785248-59d5-44a5-b319-189eccb33b49""}",2026-08-20T23:49:12.708103549Z
    sys.exit(main()),error,"{""level"":""error""}","{""project"":""586ae7c2-e5b4-48eb-a537-f49216717b2b"",""environment"":""497ce9b3-fb87-4b99-9cf7-6c7305d440e8"",""service"":""2f22293c-9116-4952-b24d-3937d322e2e1"",""deployment"":""704cae93-1883-49c0-86e2-2d8501274997"",""replica"":""d9785248-59d5-44a5-b319-189eccb33b49""}",2026-08-20T23:49:12.708108409Z
             ^^^^^^,error,"{""level"":""error""}","{""project"":""586ae7c2-e5b4-48eb-a537-f49216717b2b"",""environment"":""497ce9b3-fb87-4b99-9cf7-6c7305d440e8"",""service"":""2f22293c-9116-4952-b24d-3937d322e2e1"",""deployment"":""704cae93-1883-49c0-86e2-2d8501274997"",""replica"":""d9785248-59d5-44a5-b319-189eccb33b49""}",2026-08-20T23:49:12.708113089Z
"  File ""/app/.venv/lib/python3.11/site-packages/click/core.py"", line 1569, in __call__",error,"{""level"":""error""}","{""project"":""586ae7c2-e5b4-48eb-a537-f49216717b2b"",""environment"":""497ce9b3-fb87-4b99-9cf7-6c7305d440e8"",""service"":""2f22293c-9116-4952-b24d-3937d322e2e1"",""deployment"":""704cae93-1883-49c0-86e2-2d8501274997"",""replica"":""d9785248-59d5-44a5-b319-189eccb33b49""}",2026-08-20T23:49:12.708117269Z
"    return self.main(*args, **kwargs)",error,"{""level"":""error""}","{""project"":""586ae7c2-e5b4-48eb-a537-f49216717b2b"",""environment"":""497ce9b3-fb87-4b99-9cf7-6c7305d440e8"",""service"":""2f22293c-9116-4952-b24d-3937d322e2e1"",""deployment"":""704cae93-1883-49c0-86e2-2d8501274997"",""replica"":""d9785248-59d5-44a5-b319-189eccb33b49""}",2026-08-20T23:49:12.708122219Z
           ^^^^^^^^^^^^^^^^^^^^^^^^^^,error,"{""level"":""error""}","{""project"":""586ae7c2-e5b4-48eb-a537-f49216717b2b"",""environment"":""497ce9b3-fb87-4b99-9cf7-6c7305d440e8"",""service"":""2f22293c-9116-4952-b24d-3937d322e2e1"",""deployment"":""704cae93-1883-49c0-86e2-2d8501274997"",""replica"":""d9785248-59d5-44a5-b319-189eccb33b49""}",2026-08-20T23:49:12.708143858Z
"  File ""/app/.venv/lib/python3.11/site-packages/click/core.py"", line 1490, in main",error,"{""level"":""error""}","{""project"":""586ae7c2-e5b4-48eb-a537-f49216717b2b"",""environment"":""497ce9b3-fb87-4b99-9cf7-6c7305d440e8"",""service"":""2f22293c-9116-4952-b24d-3937d322e2e1"",""deployment"":""704cae93-1883-49c0-86e2-2d8501274997"",""replica"":""d9785248-59d5-44a5-b319-189eccb33b49""}",2026-08-20T23:49:12.708148208Z
    rv = self.invoke(ctx),error,"{""level"":""error""}","{""project"":""586ae7c2-e5b4-48eb-a537-f49216717b2b"",""environment"":""497ce9b3-fb87-4b99-9cf7-6c7305d440e8"",""service"":""2f22293c-9116-4952-b24d-3937d322e2e1"",""deployment"":""704cae93-1883-49c0-86e2-2d8501274997"",""replica"":""d9785248-59d5-44a5-b319-189eccb33b49""}",2026-08-20T23:49:12.708152628Z
         ^^^^^^^^^^^^^^^^,error,"{""level"":""error""}","{""project"":""586ae7c2-e5b4-48eb-a537-f49216717b2b"",""environment"":""497ce9b3-fb87-4b99-9cf7-6c7305d440e8"",""service"":""2f22293c-9116-4952-b24d-3937d322e2e1"",""deployment"":""704cae93-1883-49c0-86e2-2d8501274997"",""replica"":""d9785248-59d5-44a5-b319-189eccb33b49""}",2026-08-20T23:49:12.708157608Z
"  File ""/app/.venv/lib/python3.11/site-packages/click/core.py"", line 1353, in invoke",error,"{""level"":""error""}","{""project"":""586ae7c2-e5b4-48eb-a537-f49216717b2b"",""environment"":""497ce9b3-fb87-4b99-9cf7-6c7305d440e8"",""service"":""2f22293c-9116-4952-b24d-3937d322e2e1"",""deployment"":""704cae93-1883-49c0-86e2-2d8501274997"",""replica"":""d9785248-59d5-44a5-b319-189eccb33b49""}",2026-08-20T23:49:12.708161738Z
"    return ctx.invoke(self.callback, **ctx.params)",error,"{""level"":""error""}","{""project"":""586ae7c2-e5b4-48eb-a537-f49216717b2b"",""environment"":""497ce9b3-fb87-4b99-9cf7-6c7305d440e8"",""service"":""2f22293c-9116-4952-b24d-3937d322e2e1"",""deployment"":""704cae93-1883-49c0-86e2-2d8501274997"",""replica"":""d9785248-59d5-44a5-b319-189eccb33b49""}",2026-08-20T23:49:12.708166078Z
           ^^^^^^^^^^^^^^^^^^^^^^^^^^^^^^^^^^^^^^^,error,"{""level"":""error""}","{""project"":""586ae7c2-e5b4-48eb-a537-f49216717b2b"",""environment"":""497ce9b3-fb87-4b99-9cf7-6c7305d440e8"",""service"":""2f22293c-9116-4952-b24d-3937d322e2e1"",""deployment"":""704cae93-1883-49c0-86e2-2d8501274997"",""replica"":""d9785248-59d5-44a5-b319-189eccb33b49""}",2026-08-20T23:49:12.708169948Z
"  File ""/app/.venv/lib/python3.11/site-packages/click/core.py"", line 907, in invoke",error,"{""level"":""error""}","{""project"":""586ae7c2-e5b4-48eb-a537-f49216717b2b"",""environment"":""497ce9b3-fb87-4b99-9cf7-6c7305d440e8"",""service"":""2f22293c-9116-4952-b24d-3937d322e2e1"",""deployment"":""704cae93-1883-49c0-86e2-2d8501274997"",""replica"":""d9785248-59d5-44a5-b319-189eccb33b49""}",2026-08-20T23:49:12.708174058Z
"    return callback(*args, **kwargs)",error,"{""level"":""error""}","{""project"":""586ae7c2-e5b4-48eb-a537-f49216717b2b"",""environment"":""497ce9b3-fb87-4b99-9cf7-6c7305d440e8"",""service"":""2f22293c-9116-4952-b24d-3937d322e2e1"",""deployment"":""704cae93-1883-49c0-86e2-2d8501274997"",""replica"":""d9785248-59d5-44a5-b319-189eccb33b49""}",2026-08-20T23:49:12.708177998Z
           ^^^^^^^^^^^^^^^^^^^^^^^^^,error,"{""level"":""error""}","{""project"":""586ae7c2-e5b4-48eb-a537-f49216717b2b"",""environment"":""497ce9b3-fb87-4b99-9cf7-6c7305d440e8"",""service"":""2f22293c-9116-4952-b24d-3937d322e2e1"",""deployment"":""704cae93-1883-49c0-86e2-2d8501274997"",""replica"":""d9785248-59d5-44a5-b319-189eccb33b49""}",2026-08-20T23:49:12.708182117Z
"  File ""/app/.venv/lib/python3.11/site-packages/uvicorn/main.py"", line 440, in main",error,"{""level"":""error""}","{""project"":""586ae7c2-e5b4-48eb-a537-f49216717b2b"",""environment"":""497ce9b3-fb87-4b99-9cf7-6c7305d440e8"",""service"":""2f22293c-9116-4952-b24d-3937d322e2e1"",""deployment"":""704cae93-1883-49c0-86e2-2d8501274997"",""replica"":""d9785248-59d5-44a5-b319-189eccb33b49""}",2026-08-20T23:49:12.708423413Z
    run(,error,"{""level"":""error""}","{""project"":""586ae7c2-e5b4-48eb-a537-f49216717b2b"",""environment"":""497ce9b3-fb87-4b99-9cf7-6c7305d440e8"",""service"":""2f22293c-9116-4952-b24d-3937d322e2e1"",""deployment"":""704cae93-1883-49c0-86e2-2d8501274997"",""replica"":""d9785248-59d5-44a5-b319-189eccb33b49""}",2026-08-20T23:49:12.708438843Z
"  File ""/app/.venv/lib/python3.11/site-packages/uvicorn/main.py"", line 609, in run",error,"{""level"":""error""}","{""project"":""586ae7c2-e5b4-48eb-a537-f49216717b2b"",""environment"":""497ce9b3-fb87-4b99-9cf7-6c7305d440e8"",""service"":""2f22293c-9116-4952-b24d-3937d322e2e1"",""deployment"":""704cae93-1883-49c0-86e2-2d8501274997"",""replica"":""d9785248-59d5-44a5-b319-189eccb33b49""}",2026-08-20T23:49:12.708442673Z
    config.load_app(),error,"{""level"":""error""}","{""project"":""586ae7c2-e5b4-48eb-a537-f49216717b2b"",""environment"":""497ce9b3-fb87-4b99-9cf7-6c7305d440e8"",""service"":""2f22293c-9116-4952-b24d-3937d322e2e1"",""deployment"":""704cae93-1883-49c0-86e2-2d8501274997"",""replica"":""d9785248-59d5-44a5-b319-189eccb33b49""}",2026-08-20T23:49:12.708446662Z
"  File ""/app/.venv/lib/python3.11/site-packages/uvicorn/config.py"", line 428, in load_app",error,"{""level"":""error""}","{""project"":""586ae7c2-e5b4-48eb-a537-f49216717b2b"",""environment"":""497ce9b3-fb87-4b99-9cf7-6c7305d440e8"",""service"":""2f22293c-9116-4952-b24d-3937d322e2e1"",""deployment"":""704cae93-1883-49c0-86e2-2d8501274997"",""replica"":""d9785248-59d5-44a5-b319-189eccb33b49""}",2026-08-20T23:49:12.708450842Z
    return import_from_string(self.app),error,"{""level"":""error""}","{""project"":""586ae7c2-e5b4-48eb-a537-f49216717b2b"",""environment"":""497ce9b3-fb87-4b99-9cf7-6c7305d440e8"",""service"":""2f22293c-9116-4952-b24d-3937d322e2e1"",""deployment"":""704cae93-1883-49c0-86e2-2d8501274997"",""replica"":""d9785248-59d5-44a5-b319-189eccb33b49""}",2026-08-20T23:49:12.708454712Z
           ^^^^^^^^^^^^^^^^^^^^^^^^^^^^,error,"{""level"":""error""}","{""project"":""586ae7c2-e5b4-48eb-a537-f49216717b2b"",""environment"":""497ce9b3-fb87-4b99-9cf7-6c7305d440e8"",""service"":""2f22293c-9116-4952-b24d-3937d322e2e1"",""deployment"":""704cae93-1883-49c0-86e2-2d8501274997"",""replica"":""d9785248-59d5-44a5-b319-189eccb33b49""}",2026-08-20T23:49:12.708459982Z
"  File ""/app/.venv/lib/python3.11/site-packages/uvicorn/importer.py"", line 22, in import_from_string",error,"{""level"":""error""}","{""project"":""586ae7c2-e5b4-48eb-a537-f49216717b2b"",""environment"":""497ce9b3-fb87-4b99-9cf7-6c7305d440e8"",""service"":""2f22293c-9116-4952-b24d-3937d322e2e1"",""deployment"":""704cae93-1883-49c0-86e2-2d8501274997"",""replica"":""d9785248-59d5-44a5-b319-189eccb33b49""}",2026-08-20T23:49:12.708463802Z
    raise exc from None,error,"{""level"":""error""}","{""project"":""586ae7c2-e5b4-48eb-a537-f49216717b2b"",""environment"":""497ce9b3-fb87-4b99-9cf7-6c7305d440e8"",""service"":""2f22293c-9116-4952-b24d-3937d322e2e1"",""deployment"":""704cae93-1883-49c0-86e2-2d8501274997"",""replica"":""d9785248-59d5-44a5-b319-189eccb33b49""}",2026-08-20T23:49:12.708467172Z
"  File ""/app/.venv/lib/python3.11/site-packages/uvicorn/importer.py"", line 19, in import_from_string",error,"{""level"":""error""}","{""project"":""586ae7c2-e5b4-48eb-a537-f49216717b2b"",""environment"":""497ce9b3-fb87-4b99-9cf7-6c7305d440e8"",""service"":""2f22293c-9116-4952-b24d-3937d322e2e1"",""deployment"":""704cae93-1883-49c0-86e2-2d8501274997"",""replica"":""d9785248-59d5-44a5-b319-189eccb33b49""}",2026-08-20T23:49:12.708475682Z
    module = importlib.import_module(module_str),error,"{""level"":""error""}","{""project"":""586ae7c2-e5b4-48eb-a537-f49216717b2b"",""environment"":""497ce9b3-fb87-4b99-9cf7-6c7305d440e8"",""service"":""2f22293c-9116-4952-b24d-3937d322e2e1"",""deployment"":""704cae93-1883-49c0-86e2-2d8501274997"",""replica"":""d9785248-59d5-44a5-b319-189eccb33b49""}",2026-08-20T23:49:12.708479902Z
             ^^^^^^^^^^^^^^^^^^^^^^^^^^^^^^^^^^^,error,"{""level"":""error""}","{""project"":""586ae7c2-e5b4-48eb-a537-f49216717b2b"",""environment"":""497ce9b3-fb87-4b99-9cf7-6c7305d440e8"",""service"":""2f22293c-9116-4952-b24d-3937d322e2e1"",""deployment"":""704cae93-1883-49c0-86e2-2d8501274997"",""replica"":""d9785248-59d5-44a5-b319-189eccb33b49""}",2026-08-20T23:49:12.708484472Z
"  File ""/mise/installs/python/3.11.9/lib/python3.11/importlib/__init__.py"", line 126, in import_module",error,"{""level"":""error""}","{""project"":""586ae7c2-e5b4-48eb-a537-f49216717b2b"",""environment"":""497ce9b3-fb87-4b99-9cf7-6c7305d440e8"",""service"":""2f22293c-9116-4952-b24d-3937d322e2e1"",""deployment"":""704cae93-1883-49c0-86e2-2d8501274997"",""replica"":""d9785248-59d5-44a5-b319-189eccb33b49""}",2026-08-20T23:49:12.708489142Z
"    return _bootstrap._gcd_import(name[level:], package, level)",error,"{""level"":""error""}","{""project"":""586ae7c2-e5b4-48eb-a537-f49216717b2b"",""environment"":""497ce9b3-fb87-4b99-9cf7-6c7305d440e8"",""service"":""2f22293c-9116-4952-b24d-3937d322e2e1"",""deployment"":""704cae93-1883-49c0-86e2-2d8501274997"",""replica"":""d9785248-59d5-44a5-b319-189eccb33b49""}",2026-08-20T23:49:12.708493522Z
           ^^^^^^^^^^^^^^^^^^^^^^^^^^^^^^^^^^^^^^^^^^^^^^^^^^^^,error,"{""level"":""error""}","{""project"":""586ae7c2-e5b4-48eb-a537-f49216717b2b"",""environment"":""497ce9b3-fb87-4b99-9cf7-6c7305d440e8"",""service"":""2f22293c-9116-4952-b24d-3937d322e2e1"",""deployment"":""704cae93-1883-49c0-86e2-2d8501274997"",""replica"":""d9785248-59d5-44a5-b319-189eccb33b49""}",2026-08-20T23:49:12.708497632Z
"  File ""<frozen importlib._bootstrap>"", line 1204, in _gcd_import",error,"{""level"":""error""}","{""project"":""586ae7c2-e5b4-48eb-a537-f49216717b2b"",""environment"":""497ce9b3-fb87-4b99-9cf7-6c7305d440e8"",""service"":""2f22293c-9116-4952-b24d-3937d322e2e1"",""deployment"":""704cae93-1883-49c0-86e2-2d8501274997"",""replica"":""d9785248-59d5-44a5-b319-189eccb33b49""}",2026-08-20T23:49:12.708652699Z
"  File ""<frozen importlib._bootstrap>"", line 1176, in _find_and_load",error,"{""level"":""error""}","{""project"":""586ae7c2-e5b4-48eb-a537-f49216717b2b"",""environment"":""497ce9b3-fb87-4b99-9cf7-6c7305d440e8"",""service"":""2f22293c-9116-4952-b24d-3937d322e2e1"",""deployment"":""704cae93-1883-49c0-86e2-2d8501274997"",""replica"":""d9785248-59d5-44a5-b319-189eccb33b49""}",2026-08-20T23:49:12.708659399Z
"  File ""<frozen importlib._bootstrap>"", line 1147, in _find_and_load_unlocked",error,"{""level"":""error""}","{""project"":""586ae7c2-e5b4-48eb-a537-f49216717b2b"",""environment"":""497ce9b3-fb87-4b99-9cf7-6c7305d440e8"",""service"":""2f22293c-9116-4952-b24d-3937d322e2e1"",""deployment"":""704cae93-1883-49c0-86e2-2d8501274997"",""replica"":""d9785248-59d5-44a5-b319-189eccb33b49""}",2026-08-20T23:49:12.708664548Z
"  File ""<frozen importlib._bootstrap>"", line 690, in _load_unlocked",error,"{""level"":""error""}","{""project"":""586ae7c2-e5b4-48eb-a537-f49216717b2b"",""environment"":""497ce9b3-fb87-4b99-9cf7-6c7305d440e8"",""service"":""2f22293c-9116-4952-b24d-3937d322e2e1"",""deployment"":""704cae93-1883-49c0-86e2-2d8501274997"",""replica"":""d9785248-59d5-44a5-b319-189eccb33b49""}",2026-08-20T23:49:12.708668698Z
"  File ""<frozen importlib._bootstrap_external>"", line 940, in exec_module",error,"{""level"":""error""}","{""project"":""586ae7c2-e5b4-48eb-a537-f49216717b2b"",""environment"":""497ce9b3-fb87-4b99-9cf7-6c7305d440e8"",""service"":""2f22293c-9116-4952-b24d-3937d322e2e1"",""deployment"":""704cae93-1883-49c0-86e2-2d8501274997"",""replica"":""d9785248-59d5-44a5-b319-189eccb33b49""}",2026-08-20T23:49:12.708672648Z
"  File ""<frozen importlib._bootstrap>"", line 241, in _call_with_frames_removed",error,"{""level"":""error""}","{""project"":""586ae7c2-e5b4-48eb-a537-f49216717b2b"",""environment"":""497ce9b3-fb87-4b99-9cf7-6c7305d440e8"",""service"":""2f22293c-9116-4952-b24d-3937d322e2e1"",""deployment"":""704cae93-1883-49c0-86e2-2d8501274997"",""replica"":""d9785248-59d5-44a5-b319-189eccb33b49""}",2026-08-20T23:49:12.708676588Z
"  File ""/app/api/index.py"", line 7, in <module>",error,"{""level"":""error""}","{""project"":""586ae7c2-e5b4-48eb-a537-f49216717b2b"",""environment"":""497ce9b3-fb87-4b99-9cf7-6c7305d440e8"",""service"":""2f22293c-9116-4952-b24d-3937d322e2e1"",""deployment"":""704cae93-1883-49c0-86e2-2d8501274997"",""replica"":""d9785248-59d5-44a5-b319-189eccb33b49""}",2026-08-20T23:49:12.708680248Z
    from api.engines.news_engine import NewsEngine,error,"{""level"":""error""}","{""project"":""586ae7c2-e5b4-48eb-a537-f49216717b2b"",""environment"":""497ce9b3-fb87-4b99-9cf7-6c7305d440e8"",""service"":""2f22293c-9116-4952-b24d-3937d322e2e1"",""deployment"":""704cae93-1883-49c0-86e2-2d8501274997"",""replica"":""d9785248-59d5-44a5-b319-189eccb33b49""}",2026-08-20T23:49:12.708683978Z
"  File ""/app/api/engines/news_engine.py"", line 1, in <module>",error,"{""level"":""error""}","{""project"":""586ae7c2-e5b4-48eb-a537-f49216717b2b"",""environment"":""497ce9b3-fb87-4b99-9cf7-6c7305d440e8"",""service"":""2f22293c-9116-4952-b24d-3937d322e2e1"",""deployment"":""704cae93-1883-49c0-86e2-2d8501274997"",""replica"":""d9785248-59d5-44a5-b319-189eccb33b49""}",2026-08-20T23:49:12.708689718Z
    import httpx,error,"{""level"":""error""}","{""project"":""586ae7c2-e5b4-48eb-a537-f49216717b2b"",""environment"":""497ce9b3-fb87-4b99-9cf7-6c7305d440e8"",""service"":""2f22293c-9116-4952-b24d-3937d322e2e1"",""deployment"":""704cae93-1883-49c0-86e2-2d8501274997"",""replica"":""d9785248-59d5-44a5-b319-189eccb33b49""}",2026-08-20T23:49:12.708694248Z
ModuleNotFoundError: No module named 'httpx',error,"{""level"":""error""}","{""project"":""586ae7c2-e5b4-48eb-a537-f49216717b2b"",""environment"":""497ce9b3-fb87-4b99-9cf7-6c7305d440e8"",""service"":""2f22293c-9116-4952-b24d-3937d322e2e1"",""deployment"":""704cae93-1883-49c0-86e2-2d8501274997"",""replica"":""d9785248-59d5-44a5-b319-189eccb33b49""}",2026-08-20T23:49:12.708697998Z
Traceback (most recent call last):,error,"{""level"":""error""}","{""project"":""586ae7c2-e5b4-48eb-a537-f49216717b2b"",""environment"":""497ce9b3-fb87-4b99-9cf7-6c7305d440e8"",""service"":""2f22293c-9116-4952-b24d-3937d322e2e1"",""deployment"":""704cae93-1883-49c0-86e2-2d8501274997"",""replica"":""d9785248-59d5-44a5-b319-189eccb33b49""}",2026-08-20T23:49:14.253167190Z
"  File ""/app/.venv/bin/uvicorn"", line 8, in <module>",error,"{""level"":""error""}","{""project"":""586ae7c2-e5b4-48eb-a537-f49216717b2b"",""environment"":""497ce9b3-fb87-4b99-9cf7-6c7305d440e8"",""service"":""2f22293c-9116-4952-b24d-3937d322e2e1"",""deployment"":""704cae93-1883-49c0-86e2-2d8501274997"",""replica"":""d9785248-59d5-44a5-b319-189eccb33b49""}",2026-08-20T23:49:14.253170140Z
    sys.exit(main()),error,"{""level"":""error""}","{""project"":""586ae7c2-e5b4-48eb-a537-f49216717b2b"",""environment"":""497ce9b3-fb87-4b99-9cf7-6c7305d440e8"",""service"":""2f22293c-9116-4952-b24d-3937d322e2e1"",""deployment"":""704cae93-1883-49c0-86e2-2d8501274997"",""replica"":""d9785248-59d5-44a5-b319-189eccb33b49""}",2026-08-20T23:49:14.253172480Z
             ^^^^^^,error,"{""level"":""error""}","{""project"":""586ae7c2-e5b4-48eb-a537-f49216717b2b"",""environment"":""497ce9b3-fb87-4b99-9cf7-6c7305d440e8"",""service"":""2f22293c-9116-4952-b24d-3937d322e2e1"",""deployment"":""704cae93-1883-49c0-86e2-2d8501274997"",""replica"":""d9785248-59d5-44a5-b319-189eccb33b49""}",2026-08-20T23:49:14.253176330Z
"  File ""/app/.venv/lib/python3.11/site-packages/click/core.py"", line 1569, in __call__",error,"{""level"":""error""}","{""project"":""586ae7c2-e5b4-48eb-a537-f49216717b2b"",""environment"":""497ce9b3-fb87-4b99-9cf7-6c7305d440e8"",""service"":""2f22293c-9116-4952-b24d-3937d322e2e1"",""deployment"":""704cae93-1883-49c0-86e2-2d8501274997"",""replica"":""d9785248-59d5-44a5-b319-189eccb33b49""}",2026-08-20T23:49:14.253179140Z
"    return self.main(*args, **kwargs)",error,"{""level"":""error""}","{""project"":""586ae7c2-e5b4-48eb-a537-f49216717b2b"",""environment"":""497ce9b3-fb87-4b99-9cf7-6c7305d440e8"",""service"":""2f22293c-9116-4952-b24d-3937d322e2e1"",""deployment"":""704cae93-1883-49c0-86e2-2d8501274997"",""replica"":""d9785248-59d5-44a5-b319-189eccb33b49""}",2026-08-20T23:49:14.253181890Z
           ^^^^^^^^^^^^^^^^^^^^^^^^^^,error,"{""level"":""error""}","{""project"":""586ae7c2-e5b4-48eb-a537-f49216717b2b"",""environment"":""497ce9b3-fb87-4b99-9cf7-6c7305d440e8"",""service"":""2f22293c-9116-4952-b24d-3937d322e2e1"",""deployment"":""704cae93-1883-49c0-86e2-2d8501274997"",""replica"":""d9785248-59d5-44a5-b319-189eccb33b49""}",2026-08-20T23:49:14.253184930Z
"  File ""/app/.venv/lib/python3.11/site-packages/click/core.py"", line 1490, in main",error,"{""level"":""error""}","{""project"":""586ae7c2-e5b4-48eb-a537-f49216717b2b"",""environment"":""497ce9b3-fb87-4b99-9cf7-6c7305d440e8"",""service"":""2f22293c-9116-4952-b24d-3937d322e2e1"",""deployment"":""704cae93-1883-49c0-86e2-2d8501274997"",""replica"":""d9785248-59d5-44a5-b319-189eccb33b49""}",2026-08-20T23:49:14.253187860Z
    rv = self.invoke(ctx),error,"{""level"":""error""}","{""project"":""586ae7c2-e5b4-48eb-a537-f49216717b2b"",""environment"":""497ce9b3-fb87-4b99-9cf7-6c7305d440e8"",""service"":""2f22293c-9116-4952-b24d-3937d322e2e1"",""deployment"":""704cae93-1883-49c0-86e2-2d8501274997"",""replica"":""d9785248-59d5-44a5-b319-189eccb33b49""}",2026-08-20T23:49:14.253190499Z
         ^^^^^^^^^^^^^^^^,error,"{""level"":""error""}","{""project"":""586ae7c2-e5b4-48eb-a537-f49216717b2b"",""environment"":""497ce9b3-fb87-4b99-9cf7-6c7305d440e8"",""service"":""2f22293c-9116-4952-b24d-3937d322e2e1"",""deployment"":""704cae93-1883-49c0-86e2-2d8501274997"",""replica"":""d9785248-59d5-44a5-b319-189eccb33b49""}",2026-08-20T23:49:14.253192749Z
"  File ""/app/.venv/lib/python3.11/site-packages/click/core.py"", line 1353, in invoke",error,"{""level"":""error""}","{""project"":""586ae7c2-e5b4-48eb-a537-f49216717b2b"",""environment"":""497ce9b3-fb87-4b99-9cf7-6c7305d440e8"",""service"":""2f22293c-9116-4952-b24d-3937d322e2e1"",""deployment"":""704cae93-1883-49c0-86e2-2d8501274997"",""replica"":""d9785248-59d5-44a5-b319-189eccb33b49""}",2026-08-20T23:49:14.253195299Z
"    return ctx.invoke(self.callback, **ctx.params)",error,"{""level"":""error""}","{""project"":""586ae7c2-e5b4-48eb-a537-f49216717b2b"",""environment"":""497ce9b3-fb87-4b99-9cf7-6c7305d440e8"",""service"":""2f22293c-9116-4952-b24d-3937d322e2e1"",""deployment"":""704cae93-1883-49c0-86e2-2d8501274997"",""replica"":""d9785248-59d5-44a5-b319-189eccb33b49""}",2026-08-20T23:49:14.253197879Z
           ^^^^^^^^^^^^^^^^^^^^^^^^^^^^^^^^^^^^^^^,error,"{""level"":""error""}","{""project"":""586ae7c2-e5b4-48eb-a537-f49216717b2b"",""environment"":""497ce9b3-fb87-4b99-9cf7-6c7305d440e8"",""service"":""2f22293c-9116-4952-b24d-3937d322e2e1"",""deployment"":""704cae93-1883-49c0-86e2-2d8501274997"",""replica"":""d9785248-59d5-44a5-b319-189eccb33b49""}",2026-08-20T23:49:14.253200279Z
"  File ""/app/.venv/lib/python3.11/site-packages/click/core.py"", line 907, in invoke",error,"{""level"":""error""}","{""project"":""586ae7c2-e5b4-48eb-a537-f49216717b2b"",""environment"":""497ce9b3-fb87-4b99-9cf7-6c7305d440e8"",""service"":""2f22293c-9116-4952-b24d-3937d322e2e1"",""deployment"":""704cae93-1883-49c0-86e2-2d8501274997"",""replica"":""d9785248-59d5-44a5-b319-189eccb33b49""}",2026-08-20T23:49:14.253202809Z
"    return callback(*args, **kwargs)",error,"{""level"":""error""}","{""project"":""586ae7c2-e5b4-48eb-a537-f49216717b2b"",""environment"":""497ce9b3-fb87-4b99-9cf7-6c7305d440e8"",""service"":""2f22293c-9116-4952-b24d-3937d322e2e1"",""deployment"":""704cae93-1883-49c0-86e2-2d8501274997"",""replica"":""d9785248-59d5-44a5-b319-189eccb33b49""}",2026-08-20T23:49:14.253205999Z
           ^^^^^^^^^^^^^^^^^^^^^^^^^,error,"{""level"":""error""}","{""project"":""586ae7c2-e5b4-48eb-a537-f49216717b2b"",""environment"":""497ce9b3-fb87-4b99-9cf7-6c7305d440e8"",""service"":""2f22293c-9116-4952-b24d-3937d322e2e1"",""deployment"":""704cae93-1883-49c0-86e2-2d8501274997"",""replica"":""d9785248-59d5-44a5-b319-189eccb33b49""}",2026-08-20T23:49:14.254094063Z
"  File ""/app/.venv/lib/python3.11/site-packages/uvicorn/main.py"", line 440, in main",error,"{""level"":""error""}","{""project"":""586ae7c2-e5b4-48eb-a537-f49216717b2b"",""environment"":""497ce9b3-fb87-4b99-9cf7-6c7305d440e8"",""service"":""2f22293c-9116-4952-b24d-3937d322e2e1"",""deployment"":""704cae93-1883-49c0-86e2-2d8501274997"",""replica"":""d9785248-59d5-44a5-b319-189eccb33b49""}",2026-08-20T23:49:14.254099552Z
    run(,error,"{""level"":""error""}","{""project"":""586ae7c2-e5b4-48eb-a537-f49216717b2b"",""environment"":""497ce9b3-fb87-4b99-9cf7-6c7305d440e8"",""service"":""2f22293c-9116-4952-b24d-3937d322e2e1"",""deployment"":""704cae93-1883-49c0-86e2-2d8501274997"",""replica"":""d9785248-59d5-44a5-b319-189eccb33b49""}",2026-08-20T23:49:14.254102962Z
"  File ""/app/.venv/lib/python3.11/site-packages/uvicorn/main.py"", line 609, in run",error,"{""level"":""error""}","{""project"":""586ae7c2-e5b4-48eb-a537-f49216717b2b"",""environment"":""497ce9b3-fb87-4b99-9cf7-6c7305d440e8"",""service"":""2f22293c-9116-4952-b24d-3937d322e2e1"",""deployment"":""704cae93-1883-49c0-86e2-2d8501274997"",""replica"":""d9785248-59d5-44a5-b319-189eccb33b49""}",2026-08-20T23:49:14.254105652Z
    config.load_app(),error,"{""level"":""error""}","{""project"":""586ae7c2-e5b4-48eb-a537-f49216717b2b"",""environment"":""497ce9b3-fb87-4b99-9cf7-6c7305d440e8"",""service"":""2f22293c-9116-4952-b24d-3937d322e2e1"",""deployment"":""704cae93-1883-49c0-86e2-2d8501274997"",""replica"":""d9785248-59d5-44a5-b319-189eccb33b49""}",2026-08-20T23:49:14.254108812Z
"  File ""/app/.venv/lib/python3.11/site-packages/uvicorn/config.py"", line 428, in load_app",error,"{""level"":""error""}","{""project"":""586ae7c2-e5b4-48eb-a537-f49216717b2b"",""environment"":""497ce9b3-fb87-4b99-9cf7-6c7305d440e8"",""service"":""2f22293c-9116-4952-b24d-3937d322e2e1"",""deployment"":""704cae93-1883-49c0-86e2-2d8501274997"",""replica"":""d9785248-59d5-44a5-b319-189eccb33b49""}",2026-08-20T23:49:14.254111702Z
    return import_from_string(self.app),error,"{""level"":""error""}","{""project"":""586ae7c2-e5b4-48eb-a537-f49216717b2b"",""environment"":""497ce9b3-fb87-4b99-9cf7-6c7305d440e8"",""service"":""2f22293c-9116-4952-b24d-3937d322e2e1"",""deployment"":""704cae93-1883-49c0-86e2-2d8501274997"",""replica"":""d9785248-59d5-44a5-b319-189eccb33b49""}",2026-08-20T23:49:14.254114072Z
           ^^^^^^^^^^^^^^^^^^^^^^^^^^^^,error,"{""level"":""error""}","{""project"":""586ae7c2-e5b4-48eb-a537-f49216717b2b"",""environment"":""497ce9b3-fb87-4b99-9cf7-6c7305d440e8"",""service"":""2f22293c-9116-4952-b24d-3937d322e2e1"",""deployment"":""704cae93-1883-49c0-86e2-2d8501274997"",""replica"":""d9785248-59d5-44a5-b319-189eccb33b49""}",2026-08-20T23:49:14.254116332Z
"  File ""/app/.venv/lib/python3.11/site-packages/uvicorn/importer.py"", line 22, in import_from_string",error,"{""level"":""error""}","{""project"":""586ae7c2-e5b4-48eb-a537-f49216717b2b"",""environment"":""497ce9b3-fb87-4b99-9cf7-6c7305d440e8"",""service"":""2f22293c-9116-4952-b24d-3937d322e2e1"",""deployment"":""704cae93-1883-49c0-86e2-2d8501274997"",""replica"":""d9785248-59d5-44a5-b319-189eccb33b49""}",2026-08-20T23:49:14.254119412Z
    raise exc from None,error,"{""level"":""error""}","{""project"":""586ae7c2-e5b4-48eb-a537-f49216717b2b"",""environment"":""497ce9b3-fb87-4b99-9cf7-6c7305d440e8"",""service"":""2f22293c-9116-4952-b24d-3937d322e2e1"",""deployment"":""704cae93-1883-49c0-86e2-2d8501274997"",""replica"":""d9785248-59d5-44a5-b319-189eccb33b49""}",2026-08-20T23:49:14.254122262Z
"  File ""/app/.venv/lib/python3.11/site-packages/uvicorn/importer.py"", line 19, in import_from_string",error,"{""level"":""error""}","{""project"":""586ae7c2-e5b4-48eb-a537-f49216717b2b"",""environment"":""497ce9b3-fb87-4b99-9cf7-6c7305d440e8"",""service"":""2f22293c-9116-4952-b24d-3937d322e2e1"",""deployment"":""704cae93-1883-49c0-86e2-2d8501274997"",""replica"":""d9785248-59d5-44a5-b319-189eccb33b49""}",2026-08-20T23:49:14.254125622Z
    module = importlib.import_module(module_str),error,"{""level"":""error""}","{""project"":""586ae7c2-e5b4-48eb-a537-f49216717b2b"",""environment"":""497ce9b3-fb87-4b99-9cf7-6c7305d440e8"",""service"":""2f22293c-9116-4952-b24d-3937d322e2e1"",""deployment"":""704cae93-1883-49c0-86e2-2d8501274997"",""replica"":""d9785248-59d5-44a5-b319-189eccb33b49""}",2026-08-20T23:49:14.254128752Z
             ^^^^^^^^^^^^^^^^^^^^^^^^^^^^^^^^^^^,error,"{""level"":""error""}","{""project"":""586ae7c2-e5b4-48eb-a537-f49216717b2b"",""environment"":""497ce9b3-fb87-4b99-9cf7-6c7305d440e8"",""service"":""2f22293c-9116-4952-b24d-3937d322e2e1"",""deployment"":""704cae93-1883-49c0-86e2-2d8501274997"",""replica"":""d9785248-59d5-44a5-b319-189eccb33b49""}",2026-08-20T23:49:14.254131092Z
"  File ""/mise/installs/python/3.11.9/lib/python3.11/importlib/__init__.py"", line 126, in import_module",error,"{""level"":""error""}","{""project"":""586ae7c2-e5b4-48eb-a537-f49216717b2b"",""environment"":""497ce9b3-fb87-4b99-9cf7-6c7305d440e8"",""service"":""2f22293c-9116-4952-b24d-3937d322e2e1"",""deployment"":""704cae93-1883-49c0-86e2-2d8501274997"",""replica"":""d9785248-59d5-44a5-b319-189eccb33b49""}",2026-08-20T23:49:14.254133392Z
"    return _bootstrap._gcd_import(name[level:], package, level)",error,"{""level"":""error""}","{""project"":""586ae7c2-e5b4-48eb-a537-f49216717b2b"",""environment"":""497ce9b3-fb87-4b99-9cf7-6c7305d440e8"",""service"":""2f22293c-9116-4952-b24d-3937d322e2e1"",""deployment"":""704cae93-1883-49c0-86e2-2d8501274997"",""replica"":""d9785248-59d5-44a5-b319-189eccb33b49""}",2026-08-20T23:49:14.254135722Z
           ^^^^^^^^^^^^^^^^^^^^^^^^^^^^^^^^^^^^^^^^^^^^^^^^^^^^,error,"{""level"":""error""}","{""project"":""586ae7c2-e5b4-48eb-a537-f49216717b2b"",""environment"":""497ce9b3-fb87-4b99-9cf7-6c7305d440e8"",""service"":""2f22293c-9116-4952-b24d-3937d322e2e1"",""deployment"":""704cae93-1883-49c0-86e2-2d8501274997"",""replica"":""d9785248-59d5-44a5-b319-189eccb33b49""}",2026-08-20T23:49:14.254137982Z
"  File ""<frozen importlib._bootstrap>"", line 1204, in _gcd_import",error,"{""level"":""error""}","{""project"":""586ae7c2-e5b4-48eb-a537-f49216717b2b"",""environment"":""497ce9b3-fb87-4b99-9cf7-6c7305d440e8"",""service"":""2f22293c-9116-4952-b24d-3937d322e2e1"",""deployment"":""704cae93-1883-49c0-86e2-2d8501274997"",""replica"":""d9785248-59d5-44a5-b319-189eccb33b49""}",2026-08-20T23:49:14.254140552Z
"  File ""<frozen importlib._bootstrap>"", line 1176, in _find_and_load",error,"{""level"":""error""}","{""project"":""586ae7c2-e5b4-48eb-a537-f49216717b2b"",""environment"":""497ce9b3-fb87-4b99-9cf7-6c7305d440e8"",""service"":""2f22293c-9116-4952-b24d-3937d322e2e1"",""deployment"":""704cae93-1883-49c0-86e2-2d8501274997"",""replica"":""d9785248-59d5-44a5-b319-189eccb33b49""}",2026-08-20T23:49:14.254142942Z
"  File ""<frozen importlib._bootstrap>"", line 1147, in _find_and_load_unlocked",error,"{""level"":""error""}","{""project"":""586ae7c2-e5b4-48eb-a537-f49216717b2b"",""environment"":""497ce9b3-fb87-4b99-9cf7-6c7305d440e8"",""service"":""2f22293c-9116-4952-b24d-3937d322e2e1"",""deployment"":""704cae93-1883-49c0-86e2-2d8501274997"",""replica"":""d9785248-59d5-44a5-b319-189eccb33b49""}",2026-08-20T23:49:14.254145402Z
"  File ""<frozen importlib._bootstrap>"", line 690, in _load_unlocked",error,"{""level"":""error""}","{""project"":""586ae7c2-e5b4-48eb-a537-f49216717b2b"",""environment"":""497ce9b3-fb87-4b99-9cf7-6c7305d440e8"",""service"":""2f22293c-9116-4952-b24d-3937d322e2e1"",""deployment"":""704cae93-1883-49c0-86e2-2d8501274997"",""replica"":""d9785248-59d5-44a5-b319-189eccb33b49""}",2026-08-20T23:49:14.254148002Z
"  File ""<frozen importlib._bootstrap_external>"", line 940, in exec_module",error,"{""level"":""error""}","{""project"":""586ae7c2-e5b4-48eb-a537-f49216717b2b"",""environment"":""497ce9b3-fb87-4b99-9cf7-6c7305d440e8"",""service"":""2f22293c-9116-4952-b24d-3937d322e2e1"",""deployment"":""704cae93-1883-49c0-86e2-2d8501274997"",""replica"":""d9785248-59d5-44a5-b319-189eccb33b49""}",2026-08-20T23:49:14.254150802Z
"  File ""<frozen importlib._bootstrap>"", line 241, in _call_with_frames_removed",error,"{""level"":""error""}","{""project"":""586ae7c2-e5b4-48eb-a537-f49216717b2b"",""environment"":""497ce9b3-fb87-4b99-9cf7-6c7305d440e8"",""service"":""2f22293c-9116-4952-b24d-3937d322e2e1"",""deployment"":""704cae93-1883-49c0-86e2-2d8501274997"",""replica"":""d9785248-59d5-44a5-b319-189eccb33b49""}",2026-08-20T23:49:14.254153211Z
"  File ""/app/api/index.py"", line 7, in <module>",error,"{""level"":""error""}","{""project"":""586ae7c2-e5b4-48eb-a537-f49216717b2b"",""environment"":""497ce9b3-fb87-4b99-9cf7-6c7305d440e8"",""service"":""2f22293c-9116-4952-b24d-3937d322e2e1"",""deployment"":""704cae93-1883-49c0-86e2-2d8501274997"",""replica"":""d9785248-59d5-44a5-b319-189eccb33b49""}",2026-08-20T23:49:14.254156231Z
    from api.engines.news_engine import NewsEngine,error,"{""level"":""error""}","{""project"":""586ae7c2-e5b4-48eb-a537-f49216717b2b"",""environment"":""497ce9b3-fb87-4b99-9cf7-6c7305d440e8"",""service"":""2f22293c-9116-4952-b24d-3937d322e2e1"",""deployment"":""704cae93-1883-49c0-86e2-2d8501274997"",""replica"":""d9785248-59d5-44a5-b319-189eccb33b49""}",2026-08-20T23:49:14.254158761Z
"  File ""/app/api/engines/news_engine.py"", line 1, in <module>",error,"{""level"":""error""}","{""project"":""586ae7c2-e5b4-48eb-a537-f49216717b2b"",""environment"":""497ce9b3-fb87-4b99-9cf7-6c7305d440e8"",""service"":""2f22293c-9116-4952-b24d-3937d322e2e1"",""deployment"":""704cae93-1883-49c0-86e2-2d8501274997"",""replica"":""d9785248-59d5-44a5-b319-189eccb33b49""}",2026-08-20T23:49:14.254161181Z
    import httpx,error,"{""level"":""error""}","{""project"":""586ae7c2-e5b4-48eb-a537-f49216717b2b"",""environment"":""497ce9b3-fb87-4b99-9cf7-6c7305d440e8"",""service"":""2f22293c-9116-4952-b24d-3937d322e2e1"",""deployment"":""704cae93-1883-49c0-86e2-2d8501274997"",""replica"":""d9785248-59d5-44a5-b319-189eccb33b49""}",2026-08-20T23:49:14.254163781Z
ModuleNotFoundError: No module named 'httpx',error,"{""level"":""error""}","{""project"":""586ae7c2-e5b4-48eb-a537-f49216717b2b"",""environment"":""497ce9b3-fb87-4b99-9cf7-6c7305d440e8"",""service"":""2f22293c-9116-4952-b24d-3937d322e2e1"",""deployment"":""704cae93-1883-49c0-86e2-2d8501274997"",""replica"":""d9785248-59d5-44a5-b319-189eccb33b49""}",2026-08-20T23:49:14.254166141Z
Traceback (most recent call last):,error,"{""level"":""error""}","{""project"":""586ae7c2-e5b4-48eb-a537-f49216717b2b"",""environment"":""497ce9b3-fb87-4b99-9cf7-6c7305d440e8"",""service"":""2f22293c-9116-4952-b24d-3937d322e2e1"",""deployment"":""704cae93-1883-49c0-86e2-2d8501274997"",""replica"":""d9785248-59d5-44a5-b319-189eccb33b49""}",2026-08-20T23:49:16.871972100Z
"  File ""/app/.venv/bin/uvicorn"", line 8, in <module>",error,"{""level"":""error""}","{""project"":""586ae7c2-e5b4-48eb-a537-f49216717b2b"",""environment"":""497ce9b3-fb87-4b99-9cf7-6c7305d440e8"",""service"":""2f22293c-9116-4952-b24d-3937d322e2e1"",""deployment"":""704cae93-1883-49c0-86e2-2d8501274997"",""replica"":""d9785248-59d5-44a5-b319-189eccb33b49""}",2026-08-20T23:49:16.871980950Z
    sys.exit(main()),error,"{""level"":""error""}","{""project"":""586ae7c2-e5b4-48eb-a537-f49216717b2b"",""environment"":""497ce9b3-fb87-4b99-9cf7-6c7305d440e8"",""service"":""2f22293c-9116-4952-b24d-3937d322e2e1"",""deployment"":""704cae93-1883-49c0-86e2-2d8501274997"",""replica"":""d9785248-59d5-44a5-b319-189eccb33b49""}",2026-08-20T23:49:16.871984960Z
             ^^^^^^,error,"{""level"":""error""}","{""project"":""586ae7c2-e5b4-48eb-a537-f49216717b2b"",""environment"":""497ce9b3-fb87-4b99-9cf7-6c7305d440e8"",""service"":""2f22293c-9116-4952-b24d-3937d322e2e1"",""deployment"":""704cae93-1883-49c0-86e2-2d8501274997"",""replica"":""d9785248-59d5-44a5-b319-189eccb33b49""}",2026-08-20T23:49:16.871988470Z
"  File ""/app/.venv/lib/python3.11/site-packages/click/core.py"", line 1569, in __call__",error,"{""level"":""error""}","{""project"":""586ae7c2-e5b4-48eb-a537-f49216717b2b"",""environment"":""497ce9b3-fb87-4b99-9cf7-6c7305d440e8"",""service"":""2f22293c-9116-4952-b24d-3937d322e2e1"",""deployment"":""704cae93-1883-49c0-86e2-2d8501274997"",""replica"":""d9785248-59d5-44a5-b319-189eccb33b49""}",2026-08-20T23:49:16.871993320Z
"    return self.main(*args, **kwargs)",error,"{""level"":""error""}","{""project"":""586ae7c2-e5b4-48eb-a537-f49216717b2b"",""environment"":""497ce9b3-fb87-4b99-9cf7-6c7305d440e8"",""service"":""2f22293c-9116-4952-b24d-3937d322e2e1"",""deployment"":""704cae93-1883-49c0-86e2-2d8501274997"",""replica"":""d9785248-59d5-44a5-b319-189eccb33b49""}",2026-08-20T23:49:16.871996799Z
           ^^^^^^^^^^^^^^^^^^^^^^^^^^,error,"{""level"":""error""}","{""project"":""586ae7c2-e5b4-48eb-a537-f49216717b2b"",""environment"":""497ce9b3-fb87-4b99-9cf7-6c7305d440e8"",""service"":""2f22293c-9116-4952-b24d-3937d322e2e1"",""deployment"":""704cae93-1883-49c0-86e2-2d8501274997"",""replica"":""d9785248-59d5-44a5-b319-189eccb33b49""}",2026-08-20T23:49:16.871999509Z
"  File ""/app/.venv/lib/python3.11/site-packages/click/core.py"", line 1490, in main",error,"{""level"":""error""}","{""project"":""586ae7c2-e5b4-48eb-a537-f49216717b2b"",""environment"":""497ce9b3-fb87-4b99-9cf7-6c7305d440e8"",""service"":""2f22293c-9116-4952-b24d-3937d322e2e1"",""deployment"":""704cae93-1883-49c0-86e2-2d8501274997"",""replica"":""d9785248-59d5-44a5-b319-189eccb33b49""}",2026-08-20T23:49:16.872002439Z
    rv = self.invoke(ctx),error,"{""level"":""error""}","{""project"":""586ae7c2-e5b4-48eb-a537-f49216717b2b"",""environment"":""497ce9b3-fb87-4b99-9cf7-6c7305d440e8"",""service"":""2f22293c-9116-4952-b24d-3937d322e2e1"",""deployment"":""704cae93-1883-49c0-86e2-2d8501274997"",""replica"":""d9785248-59d5-44a5-b319-189eccb33b49""}",2026-08-20T23:49:16.872005969Z
         ^^^^^^^^^^^^^^^^,error,"{""level"":""error""}","{""project"":""586ae7c2-e5b4-48eb-a537-f49216717b2b"",""environment"":""497ce9b3-fb87-4b99-9cf7-6c7305d440e8"",""service"":""2f22293c-9116-4952-b24d-3937d322e2e1"",""deployment"":""704cae93-1883-49c0-86e2-2d8501274997"",""replica"":""d9785248-59d5-44a5-b319-189eccb33b49""}",2026-08-20T23:49:16.872009139Z
"  File ""/app/.venv/lib/python3.11/site-packages/click/core.py"", line 1353, in invoke",error,"{""level"":""error""}","{""project"":""586ae7c2-e5b4-48eb-a537-f49216717b2b"",""environment"":""497ce9b3-fb87-4b99-9cf7-6c7305d440e8"",""service"":""2f22293c-9116-4952-b24d-3937d322e2e1"",""deployment"":""704cae93-1883-49c0-86e2-2d8501274997"",""replica"":""d9785248-59d5-44a5-b319-189eccb33b49""}",2026-08-20T23:49:16.872012619Z
"    return ctx.invoke(self.callback, **ctx.params)",error,"{""level"":""error""}","{""project"":""586ae7c2-e5b4-48eb-a537-f49216717b2b"",""environment"":""497ce9b3-fb87-4b99-9cf7-6c7305d440e8"",""service"":""2f22293c-9116-4952-b24d-3937d322e2e1"",""deployment"":""704cae93-1883-49c0-86e2-2d8501274997"",""replica"":""d9785248-59d5-44a5-b319-189eccb33b49""}",2026-08-20T23:49:16.872015479Z
           ^^^^^^^^^^^^^^^^^^^^^^^^^^^^^^^^^^^^^^^,error,"{""level"":""error""}","{""project"":""586ae7c2-e5b4-48eb-a537-f49216717b2b"",""environment"":""497ce9b3-fb87-4b99-9cf7-6c7305d440e8"",""service"":""2f22293c-9116-4952-b24d-3937d322e2e1"",""deployment"":""704cae93-1883-49c0-86e2-2d8501274997"",""replica"":""d9785248-59d5-44a5-b319-189eccb33b49""}",2026-08-20T23:49:16.872018609Z
"  File ""/app/.venv/lib/python3.11/site-packages/click/core.py"", line 907, in invoke",error,"{""level"":""error""}","{""project"":""586ae7c2-e5b4-48eb-a537-f49216717b2b"",""environment"":""497ce9b3-fb87-4b99-9cf7-6c7305d440e8"",""service"":""2f22293c-9116-4952-b24d-3937d322e2e1"",""deployment"":""704cae93-1883-49c0-86e2-2d8501274997"",""replica"":""d9785248-59d5-44a5-b319-189eccb33b49""}",2026-08-20T23:49:16.872023239Z
"    return callback(*args, **kwargs)",error,"{""level"":""error""}","{""project"":""586ae7c2-e5b4-48eb-a537-f49216717b2b"",""environment"":""497ce9b3-fb87-4b99-9cf7-6c7305d440e8"",""service"":""2f22293c-9116-4952-b24d-3937d322e2e1"",""deployment"":""704cae93-1883-49c0-86e2-2d8501274997"",""replica"":""d9785248-59d5-44a5-b319-189eccb33b49""}",2026-08-20T23:49:16.872026039Z
           ^^^^^^^^^^^^^^^^^^^^^^^^^,error,"{""level"":""error""}","{""project"":""586ae7c2-e5b4-48eb-a537-f49216717b2b"",""environment"":""497ce9b3-fb87-4b99-9cf7-6c7305d440e8"",""service"":""2f22293c-9116-4952-b24d-3937d322e2e1"",""deployment"":""704cae93-1883-49c0-86e2-2d8501274997"",""replica"":""d9785248-59d5-44a5-b319-189eccb33b49""}",2026-08-20T23:49:16.872029599Z
"  File ""/app/.venv/lib/python3.11/site-packages/uvicorn/main.py"", line 440, in main",error,"{""level"":""error""}","{""project"":""586ae7c2-e5b4-48eb-a537-f49216717b2b"",""environment"":""497ce9b3-fb87-4b99-9cf7-6c7305d440e8"",""service"":""2f22293c-9116-4952-b24d-3937d322e2e1"",""deployment"":""704cae93-1883-49c0-86e2-2d8501274997"",""replica"":""d9785248-59d5-44a5-b319-189eccb33b49""}",2026-08-20T23:49:16.872032189Z
    run(,error,"{""level"":""error""}","{""project"":""586ae7c2-e5b4-48eb-a537-f49216717b2b"",""environment"":""497ce9b3-fb87-4b99-9cf7-6c7305d440e8"",""service"":""2f22293c-9116-4952-b24d-3937d322e2e1"",""deployment"":""704cae93-1883-49c0-86e2-2d8501274997"",""replica"":""d9785248-59d5-44a5-b319-189eccb33b49""}",2026-08-20T23:49:16.872035509Z
"  File ""/app/.venv/lib/python3.11/site-packages/uvicorn/main.py"", line 609, in run",error,"{""level"":""error""}","{""project"":""586ae7c2-e5b4-48eb-a537-f49216717b2b"",""environment"":""497ce9b3-fb87-4b99-9cf7-6c7305d440e8"",""service"":""2f22293c-9116-4952-b24d-3937d322e2e1"",""deployment"":""704cae93-1883-49c0-86e2-2d8501274997"",""replica"":""d9785248-59d5-44a5-b319-189eccb33b49""}",2026-08-20T23:49:16.872038249Z
    config.load_app(),error,"{""level"":""error""}","{""project"":""586ae7c2-e5b4-48eb-a537-f49216717b2b"",""environment"":""497ce9b3-fb87-4b99-9cf7-6c7305d440e8"",""service"":""2f22293c-9116-4952-b24d-3937d322e2e1"",""deployment"":""704cae93-1883-49c0-86e2-2d8501274997"",""replica"":""d9785248-59d5-44a5-b319-189eccb33b49""}",2026-08-20T23:49:16.872040939Z
"  File ""/app/.venv/lib/python3.11/site-packages/uvicorn/config.py"", line 428, in load_app",error,"{""level"":""error""}","{""project"":""586ae7c2-e5b4-48eb-a537-f49216717b2b"",""environment"":""497ce9b3-fb87-4b99-9cf7-6c7305d440e8"",""service"":""2f22293c-9116-4952-b24d-3937d322e2e1"",""deployment"":""704cae93-1883-49c0-86e2-2d8501274997"",""replica"":""d9785248-59d5-44a5-b319-189eccb33b49""}",2026-08-20T23:49:16.872044039Z
    return import_from_string(self.app),error,"{""level"":""error""}","{""project"":""586ae7c2-e5b4-48eb-a537-f49216717b2b"",""environment"":""497ce9b3-fb87-4b99-9cf7-6c7305d440e8"",""service"":""2f22293c-9116-4952-b24d-3937d322e2e1"",""deployment"":""704cae93-1883-49c0-86e2-2d8501274997"",""replica"":""d9785248-59d5-44a5-b319-189eccb33b49""}",2026-08-20T23:49:16.872047618Z
           ^^^^^^^^^^^^^^^^^^^^^^^^^^^^,error,"{""level"":""error""}","{""project"":""586ae7c2-e5b4-48eb-a537-f49216717b2b"",""environment"":""497ce9b3-fb87-4b99-9cf7-6c7305d440e8"",""service"":""2f22293c-9116-4952-b24d-3937d322e2e1"",""deployment"":""704cae93-1883-49c0-86e2-2d8501274997"",""replica"":""d9785248-59d5-44a5-b319-189eccb33b49""}",2026-08-20T23:49:16.872326533Z
"  File ""/app/.venv/lib/python3.11/site-packages/uvicorn/importer.py"", line 22, in import_from_string",error,"{""level"":""error""}","{""project"":""586ae7c2-e5b4-48eb-a537-f49216717b2b"",""environment"":""497ce9b3-fb87-4b99-9cf7-6c7305d440e8"",""service"":""2f22293c-9116-4952-b24d-3937d322e2e1"",""deployment"":""704cae93-1883-49c0-86e2-2d8501274997"",""replica"":""d9785248-59d5-44a5-b319-189eccb33b49""}",2026-08-20T23:49:16.872337733Z
    raise exc from None,error,"{""level"":""error""}","{""project"":""586ae7c2-e5b4-48eb-a537-f49216717b2b"",""environment"":""497ce9b3-fb87-4b99-9cf7-6c7305d440e8"",""service"":""2f22293c-9116-4952-b24d-3937d322e2e1"",""deployment"":""704cae93-1883-49c0-86e2-2d8501274997"",""replica"":""d9785248-59d5-44a5-b319-189eccb33b49""}",2026-08-20T23:49:16.872342293Z
"  File ""/app/.venv/lib/python3.11/site-packages/uvicorn/importer.py"", line 19, in import_from_string",error,"{""level"":""error""}","{""project"":""586ae7c2-e5b4-48eb-a537-f49216717b2b"",""environment"":""497ce9b3-fb87-4b99-9cf7-6c7305d440e8"",""service"":""2f22293c-9116-4952-b24d-3937d322e2e1"",""deployment"":""704cae93-1883-49c0-86e2-2d8501274997"",""replica"":""d9785248-59d5-44a5-b319-189eccb33b49""}",2026-08-20T23:49:16.872345713Z
    module = importlib.import_module(module_str),error,"{""level"":""error""}","{""project"":""586ae7c2-e5b4-48eb-a537-f49216717b2b"",""environment"":""497ce9b3-fb87-4b99-9cf7-6c7305d440e8"",""service"":""2f22293c-9116-4952-b24d-3937d322e2e1"",""deployment"":""704cae93-1883-49c0-86e2-2d8501274997"",""replica"":""d9785248-59d5-44a5-b319-189eccb33b49""}",2026-08-20T23:49:16.872348993Z
             ^^^^^^^^^^^^^^^^^^^^^^^^^^^^^^^^^^^,error,"{""level"":""error""}","{""project"":""586ae7c2-e5b4-48eb-a537-f49216717b2b"",""environment"":""497ce9b3-fb87-4b99-9cf7-6c7305d440e8"",""service"":""2f22293c-9116-4952-b24d-3937d322e2e1"",""deployment"":""704cae93-1883-49c0-86e2-2d8501274997"",""replica"":""d9785248-59d5-44a5-b319-189eccb33b49""}",2026-08-20T23:49:16.872353023Z
"  File ""/mise/installs/python/3.11.9/lib/python3.11/importlib/__init__.py"", line 126, in import_module",error,"{""level"":""error""}","{""project"":""586ae7c2-e5b4-48eb-a537-f49216717b2b"",""environment"":""497ce9b3-fb87-4b99-9cf7-6c7305d440e8"",""service"":""2f22293c-9116-4952-b24d-3937d322e2e1"",""deployment"":""704cae93-1883-49c0-86e2-2d8501274997"",""replica"":""d9785248-59d5-44a5-b319-189eccb33b49""}",2026-08-20T23:49:16.872356113Z
"    return _bootstrap._gcd_import(name[level:], package, level)",error,"{""level"":""error""}","{""project"":""586ae7c2-e5b4-48eb-a537-f49216717b2b"",""environment"":""497ce9b3-fb87-4b99-9cf7-6c7305d440e8"",""service"":""2f22293c-9116-4952-b24d-3937d322e2e1"",""deployment"":""704cae93-1883-49c0-86e2-2d8501274997"",""replica"":""d9785248-59d5-44a5-b319-189eccb33b49""}",2026-08-20T23:49:16.872359183Z
           ^^^^^^^^^^^^^^^^^^^^^^^^^^^^^^^^^^^^^^^^^^^^^^^^^^^^,error,"{""level"":""error""}","{""project"":""586ae7c2-e5b4-48eb-a537-f49216717b2b"",""environment"":""497ce9b3-fb87-4b99-9cf7-6c7305d440e8"",""service"":""2f22293c-9116-4952-b24d-3937d322e2e1"",""deployment"":""704cae93-1883-49c0-86e2-2d8501274997"",""replica"":""d9785248-59d5-44a5-b319-189eccb33b49""}",2026-08-20T23:49:16.872363913Z
"  File ""<frozen importlib._bootstrap>"", line 1204, in _gcd_import",error,"{""level"":""error""}","{""project"":""586ae7c2-e5b4-48eb-a537-f49216717b2b"",""environment"":""497ce9b3-fb87-4b99-9cf7-6c7305d440e8"",""service"":""2f22293c-9116-4952-b24d-3937d322e2e1"",""deployment"":""704cae93-1883-49c0-86e2-2d8501274997"",""replica"":""d9785248-59d5-44a5-b319-189eccb33b49""}",2026-08-20T23:49:16.872367033Z
"  File ""<frozen importlib._bootstrap>"", line 1176, in _find_and_load",error,"{""level"":""error""}","{""project"":""586ae7c2-e5b4-48eb-a537-f49216717b2b"",""environment"":""497ce9b3-fb87-4b99-9cf7-6c7305d440e8"",""service"":""2f22293c-9116-4952-b24d-3937d322e2e1"",""deployment"":""704cae93-1883-49c0-86e2-2d8501274997"",""replica"":""d9785248-59d5-44a5-b319-189eccb33b49""}",2026-08-20T23:49:16.872370052Z
"  File ""<frozen importlib._bootstrap>"", line 1147, in _find_and_load_unlocked",error,"{""level"":""error""}","{""project"":""586ae7c2-e5b4-48eb-a537-f49216717b2b"",""environment"":""497ce9b3-fb87-4b99-9cf7-6c7305d440e8"",""service"":""2f22293c-9116-4952-b24d-3937d322e2e1"",""deployment"":""704cae93-1883-49c0-86e2-2d8501274997"",""replica"":""d9785248-59d5-44a5-b319-189eccb33b49""}",2026-08-20T23:49:16.872373082Z
"  File ""<frozen importlib._bootstrap>"", line 690, in _load_unlocked",error,"{""level"":""error""}","{""project"":""586ae7c2-e5b4-48eb-a537-f49216717b2b"",""environment"":""497ce9b3-fb87-4b99-9cf7-6c7305d440e8"",""service"":""2f22293c-9116-4952-b24d-3937d322e2e1"",""deployment"":""704cae93-1883-49c0-86e2-2d8501274997"",""replica"":""d9785248-59d5-44a5-b319-189eccb33b49""}",2026-08-20T23:49:16.872377632Z
"  File ""<frozen importlib._bootstrap_external>"", line 940, in exec_module",error,"{""level"":""error""}","{""project"":""586ae7c2-e5b4-48eb-a537-f49216717b2b"",""environment"":""497ce9b3-fb87-4b99-9cf7-6c7305d440e8"",""service"":""2f22293c-9116-4952-b24d-3937d322e2e1"",""deployment"":""704cae93-1883-49c0-86e2-2d8501274997"",""replica"":""d9785248-59d5-44a5-b319-189eccb33b49""}",2026-08-20T23:49:16.872380812Z
"  File ""<frozen importlib._bootstrap>"", line 241, in _call_with_frames_removed",error,"{""level"":""error""}","{""project"":""586ae7c2-e5b4-48eb-a537-f49216717b2b"",""environment"":""497ce9b3-fb87-4b99-9cf7-6c7305d440e8"",""service"":""2f22293c-9116-4952-b24d-3937d322e2e1"",""deployment"":""704cae93-1883-49c0-86e2-2d8501274997"",""replica"":""d9785248-59d5-44a5-b319-189eccb33b49""}",2026-08-20T23:49:16.872384332Z
"  File ""/app/api/index.py"", line 7, in <module>",error,"{""level"":""error""}","{""project"":""586ae7c2-e5b4-48eb-a537-f49216717b2b"",""environment"":""497ce9b3-fb87-4b99-9cf7-6c7305d440e8"",""service"":""2f22293c-9116-4952-b24d-3937d322e2e1"",""deployment"":""704cae93-1883-49c0-86e2-2d8501274997"",""replica"":""d9785248-59d5-44a5-b319-189eccb33b49""}",2026-08-20T23:49:16.872387222Z
    from api.engines.news_engine import NewsEngine,error,"{""level"":""error""}","{""project"":""586ae7c2-e5b4-48eb-a537-f49216717b2b"",""environment"":""497ce9b3-fb87-4b99-9cf7-6c7305d440e8"",""service"":""2f22293c-9116-4952-b24d-3937d322e2e1"",""deployment"":""704cae93-1883-49c0-86e2-2d8501274997"",""replica"":""d9785248-59d5-44a5-b319-189eccb33b49""}",2026-08-20T23:49:16.872390162Z
"  File ""/app/api/engines/news_engine.py"", line 1, in <module>",error,"{""level"":""error""}","{""project"":""586ae7c2-e5b4-48eb-a537-f49216717b2b"",""environment"":""497ce9b3-fb87-4b99-9cf7-6c7305d440e8"",""service"":""2f22293c-9116-4952-b24d-3937d322e2e1"",""deployment"":""704cae93-1883-49c0-86e2-2d8501274997"",""replica"":""d9785248-59d5-44a5-b319-189eccb33b49""}",2026-08-20T23:49:16.872393502Z
    import httpx,error,"{""level"":""error""}","{""project"":""586ae7c2-e5b4-48eb-a537-f49216717b2b"",""environment"":""497ce9b3-fb87-4b99-9cf7-6c7305d440e8"",""service"":""2f22293c-9116-4952-b24d-3937d322e2e1"",""deployment"":""704cae93-1883-49c0-86e2-2d8501274997"",""replica"":""d9785248-59d5-44a5-b319-189eccb33b49""}",2026-08-20T23:49:16.872396402Z
ModuleNotFoundError: No module named 'httpx',error,"{""level"":""error""}","{""project"":""586ae7c2-e5b4-48eb-a537-f49216717b2b"",""environment"":""497ce9b3-fb87-4b99-9cf7-6c7305d440e8"",""service"":""2f22293c-9116-4952-b24d-3937d322e2e1"",""deployment"":""704cae93-1883-49c0-86e2-2d8501274997"",""replica"":""d9785248-59d5-44a5-b319-189eccb33b49""}",2026-08-20T23:49:16.872399492Z
           ^^^^^^^^^^^^^^^^^^^^^^^^^^^^^^^^^^^^^^^^^^^^^^^^^^^^,error,"{""level"":""error""}","{""project"":""586ae7c2-e5b4-48eb-a537-f49216717b2b"",""environment"":""497ce9b3-fb87-4b99-9cf7-6c7305d440e8"",""service"":""2f22293c-9116-4952-b24d-3937d322e2e1"",""deployment"":""704cae93-1883-49c0-86e2-2d8501274997"",""replica"":""d9785248-59d5-44a5-b319-189eccb33b49""}",2026-08-20T23:49:19.090602262Z
"  File ""<frozen importlib._bootstrap>"", line 1204, in _gcd_import",error,"{""level"":""error""}","{""project"":""586ae7c2-e5b4-48eb-a537-f49216717b2b"",""environment"":""497ce9b3-fb87-4b99-9cf7-6c7305d440e8"",""service"":""2f22293c-9116-4952-b24d-3937d322e2e1"",""deployment"":""704cae93-1883-49c0-86e2-2d8501274997"",""replica"":""d9785248-59d5-44a5-b319-189eccb33b49""}",2026-08-20T23:49:19.090614932Z
"  File ""<frozen importlib._bootstrap>"", line 1176, in _find_and_load",error,"{""level"":""error""}","{""project"":""586ae7c2-e5b4-48eb-a537-f49216717b2b"",""environment"":""497ce9b3-fb87-4b99-9cf7-6c7305d440e8"",""service"":""2f22293c-9116-4952-b24d-3937d322e2e1"",""deployment"":""704cae93-1883-49c0-86e2-2d8501274997"",""replica"":""d9785248-59d5-44a5-b319-189eccb33b49""}",2026-08-20T23:49:19.090620852Z
"  File ""<frozen importlib._bootstrap>"", line 1147, in _find_and_load_unlocked",error,"{""level"":""error""}","{""project"":""586ae7c2-e5b4-48eb-a537-f49216717b2b"",""environment"":""497ce9b3-fb87-4b99-9cf7-6c7305d440e8"",""service"":""2f22293c-9116-4952-b24d-3937d322e2e1"",""deployment"":""704cae93-1883-49c0-86e2-2d8501274997"",""replica"":""d9785248-59d5-44a5-b319-189eccb33b49""}",2026-08-20T23:49:19.090625712Z
"  File ""<frozen importlib._bootstrap>"", line 690, in _load_unlocked",error,"{""level"":""error""}","{""project"":""586ae7c2-e5b4-48eb-a537-f49216717b2b"",""environment"":""497ce9b3-fb87-4b99-9cf7-6c7305d440e8"",""service"":""2f22293c-9116-4952-b24d-3937d322e2e1"",""deployment"":""704cae93-1883-49c0-86e2-2d8501274997"",""replica"":""d9785248-59d5-44a5-b319-189eccb33b49""}",2026-08-20T23:49:19.090632852Z
"  File ""<frozen importlib._bootstrap_external>"", line 940, in exec_module",error,"{""level"":""error""}","{""project"":""586ae7c2-e5b4-48eb-a537-f49216717b2b"",""environment"":""497ce9b3-fb87-4b99-9cf7-6c7305d440e8"",""service"":""2f22293c-9116-4952-b24d-3937d322e2e1"",""deployment"":""704cae93-1883-49c0-86e2-2d8501274997"",""replica"":""d9785248-59d5-44a5-b319-189eccb33b49""}",2026-08-20T23:49:19.090638392Z
"  File ""<frozen importlib._bootstrap>"", line 241, in _call_with_frames_removed",error,"{""level"":""error""}","{""project"":""586ae7c2-e5b4-48eb-a537-f49216717b2b"",""environment"":""497ce9b3-fb87-4b99-9cf7-6c7305d440e8"",""service"":""2f22293c-9116-4952-b24d-3937d322e2e1"",""deployment"":""704cae93-1883-49c0-86e2-2d8501274997"",""replica"":""d9785248-59d5-44a5-b319-189eccb33b49""}",2026-08-20T23:49:19.090642172Z
"  File ""/app/api/index.py"", line 7, in <module>",error,"{""level"":""error""}","{""project"":""586ae7c2-e5b4-48eb-a537-f49216717b2b"",""environment"":""497ce9b3-fb87-4b99-9cf7-6c7305d440e8"",""service"":""2f22293c-9116-4952-b24d-3937d322e2e1"",""deployment"":""704cae93-1883-49c0-86e2-2d8501274997"",""replica"":""d9785248-59d5-44a5-b319-189eccb33b49""}",2026-08-20T23:49:19.090646761Z
    from api.engines.news_engine import NewsEngine,error,"{""level"":""error""}","{""project"":""586ae7c2-e5b4-48eb-a537-f49216717b2b"",""environment"":""497ce9b3-fb87-4b99-9cf7-6c7305d440e8"",""service"":""2f22293c-9116-4952-b24d-3937d322e2e1"",""deployment"":""704cae93-1883-49c0-86e2-2d8501274997"",""replica"":""d9785248-59d5-44a5-b319-189eccb33b49""}",2026-08-20T23:49:19.090651601Z
"  File ""/app/api/engines/news_engine.py"", line 1, in <module>",error,"{""level"":""error""}","{""project"":""586ae7c2-e5b4-48eb-a537-f49216717b2b"",""environment"":""497ce9b3-fb87-4b99-9cf7-6c7305d440e8"",""service"":""2f22293c-9116-4952-b24d-3937d322e2e1"",""deployment"":""704cae93-1883-49c0-86e2-2d8501274997"",""replica"":""d9785248-59d5-44a5-b319-189eccb33b49""}",2026-08-20T23:49:19.090656701Z
    import httpx,error,"{""level"":""error""}","{""project"":""586ae7c2-e5b4-48eb-a537-f49216717b2b"",""environment"":""497ce9b3-fb87-4b99-9cf7-6c7305d440e8"",""service"":""2f22293c-9116-4952-b24d-3937d322e2e1"",""deployment"":""704cae93-1883-49c0-86e2-2d8501274997"",""replica"":""d9785248-59d5-44a5-b319-189eccb33b49""}",2026-08-20T23:49:19.090661331Z
ModuleNotFoundError: No module named 'httpx',error,"{""level"":""error""}","{""project"":""586ae7c2-e5b4-48eb-a537-f49216717b2b"",""environment"":""497ce9b3-fb87-4b99-9cf7-6c7305d440e8"",""service"":""2f22293c-9116-4952-b24d-3937d322e2e1"",""deployment"":""704cae93-1883-49c0-86e2-2d8501274997"",""replica"":""d9785248-59d5-44a5-b319-189eccb33b49""}",2026-08-20T23:49:19.090667291Z
Traceback (most recent call last):,error,"{""level"":""error""}","{""project"":""586ae7c2-e5b4-48eb-a537-f49216717b2b"",""environment"":""497ce9b3-fb87-4b99-9cf7-6c7305d440e8"",""service"":""2f22293c-9116-4952-b24d-3937d322e2e1"",""deployment"":""704cae93-1883-49c0-86e2-2d8501274997"",""replica"":""d9785248-59d5-44a5-b319-189eccb33b49""}",2026-08-20T23:49:19.090670931Z
"  File ""/app/.venv/bin/uvicorn"", line 8, in <module>",error,"{""level"":""error""}","{""project"":""586ae7c2-e5b4-48eb-a537-f49216717b2b"",""environment"":""497ce9b3-fb87-4b99-9cf7-6c7305d440e8"",""service"":""2f22293c-9116-4952-b24d-3937d322e2e1"",""deployment"":""704cae93-1883-49c0-86e2-2d8501274997"",""replica"":""d9785248-59d5-44a5-b319-189eccb33b49""}",2026-08-20T23:49:19.090677431Z
    sys.exit(main()),error,"{""level"":""error""}","{""project"":""586ae7c2-e5b4-48eb-a537-f49216717b2b"",""environment"":""497ce9b3-fb87-4b99-9cf7-6c7305d440e8"",""service"":""2f22293c-9116-4952-b24d-3937d322e2e1"",""deployment"":""704cae93-1883-49c0-86e2-2d8501274997"",""replica"":""d9785248-59d5-44a5-b319-189eccb33b49""}",2026-08-20T23:49:19.090682231Z
             ^^^^^^,error,"{""level"":""error""}","{""project"":""586ae7c2-e5b4-48eb-a537-f49216717b2b"",""environment"":""497ce9b3-fb87-4b99-9cf7-6c7305d440e8"",""service"":""2f22293c-9116-4952-b24d-3937d322e2e1"",""deployment"":""704cae93-1883-49c0-86e2-2d8501274997"",""replica"":""d9785248-59d5-44a5-b319-189eccb33b49""}",2026-08-20T23:49:19.090687381Z
"  File ""/app/.venv/lib/python3.11/site-packages/click/core.py"", line 1569, in __call__",error,"{""level"":""error""}","{""project"":""586ae7c2-e5b4-48eb-a537-f49216717b2b"",""environment"":""497ce9b3-fb87-4b99-9cf7-6c7305d440e8"",""service"":""2f22293c-9116-4952-b24d-3937d322e2e1"",""deployment"":""704cae93-1883-49c0-86e2-2d8501274997"",""replica"":""d9785248-59d5-44a5-b319-189eccb33b49""}",2026-08-20T23:49:19.090692511Z
"    return self.main(*args, **kwargs)",error,"{""level"":""error""}","{""project"":""586ae7c2-e5b4-48eb-a537-f49216717b2b"",""environment"":""497ce9b3-fb87-4b99-9cf7-6c7305d440e8"",""service"":""2f22293c-9116-4952-b24d-3937d322e2e1"",""deployment"":""704cae93-1883-49c0-86e2-2d8501274997"",""replica"":""d9785248-59d5-44a5-b319-189eccb33b49""}",2026-08-20T23:49:19.090696831Z
           ^^^^^^^^^^^^^^^^^^^^^^^^^^,error,"{""level"":""error""}","{""project"":""586ae7c2-e5b4-48eb-a537-f49216717b2b"",""environment"":""497ce9b3-fb87-4b99-9cf7-6c7305d440e8"",""service"":""2f22293c-9116-4952-b24d-3937d322e2e1"",""deployment"":""704cae93-1883-49c0-86e2-2d8501274997"",""replica"":""d9785248-59d5-44a5-b319-189eccb33b49""}",2026-08-20T23:49:19.090701660Z
"  File ""/app/.venv/lib/python3.11/site-packages/click/core.py"", line 1490, in main",error,"{""level"":""error""}","{""project"":""586ae7c2-e5b4-48eb-a537-f49216717b2b"",""environment"":""497ce9b3-fb87-4b99-9cf7-6c7305d440e8"",""service"":""2f22293c-9116-4952-b24d-3937d322e2e1"",""deployment"":""704cae93-1883-49c0-86e2-2d8501274997"",""replica"":""d9785248-59d5-44a5-b319-189eccb33b49""}",2026-08-20T23:49:19.090706500Z
    rv = self.invoke(ctx),error,"{""level"":""error""}","{""project"":""586ae7c2-e5b4-48eb-a537-f49216717b2b"",""environment"":""497ce9b3-fb87-4b99-9cf7-6c7305d440e8"",""service"":""2f22293c-9116-4952-b24d-3937d322e2e1"",""deployment"":""704cae93-1883-49c0-86e2-2d8501274997"",""replica"":""d9785248-59d5-44a5-b319-189eccb33b49""}",2026-08-20T23:49:19.090711160Z
         ^^^^^^^^^^^^^^^^,error,"{""level"":""error""}","{""project"":""586ae7c2-e5b4-48eb-a537-f49216717b2b"",""environment"":""497ce9b3-fb87-4b99-9cf7-6c7305d440e8"",""service"":""2f22293c-9116-4952-b24d-3937d322e2e1"",""deployment"":""704cae93-1883-49c0-86e2-2d8501274997"",""replica"":""d9785248-59d5-44a5-b319-189eccb33b49""}",2026-08-20T23:49:19.090716650Z
"  File ""/app/.venv/lib/python3.11/site-packages/click/core.py"", line 1353, in invoke",error,"{""level"":""error""}","{""project"":""586ae7c2-e5b4-48eb-a537-f49216717b2b"",""environment"":""497ce9b3-fb87-4b99-9cf7-6c7305d440e8"",""service"":""2f22293c-9116-4952-b24d-3937d322e2e1"",""deployment"":""704cae93-1883-49c0-86e2-2d8501274997"",""replica"":""d9785248-59d5-44a5-b319-189eccb33b49""}",2026-08-20T23:49:19.090721350Z
"    return ctx.invoke(self.callback, **ctx.params)",error,"{""level"":""error""}","{""project"":""586ae7c2-e5b4-48eb-a537-f49216717b2b"",""environment"":""497ce9b3-fb87-4b99-9cf7-6c7305d440e8"",""service"":""2f22293c-9116-4952-b24d-3937d322e2e1"",""deployment"":""704cae93-1883-49c0-86e2-2d8501274997"",""replica"":""d9785248-59d5-44a5-b319-189eccb33b49""}",2026-08-20T23:49:19.090726780Z
           ^^^^^^^^^^^^^^^^^^^^^^^^^^^^^^^^^^^^^^^,error,"{""level"":""error""}","{""project"":""586ae7c2-e5b4-48eb-a537-f49216717b2b"",""environment"":""497ce9b3-fb87-4b99-9cf7-6c7305d440e8"",""service"":""2f22293c-9116-4952-b24d-3937d322e2e1"",""deployment"":""704cae93-1883-49c0-86e2-2d8501274997"",""replica"":""d9785248-59d5-44a5-b319-189eccb33b49""}",2026-08-20T23:49:19.090731900Z
"  File ""/app/.venv/lib/python3.11/site-packages/click/core.py"", line 907, in invoke",error,"{""level"":""error""}","{""project"":""586ae7c2-e5b4-48eb-a537-f49216717b2b"",""environment"":""497ce9b3-fb87-4b99-9cf7-6c7305d440e8"",""service"":""2f22293c-9116-4952-b24d-3937d322e2e1"",""deployment"":""704cae93-1883-49c0-86e2-2d8501274997"",""replica"":""d9785248-59d5-44a5-b319-189eccb33b49""}",2026-08-20T23:49:19.090741710Z
"    return callback(*args, **kwargs)",error,"{""level"":""error""}","{""project"":""586ae7c2-e5b4-48eb-a537-f49216717b2b"",""environment"":""497ce9b3-fb87-4b99-9cf7-6c7305d440e8"",""service"":""2f22293c-9116-4952-b24d-3937d322e2e1"",""deployment"":""704cae93-1883-49c0-86e2-2d8501274997"",""replica"":""d9785248-59d5-44a5-b319-189eccb33b49""}",2026-08-20T23:49:19.090746330Z
           ^^^^^^^^^^^^^^^^^^^^^^^^^,error,"{""level"":""error""}","{""project"":""586ae7c2-e5b4-48eb-a537-f49216717b2b"",""environment"":""497ce9b3-fb87-4b99-9cf7-6c7305d440e8"",""service"":""2f22293c-9116-4952-b24d-3937d322e2e1"",""deployment"":""704cae93-1883-49c0-86e2-2d8501274997"",""replica"":""d9785248-59d5-44a5-b319-189eccb33b49""}",2026-08-20T23:49:19.090750790Z
"  File ""/app/.venv/lib/python3.11/site-packages/uvicorn/main.py"", line 440, in main",error,"{""level"":""error""}","{""project"":""586ae7c2-e5b4-48eb-a537-f49216717b2b"",""environment"":""497ce9b3-fb87-4b99-9cf7-6c7305d440e8"",""service"":""2f22293c-9116-4952-b24d-3937d322e2e1"",""deployment"":""704cae93-1883-49c0-86e2-2d8501274997"",""replica"":""d9785248-59d5-44a5-b319-189eccb33b49""}",2026-08-20T23:49:19.090755099Z
    run(,error,"{""level"":""error""}","{""project"":""586ae7c2-e5b4-48eb-a537-f49216717b2b"",""environment"":""497ce9b3-fb87-4b99-9cf7-6c7305d440e8"",""service"":""2f22293c-9116-4952-b24d-3937d322e2e1"",""deployment"":""704cae93-1883-49c0-86e2-2d8501274997"",""replica"":""d9785248-59d5-44a5-b319-189eccb33b49""}",2026-08-20T23:49:19.090759549Z
"  File ""/app/.venv/lib/python3.11/site-packages/uvicorn/main.py"", line 609, in run",error,"{""level"":""error""}","{""project"":""586ae7c2-e5b4-48eb-a537-f49216717b2b"",""environment"":""497ce9b3-fb87-4b99-9cf7-6c7305d440e8"",""service"":""2f22293c-9116-4952-b24d-3937d322e2e1"",""deployment"":""704cae93-1883-49c0-86e2-2d8501274997"",""replica"":""d9785248-59d5-44a5-b319-189eccb33b49""}",2026-08-20T23:49:19.090764209Z
    config.load_app(),error,"{""level"":""error""}","{""project"":""586ae7c2-e5b4-48eb-a537-f49216717b2b"",""environment"":""497ce9b3-fb87-4b99-9cf7-6c7305d440e8"",""service"":""2f22293c-9116-4952-b24d-3937d322e2e1"",""deployment"":""704cae93-1883-49c0-86e2-2d8501274997"",""replica"":""d9785248-59d5-44a5-b319-189eccb33b49""}",2026-08-20T23:49:19.090768639Z
"  File ""/app/.venv/lib/python3.11/site-packages/uvicorn/config.py"", line 428, in load_app",error,"{""level"":""error""}","{""project"":""586ae7c2-e5b4-48eb-a537-f49216717b2b"",""environment"":""497ce9b3-fb87-4b99-9cf7-6c7305d440e8"",""service"":""2f22293c-9116-4952-b24d-3937d322e2e1"",""deployment"":""704cae93-1883-49c0-86e2-2d8501274997"",""replica"":""d9785248-59d5-44a5-b319-189eccb33b49""}",2026-08-20T23:49:19.090773839Z
    return import_from_string(self.app),error,"{""level"":""error""}","{""project"":""586ae7c2-e5b4-48eb-a537-f49216717b2b"",""environment"":""497ce9b3-fb87-4b99-9cf7-6c7305d440e8"",""service"":""2f22293c-9116-4952-b24d-3937d322e2e1"",""deployment"":""704cae93-1883-49c0-86e2-2d8501274997"",""replica"":""d9785248-59d5-44a5-b319-189eccb33b49""}",2026-08-20T23:49:19.090779249Z
           ^^^^^^^^^^^^^^^^^^^^^^^^^^^^,error,"{""level"":""error""}","{""project"":""586ae7c2-e5b4-48eb-a537-f49216717b2b"",""environment"":""497ce9b3-fb87-4b99-9cf7-6c7305d440e8"",""service"":""2f22293c-9116-4952-b24d-3937d322e2e1"",""deployment"":""704cae93-1883-49c0-86e2-2d8501274997"",""replica"":""d9785248-59d5-44a5-b319-189eccb33b49""}",2026-08-20T23:49:19.090783609Z
"  File ""/app/.venv/lib/python3.11/site-packages/uvicorn/importer.py"", line 22, in import_from_string",error,"{""level"":""error""}","{""project"":""586ae7c2-e5b4-48eb-a537-f49216717b2b"",""environment"":""497ce9b3-fb87-4b99-9cf7-6c7305d440e8"",""service"":""2f22293c-9116-4952-b24d-3937d322e2e1"",""deployment"":""704cae93-1883-49c0-86e2-2d8501274997"",""replica"":""d9785248-59d5-44a5-b319-189eccb33b49""}",2026-08-20T23:49:19.090788259Z
    raise exc from None,error,"{""level"":""error""}","{""project"":""586ae7c2-e5b4-48eb-a537-f49216717b2b"",""environment"":""497ce9b3-fb87-4b99-9cf7-6c7305d440e8"",""service"":""2f22293c-9116-4952-b24d-3937d322e2e1"",""deployment"":""704cae93-1883-49c0-86e2-2d8501274997"",""replica"":""d9785248-59d5-44a5-b319-189eccb33b49""}",2026-08-20T23:49:19.090792569Z
"  File ""/app/.venv/lib/python3.11/site-packages/uvicorn/importer.py"", line 19, in import_from_string",error,"{""level"":""error""}","{""project"":""586ae7c2-e5b4-48eb-a537-f49216717b2b"",""environment"":""497ce9b3-fb87-4b99-9cf7-6c7305d440e8"",""service"":""2f22293c-9116-4952-b24d-3937d322e2e1"",""deployment"":""704cae93-1883-49c0-86e2-2d8501274997"",""replica"":""d9785248-59d5-44a5-b319-189eccb33b49""}",2026-08-20T23:49:19.090796569Z
    module = importlib.import_module(module_str),error,"{""level"":""error""}","{""project"":""586ae7c2-e5b4-48eb-a537-f49216717b2b"",""environment"":""497ce9b3-fb87-4b99-9cf7-6c7305d440e8"",""service"":""2f22293c-9116-4952-b24d-3937d322e2e1"",""deployment"":""704cae93-1883-49c0-86e2-2d8501274997"",""replica"":""d9785248-59d5-44a5-b319-189eccb33b49""}",2026-08-20T23:49:19.090801339Z
             ^^^^^^^^^^^^^^^^^^^^^^^^^^^^^^^^^^^,error,"{""level"":""error""}","{""project"":""586ae7c2-e5b4-48eb-a537-f49216717b2b"",""environment"":""497ce9b3-fb87-4b99-9cf7-6c7305d440e8"",""service"":""2f22293c-9116-4952-b24d-3937d322e2e1"",""deployment"":""704cae93-1883-49c0-86e2-2d8501274997"",""replica"":""d9785248-59d5-44a5-b319-189eccb33b49""}",2026-08-20T23:49:19.090806408Z
"  File ""/mise/installs/python/3.11.9/lib/python3.11/importlib/__init__.py"", line 126, in import_module",error,"{""level"":""error""}","{""project"":""586ae7c2-e5b4-48eb-a537-f49216717b2b"",""environment"":""497ce9b3-fb87-4b99-9cf7-6c7305d440e8"",""service"":""2f22293c-9116-4952-b24d-3937d322e2e1"",""deployment"":""704cae93-1883-49c0-86e2-2d8501274997"",""replica"":""d9785248-59d5-44a5-b319-189eccb33b49""}",2026-08-20T23:49:19.090811168Z
"    return _bootstrap._gcd_import(name[level:], package, level)",error,"{""level"":""error""}","{""project"":""586ae7c2-e5b4-48eb-a537-f49216717b2b"",""environment"":""497ce9b3-fb87-4b99-9cf7-6c7305d440e8"",""service"":""2f22293c-9116-4952-b24d-3937d322e2e1"",""deployment"":""704cae93-1883-49c0-86e2-2d8501274997"",""replica"":""d9785248-59d5-44a5-b319-189eccb33b49""}",2026-08-20T23:49:19.090815798Z
"    return callback(*args, **kwargs)",error,"{""level"":""error""}","{""project"":""586ae7c2-e5b4-48eb-a537-f49216717b2b"",""environment"":""497ce9b3-fb87-4b99-9cf7-6c7305d440e8"",""service"":""2f22293c-9116-4952-b24d-3937d322e2e1"",""deployment"":""704cae93-1883-49c0-86e2-2d8501274997"",""replica"":""d9785248-59d5-44a5-b319-189eccb33b49""}",2026-08-20T23:49:21.225995352Z
Traceback (most recent call last):,error,"{""level"":""error""}","{""project"":""586ae7c2-e5b4-48eb-a537-f49216717b2b"",""environment"":""497ce9b3-fb87-4b99-9cf7-6c7305d440e8"",""service"":""2f22293c-9116-4952-b24d-3937d322e2e1"",""deployment"":""704cae93-1883-49c0-86e2-2d8501274997"",""replica"":""d9785248-59d5-44a5-b319-189eccb33b49""}",2026-08-20T23:49:21.226003212Z
"  File ""/app/.venv/bin/uvicorn"", line 8, in <module>",error,"{""level"":""error""}","{""project"":""586ae7c2-e5b4-48eb-a537-f49216717b2b"",""environment"":""497ce9b3-fb87-4b99-9cf7-6c7305d440e8"",""service"":""2f22293c-9116-4952-b24d-3937d322e2e1"",""deployment"":""704cae93-1883-49c0-86e2-2d8501274997"",""replica"":""d9785248-59d5-44a5-b319-189eccb33b49""}",2026-08-20T23:49:21.226007332Z
    sys.exit(main()),error,"{""level"":""error""}","{""project"":""586ae7c2-e5b4-48eb-a537-f49216717b2b"",""environment"":""497ce9b3-fb87-4b99-9cf7-6c7305d440e8"",""service"":""2f22293c-9116-4952-b24d-3937d322e2e1"",""deployment"":""704cae93-1883-49c0-86e2-2d8501274997"",""replica"":""d9785248-59d5-44a5-b319-189eccb33b49""}",2026-08-20T23:49:21.226010472Z
             ^^^^^^,error,"{""level"":""error""}","{""project"":""586ae7c2-e5b4-48eb-a537-f49216717b2b"",""environment"":""497ce9b3-fb87-4b99-9cf7-6c7305d440e8"",""service"":""2f22293c-9116-4952-b24d-3937d322e2e1"",""deployment"":""704cae93-1883-49c0-86e2-2d8501274997"",""replica"":""d9785248-59d5-44a5-b319-189eccb33b49""}",2026-08-20T23:49:21.226014242Z
"  File ""/app/.venv/lib/python3.11/site-packages/click/core.py"", line 1569, in __call__",error,"{""level"":""error""}","{""project"":""586ae7c2-e5b4-48eb-a537-f49216717b2b"",""environment"":""497ce9b3-fb87-4b99-9cf7-6c7305d440e8"",""service"":""2f22293c-9116-4952-b24d-3937d322e2e1"",""deployment"":""704cae93-1883-49c0-86e2-2d8501274997"",""replica"":""d9785248-59d5-44a5-b319-189eccb33b49""}",2026-08-20T23:49:21.226017872Z
"    return self.main(*args, **kwargs)",error,"{""level"":""error""}","{""project"":""586ae7c2-e5b4-48eb-a537-f49216717b2b"",""environment"":""497ce9b3-fb87-4b99-9cf7-6c7305d440e8"",""service"":""2f22293c-9116-4952-b24d-3937d322e2e1"",""deployment"":""704cae93-1883-49c0-86e2-2d8501274997"",""replica"":""d9785248-59d5-44a5-b319-189eccb33b49""}",2026-08-20T23:49:21.226020902Z
           ^^^^^^^^^^^^^^^^^^^^^^^^^^,error,"{""level"":""error""}","{""project"":""586ae7c2-e5b4-48eb-a537-f49216717b2b"",""environment"":""497ce9b3-fb87-4b99-9cf7-6c7305d440e8"",""service"":""2f22293c-9116-4952-b24d-3937d322e2e1"",""deployment"":""704cae93-1883-49c0-86e2-2d8501274997"",""replica"":""d9785248-59d5-44a5-b319-189eccb33b49""}",2026-08-20T23:49:21.226023452Z
"  File ""/app/.venv/lib/python3.11/site-packages/click/core.py"", line 1490, in main",error,"{""level"":""error""}","{""project"":""586ae7c2-e5b4-48eb-a537-f49216717b2b"",""environment"":""497ce9b3-fb87-4b99-9cf7-6c7305d440e8"",""service"":""2f22293c-9116-4952-b24d-3937d322e2e1"",""deployment"":""704cae93-1883-49c0-86e2-2d8501274997"",""replica"":""d9785248-59d5-44a5-b319-189eccb33b49""}",2026-08-20T23:49:21.226027951Z
    rv = self.invoke(ctx),error,"{""level"":""error""}","{""project"":""586ae7c2-e5b4-48eb-a537-f49216717b2b"",""environment"":""497ce9b3-fb87-4b99-9cf7-6c7305d440e8"",""service"":""2f22293c-9116-4952-b24d-3937d322e2e1"",""deployment"":""704cae93-1883-49c0-86e2-2d8501274997"",""replica"":""d9785248-59d5-44a5-b319-189eccb33b49""}",2026-08-20T23:49:21.226030821Z
         ^^^^^^^^^^^^^^^^,error,"{""level"":""error""}","{""project"":""586ae7c2-e5b4-48eb-a537-f49216717b2b"",""environment"":""497ce9b3-fb87-4b99-9cf7-6c7305d440e8"",""service"":""2f22293c-9116-4952-b24d-3937d322e2e1"",""deployment"":""704cae93-1883-49c0-86e2-2d8501274997"",""replica"":""d9785248-59d5-44a5-b319-189eccb33b49""}",2026-08-20T23:49:21.226033821Z
"  File ""/app/.venv/lib/python3.11/site-packages/click/core.py"", line 1353, in invoke",error,"{""level"":""error""}","{""project"":""586ae7c2-e5b4-48eb-a537-f49216717b2b"",""environment"":""497ce9b3-fb87-4b99-9cf7-6c7305d440e8"",""service"":""2f22293c-9116-4952-b24d-3937d322e2e1"",""deployment"":""704cae93-1883-49c0-86e2-2d8501274997"",""replica"":""d9785248-59d5-44a5-b319-189eccb33b49""}",2026-08-20T23:49:21.226036921Z
"    return ctx.invoke(self.callback, **ctx.params)",error,"{""level"":""error""}","{""project"":""586ae7c2-e5b4-48eb-a537-f49216717b2b"",""environment"":""497ce9b3-fb87-4b99-9cf7-6c7305d440e8"",""service"":""2f22293c-9116-4952-b24d-3937d322e2e1"",""deployment"":""704cae93-1883-49c0-86e2-2d8501274997"",""replica"":""d9785248-59d5-44a5-b319-189eccb33b49""}",2026-08-20T23:49:21.226040111Z
           ^^^^^^^^^^^^^^^^^^^^^^^^^^^^^^^^^^^^^^^,error,"{""level"":""error""}","{""project"":""586ae7c2-e5b4-48eb-a537-f49216717b2b"",""environment"":""497ce9b3-fb87-4b99-9cf7-6c7305d440e8"",""service"":""2f22293c-9116-4952-b24d-3937d322e2e1"",""deployment"":""704cae93-1883-49c0-86e2-2d8501274997"",""replica"":""d9785248-59d5-44a5-b319-189eccb33b49""}",2026-08-20T23:49:21.226043261Z
"  File ""/app/.venv/lib/python3.11/site-packages/click/core.py"", line 907, in invoke",error,"{""level"":""error""}","{""project"":""586ae7c2-e5b4-48eb-a537-f49216717b2b"",""environment"":""497ce9b3-fb87-4b99-9cf7-6c7305d440e8"",""service"":""2f22293c-9116-4952-b24d-3937d322e2e1"",""deployment"":""704cae93-1883-49c0-86e2-2d8501274997"",""replica"":""d9785248-59d5-44a5-b319-189eccb33b49""}",2026-08-20T23:49:21.226046961Z
           ^^^^^^^^^^^^^^^^^^^^^^^^^,error,"{""level"":""error""}","{""project"":""586ae7c2-e5b4-48eb-a537-f49216717b2b"",""environment"":""497ce9b3-fb87-4b99-9cf7-6c7305d440e8"",""service"":""2f22293c-9116-4952-b24d-3937d322e2e1"",""deployment"":""704cae93-1883-49c0-86e2-2d8501274997"",""replica"":""d9785248-59d5-44a5-b319-189eccb33b49""}",2026-08-20T23:49:21.226244787Z
"  File ""/app/.venv/lib/python3.11/site-packages/uvicorn/main.py"", line 440, in main",error,"{""level"":""error""}","{""project"":""586ae7c2-e5b4-48eb-a537-f49216717b2b"",""environment"":""497ce9b3-fb87-4b99-9cf7-6c7305d440e8"",""service"":""2f22293c-9116-4952-b24d-3937d322e2e1"",""deployment"":""704cae93-1883-49c0-86e2-2d8501274997"",""replica"":""d9785248-59d5-44a5-b319-189eccb33b49""}",2026-08-20T23:49:21.226256467Z
    run(,error,"{""level"":""error""}","{""project"":""586ae7c2-e5b4-48eb-a537-f49216717b2b"",""environment"":""497ce9b3-fb87-4b99-9cf7-6c7305d440e8"",""service"":""2f22293c-9116-4952-b24d-3937d322e2e1"",""deployment"":""704cae93-1883-49c0-86e2-2d8501274997"",""replica"":""d9785248-59d5-44a5-b319-189eccb33b49""}",2026-08-20T23:49:21.226262947Z
"  File ""/app/.venv/lib/python3.11/site-packages/uvicorn/main.py"", line 609, in run",error,"{""level"":""error""}","{""project"":""586ae7c2-e5b4-48eb-a537-f49216717b2b"",""environment"":""497ce9b3-fb87-4b99-9cf7-6c7305d440e8"",""service"":""2f22293c-9116-4952-b24d-3937d322e2e1"",""deployment"":""704cae93-1883-49c0-86e2-2d8501274997"",""replica"":""d9785248-59d5-44a5-b319-189eccb33b49""}",2026-08-20T23:49:21.226266887Z
    config.load_app(),error,"{""level"":""error""}","{""project"":""586ae7c2-e5b4-48eb-a537-f49216717b2b"",""environment"":""497ce9b3-fb87-4b99-9cf7-6c7305d440e8"",""service"":""2f22293c-9116-4952-b24d-3937d322e2e1"",""deployment"":""704cae93-1883-49c0-86e2-2d8501274997"",""replica"":""d9785248-59d5-44a5-b319-189eccb33b49""}",2026-08-20T23:49:21.226270777Z
"  File ""/app/.venv/lib/python3.11/site-packages/uvicorn/config.py"", line 428, in load_app",error,"{""level"":""error""}","{""project"":""586ae7c2-e5b4-48eb-a537-f49216717b2b"",""environment"":""497ce9b3-fb87-4b99-9cf7-6c7305d440e8"",""service"":""2f22293c-9116-4952-b24d-3937d322e2e1"",""deployment"":""704cae93-1883-49c0-86e2-2d8501274997"",""replica"":""d9785248-59d5-44a5-b319-189eccb33b49""}",2026-08-20T23:49:21.226275617Z
    return import_from_string(self.app),error,"{""level"":""error""}","{""project"":""586ae7c2-e5b4-48eb-a537-f49216717b2b"",""environment"":""497ce9b3-fb87-4b99-9cf7-6c7305d440e8"",""service"":""2f22293c-9116-4952-b24d-3937d322e2e1"",""deployment"":""704cae93-1883-49c0-86e2-2d8501274997"",""replica"":""d9785248-59d5-44a5-b319-189eccb33b49""}",2026-08-20T23:49:21.226279907Z
           ^^^^^^^^^^^^^^^^^^^^^^^^^^^^,error,"{""level"":""error""}","{""project"":""586ae7c2-e5b4-48eb-a537-f49216717b2b"",""environment"":""497ce9b3-fb87-4b99-9cf7-6c7305d440e8"",""service"":""2f22293c-9116-4952-b24d-3937d322e2e1"",""deployment"":""704cae93-1883-49c0-86e2-2d8501274997"",""replica"":""d9785248-59d5-44a5-b319-189eccb33b49""}",2026-08-20T23:49:21.226284377Z
"  File ""/app/.venv/lib/python3.11/site-packages/uvicorn/importer.py"", line 22, in import_from_string",error,"{""level"":""error""}","{""project"":""586ae7c2-e5b4-48eb-a537-f49216717b2b"",""environment"":""497ce9b3-fb87-4b99-9cf7-6c7305d440e8"",""service"":""2f22293c-9116-4952-b24d-3937d322e2e1"",""deployment"":""704cae93-1883-49c0-86e2-2d8501274997"",""replica"":""d9785248-59d5-44a5-b319-189eccb33b49""}",2026-08-20T23:49:21.226288387Z
    raise exc from None,error,"{""level"":""error""}","{""project"":""586ae7c2-e5b4-48eb-a537-f49216717b2b"",""environment"":""497ce9b3-fb87-4b99-9cf7-6c7305d440e8"",""service"":""2f22293c-9116-4952-b24d-3937d322e2e1"",""deployment"":""704cae93-1883-49c0-86e2-2d8501274997"",""replica"":""d9785248-59d5-44a5-b319-189eccb33b49""}",2026-08-20T23:49:21.226293566Z
"  File ""/app/.venv/lib/python3.11/site-packages/uvicorn/importer.py"", line 19, in import_from_string",error,"{""level"":""error""}","{""project"":""586ae7c2-e5b4-48eb-a537-f49216717b2b"",""environment"":""497ce9b3-fb87-4b99-9cf7-6c7305d440e8"",""service"":""2f22293c-9116-4952-b24d-3937d322e2e1"",""deployment"":""704cae93-1883-49c0-86e2-2d8501274997"",""replica"":""d9785248-59d5-44a5-b319-189eccb33b49""}",2026-08-20T23:49:21.226299436Z
    module = importlib.import_module(module_str),error,"{""level"":""error""}","{""project"":""586ae7c2-e5b4-48eb-a537-f49216717b2b"",""environment"":""497ce9b3-fb87-4b99-9cf7-6c7305d440e8"",""service"":""2f22293c-9116-4952-b24d-3937d322e2e1"",""deployment"":""704cae93-1883-49c0-86e2-2d8501274997"",""replica"":""d9785248-59d5-44a5-b319-189eccb33b49""}",2026-08-20T23:49:21.226303246Z
             ^^^^^^^^^^^^^^^^^^^^^^^^^^^^^^^^^^^,error,"{""level"":""error""}","{""project"":""586ae7c2-e5b4-48eb-a537-f49216717b2b"",""environment"":""497ce9b3-fb87-4b99-9cf7-6c7305d440e8"",""service"":""2f22293c-9116-4952-b24d-3937d322e2e1"",""deployment"":""704cae93-1883-49c0-86e2-2d8501274997"",""replica"":""d9785248-59d5-44a5-b319-189eccb33b49""}",2026-08-20T23:49:21.226306976Z
"  File ""/mise/installs/python/3.11.9/lib/python3.11/importlib/__init__.py"", line 126, in import_module",error,"{""level"":""error""}","{""project"":""586ae7c2-e5b4-48eb-a537-f49216717b2b"",""environment"":""497ce9b3-fb87-4b99-9cf7-6c7305d440e8"",""service"":""2f22293c-9116-4952-b24d-3937d322e2e1"",""deployment"":""704cae93-1883-49c0-86e2-2d8501274997"",""replica"":""d9785248-59d5-44a5-b319-189eccb33b49""}",2026-08-20T23:49:21.226314346Z
"    return _bootstrap._gcd_import(name[level:], package, level)",error,"{""level"":""error""}","{""project"":""586ae7c2-e5b4-48eb-a537-f49216717b2b"",""environment"":""497ce9b3-fb87-4b99-9cf7-6c7305d440e8"",""service"":""2f22293c-9116-4952-b24d-3937d322e2e1"",""deployment"":""704cae93-1883-49c0-86e2-2d8501274997"",""replica"":""d9785248-59d5-44a5-b319-189eccb33b49""}",2026-08-20T23:49:21.226318076Z
    from api.engines.news_engine import NewsEngine,error,"{""level"":""error""}","{""project"":""586ae7c2-e5b4-48eb-a537-f49216717b2b"",""environment"":""497ce9b3-fb87-4b99-9cf7-6c7305d440e8"",""service"":""2f22293c-9116-4952-b24d-3937d322e2e1"",""deployment"":""704cae93-1883-49c0-86e2-2d8501274997"",""replica"":""d9785248-59d5-44a5-b319-189eccb33b49""}",2026-08-20T23:49:21.226406364Z
"  File ""/app/api/engines/news_engine.py"", line 1, in <module>",error,"{""level"":""error""}","{""project"":""586ae7c2-e5b4-48eb-a537-f49216717b2b"",""environment"":""497ce9b3-fb87-4b99-9cf7-6c7305d440e8"",""service"":""2f22293c-9116-4952-b24d-3937d322e2e1"",""deployment"":""704cae93-1883-49c0-86e2-2d8501274997"",""replica"":""d9785248-59d5-44a5-b319-189eccb33b49""}",2026-08-20T23:49:21.226410704Z
    import httpx,error,"{""level"":""error""}","{""project"":""586ae7c2-e5b4-48eb-a537-f49216717b2b"",""environment"":""497ce9b3-fb87-4b99-9cf7-6c7305d440e8"",""service"":""2f22293c-9116-4952-b24d-3937d322e2e1"",""deployment"":""704cae93-1883-49c0-86e2-2d8501274997"",""replica"":""d9785248-59d5-44a5-b319-189eccb33b49""}",2026-08-20T23:49:21.226414354Z
ModuleNotFoundError: No module named 'httpx',error,"{""level"":""error""}","{""project"":""586ae7c2-e5b4-48eb-a537-f49216717b2b"",""environment"":""497ce9b3-fb87-4b99-9cf7-6c7305d440e8"",""service"":""2f22293c-9116-4952-b24d-3937d322e2e1"",""deployment"":""704cae93-1883-49c0-86e2-2d8501274997"",""replica"":""d9785248-59d5-44a5-b319-189eccb33b49""}",2026-08-20T23:49:21.226418084Z
           ^^^^^^^^^^^^^^^^^^^^^^^^^^^^^^^^^^^^^^^^^^^^^^^^,error,"{""level"":""error""}","{""project"":""586ae7c2-e5b4-48eb-a537-f49216717b2b"",""environment"":""497ce9b3-fb87-4b99-9cf7-6c7305d440e8"",""service"":""2f22293c-9116-4952-b24d-3937d322e2e1"",""deployment"":""704cae93-1883-49c0-86e2-2d8501274997"",""replica"":""d9785248-59d5-44a5-b319-189eccb33b49""}",2026-08-20T23:49:21.226430804Z
^^^^,error,"{""level"":""error""}","{""project"":""586ae7c2-e5b4-48eb-a537-f49216717b2b"",""environment"":""497ce9b3-fb87-4b99-9cf7-6c7305d440e8"",""service"":""2f22293c-9116-4952-b24d-3937d322e2e1"",""deployment"":""704cae93-1883-49c0-86e2-2d8501274997"",""replica"":""d9785248-59d5-44a5-b319-189eccb33b49""}",2026-08-20T23:49:21.226439524Z
"  File ""<frozen importlib._bootstrap>"", line 1204, in _gcd_import",error,"{""level"":""error""}","{""project"":""586ae7c2-e5b4-48eb-a537-f49216717b2b"",""environment"":""497ce9b3-fb87-4b99-9cf7-6c7305d440e8"",""service"":""2f22293c-9116-4952-b24d-3937d322e2e1"",""deployment"":""704cae93-1883-49c0-86e2-2d8501274997"",""replica"":""d9785248-59d5-44a5-b319-189eccb33b49""}",2026-08-20T23:49:21.226443914Z
"  File ""<frozen importlib._bootstrap>"", line 1176, in _find_and_load",error,"{""level"":""error""}","{""project"":""586ae7c2-e5b4-48eb-a537-f49216717b2b"",""environment"":""497ce9b3-fb87-4b99-9cf7-6c7305d440e8"",""service"":""2f22293c-9116-4952-b24d-3937d322e2e1"",""deployment"":""704cae93-1883-49c0-86e2-2d8501274997"",""replica"":""d9785248-59d5-44a5-b319-189eccb33b49""}",2026-08-20T23:49:21.226448044Z
"  File ""<frozen importlib._bootstrap>"", line 1147, in _find_and_load_unlocked",error,"{""level"":""error""}","{""project"":""586ae7c2-e5b4-48eb-a537-f49216717b2b"",""environment"":""497ce9b3-fb87-4b99-9cf7-6c7305d440e8"",""service"":""2f22293c-9116-4952-b24d-3937d322e2e1"",""deployment"":""704cae93-1883-49c0-86e2-2d8501274997"",""replica"":""d9785248-59d5-44a5-b319-189eccb33b49""}",2026-08-20T23:49:21.226452483Z
"  File ""<frozen importlib._bootstrap>"", line 690, in _load_unlocked",error,"{""level"":""error""}","{""project"":""586ae7c2-e5b4-48eb-a537-f49216717b2b"",""environment"":""497ce9b3-fb87-4b99-9cf7-6c7305d440e8"",""service"":""2f22293c-9116-4952-b24d-3937d322e2e1"",""deployment"":""704cae93-1883-49c0-86e2-2d8501274997"",""replica"":""d9785248-59d5-44a5-b319-189eccb33b49""}",2026-08-20T23:49:21.226457173Z
"  File ""<frozen importlib._bootstrap_external>"", line 940, in exec_module",error,"{""level"":""error""}","{""project"":""586ae7c2-e5b4-48eb-a537-f49216717b2b"",""environment"":""497ce9b3-fb87-4b99-9cf7-6c7305d440e8"",""service"":""2f22293c-9116-4952-b24d-3937d322e2e1"",""deployment"":""704cae93-1883-49c0-86e2-2d8501274997"",""replica"":""d9785248-59d5-44a5-b319-189eccb33b49""}",2026-08-20T23:49:21.226460713Z
"  File ""<frozen importlib._bootstrap>"", line 241, in _call_with_frames_removed",error,"{""level"":""error""}","{""project"":""586ae7c2-e5b4-48eb-a537-f49216717b2b"",""environment"":""497ce9b3-fb87-4b99-9cf7-6c7305d440e8"",""service"":""2f22293c-9116-4952-b24d-3937d322e2e1"",""deployment"":""704cae93-1883-49c0-86e2-2d8501274997"",""replica"":""d9785248-59d5-44a5-b319-189eccb33b49""}",2026-08-20T23:49:21.226464743Z
"  File ""/app/api/index.py"", line 7, in <module>",error,"{""level"":""error""}","{""project"":""586ae7c2-e5b4-48eb-a537-f49216717b2b"",""environment"":""497ce9b3-fb87-4b99-9cf7-6c7305d440e8"",""service"":""2f22293c-9116-4952-b24d-3937d322e2e1"",""deployment"":""704cae93-1883-49c0-86e2-2d8501274997"",""replica"":""d9785248-59d5-44a5-b319-189eccb33b49""}",2026-08-20T23:49:21.226468933Z
Traceback (most recent call last):,error,"{""level"":""error""}","{""project"":""586ae7c2-e5b4-48eb-a537-f49216717b2b"",""environment"":""497ce9b3-fb87-4b99-9cf7-6c7305d440e8"",""service"":""2f22293c-9116-4952-b24d-3937d322e2e1"",""deployment"":""704cae93-1883-49c0-86e2-2d8501274997"",""replica"":""d9785248-59d5-44a5-b319-189eccb33b49""}",2026-08-20T23:49:23.289356293Z
"  File ""/app/.venv/bin/uvicorn"", line 8, in <module>",error,"{""level"":""error""}","{""project"":""586ae7c2-e5b4-48eb-a537-f49216717b2b"",""environment"":""497ce9b3-fb87-4b99-9cf7-6c7305d440e8"",""service"":""2f22293c-9116-4952-b24d-3937d322e2e1"",""deployment"":""704cae93-1883-49c0-86e2-2d8501274997"",""replica"":""d9785248-59d5-44a5-b319-189eccb33b49""}",2026-08-20T23:49:23.289360263Z
    sys.exit(main()),error,"{""level"":""error""}","{""project"":""586ae7c2-e5b4-48eb-a537-f49216717b2b"",""environment"":""497ce9b3-fb87-4b99-9cf7-6c7305d440e8"",""service"":""2f22293c-9116-4952-b24d-3937d322e2e1"",""deployment"":""704cae93-1883-49c0-86e2-2d8501274997"",""replica"":""d9785248-59d5-44a5-b319-189eccb33b49""}",2026-08-20T23:49:23.289364023Z
             ^^^^^^,error,"{""level"":""error""}","{""project"":""586ae7c2-e5b4-48eb-a537-f49216717b2b"",""environment"":""497ce9b3-fb87-4b99-9cf7-6c7305d440e8"",""service"":""2f22293c-9116-4952-b24d-3937d322e2e1"",""deployment"":""704cae93-1883-49c0-86e2-2d8501274997"",""replica"":""d9785248-59d5-44a5-b319-189eccb33b49""}",2026-08-20T23:49:23.289367563Z
"  File ""/app/.venv/lib/python3.11/site-packages/click/core.py"", line 1569, in __call__",error,"{""level"":""error""}","{""project"":""586ae7c2-e5b4-48eb-a537-f49216717b2b"",""environment"":""497ce9b3-fb87-4b99-9cf7-6c7305d440e8"",""service"":""2f22293c-9116-4952-b24d-3937d322e2e1"",""deployment"":""704cae93-1883-49c0-86e2-2d8501274997"",""replica"":""d9785248-59d5-44a5-b319-189eccb33b49""}",2026-08-20T23:49:23.289370843Z
"    return self.main(*args, **kwargs)",error,"{""level"":""error""}","{""project"":""586ae7c2-e5b4-48eb-a537-f49216717b2b"",""environment"":""497ce9b3-fb87-4b99-9cf7-6c7305d440e8"",""service"":""2f22293c-9116-4952-b24d-3937d322e2e1"",""deployment"":""704cae93-1883-49c0-86e2-2d8501274997"",""replica"":""d9785248-59d5-44a5-b319-189eccb33b49""}",2026-08-20T23:49:23.289374353Z
           ^^^^^^^^^^^^^^^^^^^^^^^^^^,error,"{""level"":""error""}","{""project"":""586ae7c2-e5b4-48eb-a537-f49216717b2b"",""environment"":""497ce9b3-fb87-4b99-9cf7-6c7305d440e8"",""service"":""2f22293c-9116-4952-b24d-3937d322e2e1"",""deployment"":""704cae93-1883-49c0-86e2-2d8501274997"",""replica"":""d9785248-59d5-44a5-b319-189eccb33b49""}",2026-08-20T23:49:23.289377773Z
"  File ""/app/.venv/lib/python3.11/site-packages/click/core.py"", line 1490, in main",error,"{""level"":""error""}","{""project"":""586ae7c2-e5b4-48eb-a537-f49216717b2b"",""environment"":""497ce9b3-fb87-4b99-9cf7-6c7305d440e8"",""service"":""2f22293c-9116-4952-b24d-3937d322e2e1"",""deployment"":""704cae93-1883-49c0-86e2-2d8501274997"",""replica"":""d9785248-59d5-44a5-b319-189eccb33b49""}",2026-08-20T23:49:23.289380723Z
    rv = self.invoke(ctx),error,"{""level"":""error""}","{""project"":""586ae7c2-e5b4-48eb-a537-f49216717b2b"",""environment"":""497ce9b3-fb87-4b99-9cf7-6c7305d440e8"",""service"":""2f22293c-9116-4952-b24d-3937d322e2e1"",""deployment"":""704cae93-1883-49c0-86e2-2d8501274997"",""replica"":""d9785248-59d5-44a5-b319-189eccb33b49""}",2026-08-20T23:49:23.289383643Z
         ^^^^^^^^^^^^^^^^,error,"{""level"":""error""}","{""project"":""586ae7c2-e5b4-48eb-a537-f49216717b2b"",""environment"":""497ce9b3-fb87-4b99-9cf7-6c7305d440e8"",""service"":""2f22293c-9116-4952-b24d-3937d322e2e1"",""deployment"":""704cae93-1883-49c0-86e2-2d8501274997"",""replica"":""d9785248-59d5-44a5-b319-189eccb33b49""}",2026-08-20T23:49:23.289386593Z
"  File ""/app/.venv/lib/python3.11/site-packages/click/core.py"", line 1353, in invoke",error,"{""level"":""error""}","{""project"":""586ae7c2-e5b4-48eb-a537-f49216717b2b"",""environment"":""497ce9b3-fb87-4b99-9cf7-6c7305d440e8"",""service"":""2f22293c-9116-4952-b24d-3937d322e2e1"",""deployment"":""704cae93-1883-49c0-86e2-2d8501274997"",""replica"":""d9785248-59d5-44a5-b319-189eccb33b49""}",2026-08-20T23:49:23.289389843Z
"    return ctx.invoke(self.callback, **ctx.params)",error,"{""level"":""error""}","{""project"":""586ae7c2-e5b4-48eb-a537-f49216717b2b"",""environment"":""497ce9b3-fb87-4b99-9cf7-6c7305d440e8"",""service"":""2f22293c-9116-4952-b24d-3937d322e2e1"",""deployment"":""704cae93-1883-49c0-86e2-2d8501274997"",""replica"":""d9785248-59d5-44a5-b319-189eccb33b49""}",2026-08-20T23:49:23.289393653Z
           ^^^^^^^^^^^^^^^^^^^^^^^^^^^^^^^^^^^^^^^,error,"{""level"":""error""}","{""project"":""586ae7c2-e5b4-48eb-a537-f49216717b2b"",""environment"":""497ce9b3-fb87-4b99-9cf7-6c7305d440e8"",""service"":""2f22293c-9116-4952-b24d-3937d322e2e1"",""deployment"":""704cae93-1883-49c0-86e2-2d8501274997"",""replica"":""d9785248-59d5-44a5-b319-189eccb33b49""}",2026-08-20T23:49:23.289396783Z
"  File ""/app/.venv/lib/python3.11/site-packages/click/core.py"", line 907, in invoke",error,"{""level"":""error""}","{""project"":""586ae7c2-e5b4-48eb-a537-f49216717b2b"",""environment"":""497ce9b3-fb87-4b99-9cf7-6c7305d440e8"",""service"":""2f22293c-9116-4952-b24d-3937d322e2e1"",""deployment"":""704cae93-1883-49c0-86e2-2d8501274997"",""replica"":""d9785248-59d5-44a5-b319-189eccb33b49""}",2026-08-20T23:49:23.289400723Z
"    return callback(*args, **kwargs)",error,"{""level"":""error""}","{""project"":""586ae7c2-e5b4-48eb-a537-f49216717b2b"",""environment"":""497ce9b3-fb87-4b99-9cf7-6c7305d440e8"",""service"":""2f22293c-9116-4952-b24d-3937d322e2e1"",""deployment"":""704cae93-1883-49c0-86e2-2d8501274997"",""replica"":""d9785248-59d5-44a5-b319-189eccb33b49""}",2026-08-20T23:49:23.289403722Z
           ^^^^^^^^^^^^^^^^^^^^^^^^^,error,"{""level"":""error""}","{""project"":""586ae7c2-e5b4-48eb-a537-f49216717b2b"",""environment"":""497ce9b3-fb87-4b99-9cf7-6c7305d440e8"",""service"":""2f22293c-9116-4952-b24d-3937d322e2e1"",""deployment"":""704cae93-1883-49c0-86e2-2d8501274997"",""replica"":""d9785248-59d5-44a5-b319-189eccb33b49""}",2026-08-20T23:49:23.289710977Z
"  File ""/app/.venv/lib/python3.11/site-packages/uvicorn/main.py"", line 440, in main",error,"{""level"":""error""}","{""project"":""586ae7c2-e5b4-48eb-a537-f49216717b2b"",""environment"":""497ce9b3-fb87-4b99-9cf7-6c7305d440e8"",""service"":""2f22293c-9116-4952-b24d-3937d322e2e1"",""deployment"":""704cae93-1883-49c0-86e2-2d8501274997"",""replica"":""d9785248-59d5-44a5-b319-189eccb33b49""}",2026-08-20T23:49:23.289723906Z
    run(,error,"{""level"":""error""}","{""project"":""586ae7c2-e5b4-48eb-a537-f49216717b2b"",""environment"":""497ce9b3-fb87-4b99-9cf7-6c7305d440e8"",""service"":""2f22293c-9116-4952-b24d-3937d322e2e1"",""deployment"":""704cae93-1883-49c0-86e2-2d8501274997"",""replica"":""d9785248-59d5-44a5-b319-189eccb33b49""}",2026-08-20T23:49:23.289729076Z
"  File ""/app/.venv/lib/python3.11/site-packages/uvicorn/main.py"", line 609, in run",error,"{""level"":""error""}","{""project"":""586ae7c2-e5b4-48eb-a537-f49216717b2b"",""environment"":""497ce9b3-fb87-4b99-9cf7-6c7305d440e8"",""service"":""2f22293c-9116-4952-b24d-3937d322e2e1"",""deployment"":""704cae93-1883-49c0-86e2-2d8501274997"",""replica"":""d9785248-59d5-44a5-b319-189eccb33b49""}",2026-08-20T23:49:23.289733566Z
    config.load_app(),error,"{""level"":""error""}","{""project"":""586ae7c2-e5b4-48eb-a537-f49216717b2b"",""environment"":""497ce9b3-fb87-4b99-9cf7-6c7305d440e8"",""service"":""2f22293c-9116-4952-b24d-3937d322e2e1"",""deployment"":""704cae93-1883-49c0-86e2-2d8501274997"",""replica"":""d9785248-59d5-44a5-b319-189eccb33b49""}",2026-08-20T23:49:23.289737446Z
"  File ""/app/.venv/lib/python3.11/site-packages/uvicorn/config.py"", line 428, in load_app",error,"{""level"":""error""}","{""project"":""586ae7c2-e5b4-48eb-a537-f49216717b2b"",""environment"":""497ce9b3-fb87-4b99-9cf7-6c7305d440e8"",""service"":""2f22293c-9116-4952-b24d-3937d322e2e1"",""deployment"":""704cae93-1883-49c0-86e2-2d8501274997"",""replica"":""d9785248-59d5-44a5-b319-189eccb33b49""}",2026-08-20T23:49:23.289742126Z
    return import_from_string(self.app),error,"{""level"":""error""}","{""project"":""586ae7c2-e5b4-48eb-a537-f49216717b2b"",""environment"":""497ce9b3-fb87-4b99-9cf7-6c7305d440e8"",""service"":""2f22293c-9116-4952-b24d-3937d322e2e1"",""deployment"":""704cae93-1883-49c0-86e2-2d8501274997"",""replica"":""d9785248-59d5-44a5-b319-189eccb33b49""}",2026-08-20T23:49:23.289747206Z
           ^^^^^^^^^^^^^^^^^^^^^^^^^^^^,error,"{""level"":""error""}","{""project"":""586ae7c2-e5b4-48eb-a537-f49216717b2b"",""environment"":""497ce9b3-fb87-4b99-9cf7-6c7305d440e8"",""service"":""2f22293c-9116-4952-b24d-3937d322e2e1"",""deployment"":""704cae93-1883-49c0-86e2-2d8501274997"",""replica"":""d9785248-59d5-44a5-b319-189eccb33b49""}",2026-08-20T23:49:23.289751306Z
"  File ""/app/.venv/lib/python3.11/site-packages/uvicorn/importer.py"", line 22, in import_from_string",error,"{""level"":""error""}","{""project"":""586ae7c2-e5b4-48eb-a537-f49216717b2b"",""environment"":""497ce9b3-fb87-4b99-9cf7-6c7305d440e8"",""service"":""2f22293c-9116-4952-b24d-3937d322e2e1"",""deployment"":""704cae93-1883-49c0-86e2-2d8501274997"",""replica"":""d9785248-59d5-44a5-b319-189eccb33b49""}",2026-08-20T23:49:23.289754926Z
    raise exc from None,error,"{""level"":""error""}","{""project"":""586ae7c2-e5b4-48eb-a537-f49216717b2b"",""environment"":""497ce9b3-fb87-4b99-9cf7-6c7305d440e8"",""service"":""2f22293c-9116-4952-b24d-3937d322e2e1"",""deployment"":""704cae93-1883-49c0-86e2-2d8501274997"",""replica"":""d9785248-59d5-44a5-b319-189eccb33b49""}",2026-08-20T23:49:23.289759386Z
"  File ""/app/.venv/lib/python3.11/site-packages/uvicorn/importer.py"", line 19, in import_from_string",error,"{""level"":""error""}","{""project"":""586ae7c2-e5b4-48eb-a537-f49216717b2b"",""environment"":""497ce9b3-fb87-4b99-9cf7-6c7305d440e8"",""service"":""2f22293c-9116-4952-b24d-3937d322e2e1"",""deployment"":""704cae93-1883-49c0-86e2-2d8501274997"",""replica"":""d9785248-59d5-44a5-b319-189eccb33b49""}",2026-08-20T23:49:23.289763166Z
    module = importlib.import_module(module_str),error,"{""level"":""error""}","{""project"":""586ae7c2-e5b4-48eb-a537-f49216717b2b"",""environment"":""497ce9b3-fb87-4b99-9cf7-6c7305d440e8"",""service"":""2f22293c-9116-4952-b24d-3937d322e2e1"",""deployment"":""704cae93-1883-49c0-86e2-2d8501274997"",""replica"":""d9785248-59d5-44a5-b319-189eccb33b49""}",2026-08-20T23:49:23.289767686Z
             ^^^^^^^^^^^^^^^^^^^^^^^^^^^^^^^^^^^,error,"{""level"":""error""}","{""project"":""586ae7c2-e5b4-48eb-a537-f49216717b2b"",""environment"":""497ce9b3-fb87-4b99-9cf7-6c7305d440e8"",""service"":""2f22293c-9116-4952-b24d-3937d322e2e1"",""deployment"":""704cae93-1883-49c0-86e2-2d8501274997"",""replica"":""d9785248-59d5-44a5-b319-189eccb33b49""}",2026-08-20T23:49:23.289771416Z
"  File ""/mise/installs/python/3.11.9/lib/python3.11/importlib/__init__.py"", line 126, in import_module",error,"{""level"":""error""}","{""project"":""586ae7c2-e5b4-48eb-a537-f49216717b2b"",""environment"":""497ce9b3-fb87-4b99-9cf7-6c7305d440e8"",""service"":""2f22293c-9116-4952-b24d-3937d322e2e1"",""deployment"":""704cae93-1883-49c0-86e2-2d8501274997"",""replica"":""d9785248-59d5-44a5-b319-189eccb33b49""}",2026-08-20T23:49:23.289774816Z
"    return _bootstrap._gcd_import(name[level:], package, level)",error,"{""level"":""error""}","{""project"":""586ae7c2-e5b4-48eb-a537-f49216717b2b"",""environment"":""497ce9b3-fb87-4b99-9cf7-6c7305d440e8"",""service"":""2f22293c-9116-4952-b24d-3937d322e2e1"",""deployment"":""704cae93-1883-49c0-86e2-2d8501274997"",""replica"":""d9785248-59d5-44a5-b319-189eccb33b49""}",2026-08-20T23:49:23.289785235Z
           ^^^^^^^^^^^^^^^^^^^^^^^^^^^^^^^^^^^^^^^^^^^^^^^^^^^^,error,"{""level"":""error""}","{""project"":""586ae7c2-e5b4-48eb-a537-f49216717b2b"",""environment"":""497ce9b3-fb87-4b99-9cf7-6c7305d440e8"",""service"":""2f22293c-9116-4952-b24d-3937d322e2e1"",""deployment"":""704cae93-1883-49c0-86e2-2d8501274997"",""replica"":""d9785248-59d5-44a5-b319-189eccb33b49""}",2026-08-20T23:49:23.289938512Z
"  File ""<frozen importlib._bootstrap>"", line 1204, in _gcd_import",error,"{""level"":""error""}","{""project"":""586ae7c2-e5b4-48eb-a537-f49216717b2b"",""environment"":""497ce9b3-fb87-4b99-9cf7-6c7305d440e8"",""service"":""2f22293c-9116-4952-b24d-3937d322e2e1"",""deployment"":""704cae93-1883-49c0-86e2-2d8501274997"",""replica"":""d9785248-59d5-44a5-b319-189eccb33b49""}",2026-08-20T23:49:23.289949402Z
"  File ""<frozen importlib._bootstrap>"", line 1176, in _find_and_load",error,"{""level"":""error""}","{""project"":""586ae7c2-e5b4-48eb-a537-f49216717b2b"",""environment"":""497ce9b3-fb87-4b99-9cf7-6c7305d440e8"",""service"":""2f22293c-9116-4952-b24d-3937d322e2e1"",""deployment"":""704cae93-1883-49c0-86e2-2d8501274997"",""replica"":""d9785248-59d5-44a5-b319-189eccb33b49""}",2026-08-20T23:49:23.289957752Z
"  File ""<frozen importlib._bootstrap>"", line 1147, in _find_and_load_unlocked",error,"{""level"":""error""}","{""project"":""586ae7c2-e5b4-48eb-a537-f49216717b2b"",""environment"":""497ce9b3-fb87-4b99-9cf7-6c7305d440e8"",""service"":""2f22293c-9116-4952-b24d-3937d322e2e1"",""deployment"":""704cae93-1883-49c0-86e2-2d8501274997"",""replica"":""d9785248-59d5-44a5-b319-189eccb33b49""}",2026-08-20T23:49:23.289961892Z
"  File ""<frozen importlib._bootstrap>"", line 690, in _load_unlocked",error,"{""level"":""error""}","{""project"":""586ae7c2-e5b4-48eb-a537-f49216717b2b"",""environment"":""497ce9b3-fb87-4b99-9cf7-6c7305d440e8"",""service"":""2f22293c-9116-4952-b24d-3937d322e2e1"",""deployment"":""704cae93-1883-49c0-86e2-2d8501274997"",""replica"":""d9785248-59d5-44a5-b319-189eccb33b49""}",2026-08-20T23:49:23.289966742Z
"  File ""<frozen importlib._bootstrap_external>"", line 940, in exec_module",error,"{""level"":""error""}","{""project"":""586ae7c2-e5b4-48eb-a537-f49216717b2b"",""environment"":""497ce9b3-fb87-4b99-9cf7-6c7305d440e8"",""service"":""2f22293c-9116-4952-b24d-3937d322e2e1"",""deployment"":""704cae93-1883-49c0-86e2-2d8501274997"",""replica"":""d9785248-59d5-44a5-b319-189eccb33b49""}",2026-08-20T23:49:23.289971472Z
"  File ""<frozen importlib._bootstrap>"", line 241, in _call_with_frames_removed",error,"{""level"":""error""}","{""project"":""586ae7c2-e5b4-48eb-a537-f49216717b2b"",""environment"":""497ce9b3-fb87-4b99-9cf7-6c7305d440e8"",""service"":""2f22293c-9116-4952-b24d-3937d322e2e1"",""deployment"":""704cae93-1883-49c0-86e2-2d8501274997"",""replica"":""d9785248-59d5-44a5-b319-189eccb33b49""}",2026-08-20T23:49:23.289975622Z
"  File ""/app/api/index.py"", line 7, in <module>",error,"{""level"":""error""}","{""project"":""586ae7c2-e5b4-48eb-a537-f49216717b2b"",""environment"":""497ce9b3-fb87-4b99-9cf7-6c7305d440e8"",""service"":""2f22293c-9116-4952-b24d-3937d322e2e1"",""deployment"":""704cae93-1883-49c0-86e2-2d8501274997"",""replica"":""d9785248-59d5-44a5-b319-189eccb33b49""}",2026-08-20T23:49:23.289979142Z
    from api.engines.news_engine import NewsEngine,error,"{""level"":""error""}","{""project"":""586ae7c2-e5b4-48eb-a537-f49216717b2b"",""environment"":""497ce9b3-fb87-4b99-9cf7-6c7305d440e8"",""service"":""2f22293c-9116-4952-b24d-3937d322e2e1"",""deployment"":""704cae93-1883-49c0-86e2-2d8501274997"",""replica"":""d9785248-59d5-44a5-b319-189eccb33b49""}",2026-08-20T23:49:23.289982822Z
"  File ""/app/api/engines/news_engine.py"", line 1, in <module>",error,"{""level"":""error""}","{""project"":""586ae7c2-e5b4-48eb-a537-f49216717b2b"",""environment"":""497ce9b3-fb87-4b99-9cf7-6c7305d440e8"",""service"":""2f22293c-9116-4952-b24d-3937d322e2e1"",""deployment"":""704cae93-1883-49c0-86e2-2d8501274997"",""replica"":""d9785248-59d5-44a5-b319-189eccb33b49""}",2026-08-20T23:49:23.289986992Z
    import httpx,error,"{""level"":""error""}","{""project"":""586ae7c2-e5b4-48eb-a537-f49216717b2b"",""environment"":""497ce9b3-fb87-4b99-9cf7-6c7305d440e8"",""service"":""2f22293c-9116-4952-b24d-3937d322e2e1"",""deployment"":""704cae93-1883-49c0-86e2-2d8501274997"",""replica"":""d9785248-59d5-44a5-b319-189eccb33b49""}",2026-08-20T23:49:23.289990631Z
ModuleNotFoundError: No module named 'httpx',error,"{""level"":""error""}","{""project"":""586ae7c2-e5b4-48eb-a537-f49216717b2b"",""environment"":""497ce9b3-fb87-4b99-9cf7-6c7305d440e8"",""service"":""2f22293c-9116-4952-b24d-3937d322e2e1"",""deployment"":""704cae93-1883-49c0-86e2-2d8501274997"",""replica"":""d9785248-59d5-44a5-b319-189eccb33b49""}",2026-08-20T23:49:23.289994241Z
         ^^^^^^^^^^^^^^^^,error,"{""level"":""error""}","{""project"":""586ae7c2-e5b4-48eb-a537-f49216717b2b"",""environment"":""497ce9b3-fb87-4b99-9cf7-6c7305d440e8"",""service"":""2f22293c-9116-4952-b24d-3937d322e2e1"",""deployment"":""704cae93-1883-49c0-86e2-2d8501274997"",""replica"":""d9785248-59d5-44a5-b319-189eccb33b49""}",2026-08-20T23:49:25.710252084Z
"  File ""/app/.venv/lib/python3.11/site-packages/click/core.py"", line 1353, in invoke",error,"{""level"":""error""}","{""project"":""586ae7c2-e5b4-48eb-a537-f49216717b2b"",""environment"":""497ce9b3-fb87-4b99-9cf7-6c7305d440e8"",""service"":""2f22293c-9116-4952-b24d-3937d322e2e1"",""deployment"":""704cae93-1883-49c0-86e2-2d8501274997"",""replica"":""d9785248-59d5-44a5-b319-189eccb33b49""}",2026-08-20T23:49:25.710258304Z
"    return ctx.invoke(self.callback, **ctx.params)",error,"{""level"":""error""}","{""project"":""586ae7c2-e5b4-48eb-a537-f49216717b2b"",""environment"":""497ce9b3-fb87-4b99-9cf7-6c7305d440e8"",""service"":""2f22293c-9116-4952-b24d-3937d322e2e1"",""deployment"":""704cae93-1883-49c0-86e2-2d8501274997"",""replica"":""d9785248-59d5-44a5-b319-189eccb33b49""}",2026-08-20T23:49:25.710261414Z
           ^^^^^^^^^^^^^^^^^^^^^^^^^^^^^^^^^^^^^^^,error,"{""level"":""error""}","{""project"":""586ae7c2-e5b4-48eb-a537-f49216717b2b"",""environment"":""497ce9b3-fb87-4b99-9cf7-6c7305d440e8"",""service"":""2f22293c-9116-4952-b24d-3937d322e2e1"",""deployment"":""704cae93-1883-49c0-86e2-2d8501274997"",""replica"":""d9785248-59d5-44a5-b319-189eccb33b49""}",2026-08-20T23:49:25.710265624Z
"  File ""/app/.venv/lib/python3.11/site-packages/click/core.py"", line 907, in invoke",error,"{""level"":""error""}","{""project"":""586ae7c2-e5b4-48eb-a537-f49216717b2b"",""environment"":""497ce9b3-fb87-4b99-9cf7-6c7305d440e8"",""service"":""2f22293c-9116-4952-b24d-3937d322e2e1"",""deployment"":""704cae93-1883-49c0-86e2-2d8501274997"",""replica"":""d9785248-59d5-44a5-b319-189eccb33b49""}",2026-08-20T23:49:25.710269503Z
"    return callback(*args, **kwargs)",error,"{""level"":""error""}","{""project"":""586ae7c2-e5b4-48eb-a537-f49216717b2b"",""environment"":""497ce9b3-fb87-4b99-9cf7-6c7305d440e8"",""service"":""2f22293c-9116-4952-b24d-3937d322e2e1"",""deployment"":""704cae93-1883-49c0-86e2-2d8501274997"",""replica"":""d9785248-59d5-44a5-b319-189eccb33b49""}",2026-08-20T23:49:25.710273043Z
           ^^^^^^^^^^^^^^^^^^^^^^^^^,error,"{""level"":""error""}","{""project"":""586ae7c2-e5b4-48eb-a537-f49216717b2b"",""environment"":""497ce9b3-fb87-4b99-9cf7-6c7305d440e8"",""service"":""2f22293c-9116-4952-b24d-3937d322e2e1"",""deployment"":""704cae93-1883-49c0-86e2-2d8501274997"",""replica"":""d9785248-59d5-44a5-b319-189eccb33b49""}",2026-08-20T23:49:25.710279553Z
"  File ""/app/.venv/lib/python3.11/site-packages/uvicorn/main.py"", line 440, in main",error,"{""level"":""error""}","{""project"":""586ae7c2-e5b4-48eb-a537-f49216717b2b"",""environment"":""497ce9b3-fb87-4b99-9cf7-6c7305d440e8"",""service"":""2f22293c-9116-4952-b24d-3937d322e2e1"",""deployment"":""704cae93-1883-49c0-86e2-2d8501274997"",""replica"":""d9785248-59d5-44a5-b319-189eccb33b49""}",2026-08-20T23:49:25.710283463Z
    run(,error,"{""level"":""error""}","{""project"":""586ae7c2-e5b4-48eb-a537-f49216717b2b"",""environment"":""497ce9b3-fb87-4b99-9cf7-6c7305d440e8"",""service"":""2f22293c-9116-4952-b24d-3937d322e2e1"",""deployment"":""704cae93-1883-49c0-86e2-2d8501274997"",""replica"":""d9785248-59d5-44a5-b319-189eccb33b49""}",2026-08-20T23:49:25.710287663Z
Traceback (most recent call last):,error,"{""level"":""error""}","{""project"":""586ae7c2-e5b4-48eb-a537-f49216717b2b"",""environment"":""497ce9b3-fb87-4b99-9cf7-6c7305d440e8"",""service"":""2f22293c-9116-4952-b24d-3937d322e2e1"",""deployment"":""704cae93-1883-49c0-86e2-2d8501274997"",""replica"":""d9785248-59d5-44a5-b319-189eccb33b49""}",2026-08-20T23:49:25.710323122Z
"  File ""/app/.venv/bin/uvicorn"", line 8, in <module>",error,"{""level"":""error""}","{""project"":""586ae7c2-e5b4-48eb-a537-f49216717b2b"",""environment"":""497ce9b3-fb87-4b99-9cf7-6c7305d440e8"",""service"":""2f22293c-9116-4952-b24d-3937d322e2e1"",""deployment"":""704cae93-1883-49c0-86e2-2d8501274997"",""replica"":""d9785248-59d5-44a5-b319-189eccb33b49""}",2026-08-20T23:49:25.710327772Z
    sys.exit(main()),error,"{""level"":""error""}","{""project"":""586ae7c2-e5b4-48eb-a537-f49216717b2b"",""environment"":""497ce9b3-fb87-4b99-9cf7-6c7305d440e8"",""service"":""2f22293c-9116-4952-b24d-3937d322e2e1"",""deployment"":""704cae93-1883-49c0-86e2-2d8501274997"",""replica"":""d9785248-59d5-44a5-b319-189eccb33b49""}",2026-08-20T23:49:25.710331142Z
             ^^^^^^,error,"{""level"":""error""}","{""project"":""586ae7c2-e5b4-48eb-a537-f49216717b2b"",""environment"":""497ce9b3-fb87-4b99-9cf7-6c7305d440e8"",""service"":""2f22293c-9116-4952-b24d-3937d322e2e1"",""deployment"":""704cae93-1883-49c0-86e2-2d8501274997"",""replica"":""d9785248-59d5-44a5-b319-189eccb33b49""}",2026-08-20T23:49:25.710336212Z
"  File ""/app/.venv/lib/python3.11/site-packages/click/core.py"", line 1569, in __call__",error,"{""level"":""error""}","{""project"":""586ae7c2-e5b4-48eb-a537-f49216717b2b"",""environment"":""497ce9b3-fb87-4b99-9cf7-6c7305d440e8"",""service"":""2f22293c-9116-4952-b24d-3937d322e2e1"",""deployment"":""704cae93-1883-49c0-86e2-2d8501274997"",""replica"":""d9785248-59d5-44a5-b319-189eccb33b49""}",2026-08-20T23:49:25.710340322Z
"    return self.main(*args, **kwargs)",error,"{""level"":""error""}","{""project"":""586ae7c2-e5b4-48eb-a537-f49216717b2b"",""environment"":""497ce9b3-fb87-4b99-9cf7-6c7305d440e8"",""service"":""2f22293c-9116-4952-b24d-3937d322e2e1"",""deployment"":""704cae93-1883-49c0-86e2-2d8501274997"",""replica"":""d9785248-59d5-44a5-b319-189eccb33b49""}",2026-08-20T23:49:25.710343672Z
           ^^^^^^^^^^^^^^^^^^^^^^^^^^,error,"{""level"":""error""}","{""project"":""586ae7c2-e5b4-48eb-a537-f49216717b2b"",""environment"":""497ce9b3-fb87-4b99-9cf7-6c7305d440e8"",""service"":""2f22293c-9116-4952-b24d-3937d322e2e1"",""deployment"":""704cae93-1883-49c0-86e2-2d8501274997"",""replica"":""d9785248-59d5-44a5-b319-189eccb33b49""}",2026-08-20T23:49:25.710347502Z
"  File ""/app/.venv/lib/python3.11/site-packages/click/core.py"", line 1490, in main",error,"{""level"":""error""}","{""project"":""586ae7c2-e5b4-48eb-a537-f49216717b2b"",""environment"":""497ce9b3-fb87-4b99-9cf7-6c7305d440e8"",""service"":""2f22293c-9116-4952-b24d-3937d322e2e1"",""deployment"":""704cae93-1883-49c0-86e2-2d8501274997"",""replica"":""d9785248-59d5-44a5-b319-189eccb33b49""}",2026-08-20T23:49:25.710350992Z
    rv = self.invoke(ctx),error,"{""level"":""error""}","{""project"":""586ae7c2-e5b4-48eb-a537-f49216717b2b"",""environment"":""497ce9b3-fb87-4b99-9cf7-6c7305d440e8"",""service"":""2f22293c-9116-4952-b24d-3937d322e2e1"",""deployment"":""704cae93-1883-49c0-86e2-2d8501274997"",""replica"":""d9785248-59d5-44a5-b319-189eccb33b49""}",2026-08-20T23:49:25.710354622Z
           ^^^^^^^^^^^^^^^^^^^^^^^^^^^^,error,"{""level"":""error""}","{""project"":""586ae7c2-e5b4-48eb-a537-f49216717b2b"",""environment"":""497ce9b3-fb87-4b99-9cf7-6c7305d440e8"",""service"":""2f22293c-9116-4952-b24d-3937d322e2e1"",""deployment"":""704cae93-1883-49c0-86e2-2d8501274997"",""replica"":""d9785248-59d5-44a5-b319-189eccb33b49""}",2026-08-20T23:49:25.710508520Z
"  File ""/app/.venv/lib/python3.11/site-packages/uvicorn/main.py"", line 609, in run",error,"{""level"":""error""}","{""project"":""586ae7c2-e5b4-48eb-a537-f49216717b2b"",""environment"":""497ce9b3-fb87-4b99-9cf7-6c7305d440e8"",""service"":""2f22293c-9116-4952-b24d-3937d322e2e1"",""deployment"":""704cae93-1883-49c0-86e2-2d8501274997"",""replica"":""d9785248-59d5-44a5-b319-189eccb33b49""}",2026-08-20T23:49:25.710515190Z
"  File ""/app/.venv/lib/python3.11/site-packages/uvicorn/importer.py"", line 22, in import_from_string",error,"{""level"":""error""}","{""project"":""586ae7c2-e5b4-48eb-a537-f49216717b2b"",""environment"":""497ce9b3-fb87-4b99-9cf7-6c7305d440e8"",""service"":""2f22293c-9116-4952-b24d-3937d322e2e1"",""deployment"":""704cae93-1883-49c0-86e2-2d8501274997"",""replica"":""d9785248-59d5-44a5-b319-189eccb33b49""}",2026-08-20T23:49:25.710519350Z
    config.load_app(),error,"{""level"":""error""}","{""project"":""586ae7c2-e5b4-48eb-a537-f49216717b2b"",""environment"":""497ce9b3-fb87-4b99-9cf7-6c7305d440e8"",""service"":""2f22293c-9116-4952-b24d-3937d322e2e1"",""deployment"":""704cae93-1883-49c0-86e2-2d8501274997"",""replica"":""d9785248-59d5-44a5-b319-189eccb33b49""}",2026-08-20T23:49:25.710522750Z
    raise exc from None,error,"{""level"":""error""}","{""project"":""586ae7c2-e5b4-48eb-a537-f49216717b2b"",""environment"":""497ce9b3-fb87-4b99-9cf7-6c7305d440e8"",""service"":""2f22293c-9116-4952-b24d-3937d322e2e1"",""deployment"":""704cae93-1883-49c0-86e2-2d8501274997"",""replica"":""d9785248-59d5-44a5-b319-189eccb33b49""}",2026-08-20T23:49:25.710527240Z
"  File ""/app/.venv/lib/python3.11/site-packages/uvicorn/importer.py"", line 19, in import_from_string",error,"{""level"":""error""}","{""project"":""586ae7c2-e5b4-48eb-a537-f49216717b2b"",""environment"":""497ce9b3-fb87-4b99-9cf7-6c7305d440e8"",""service"":""2f22293c-9116-4952-b24d-3937d322e2e1"",""deployment"":""704cae93-1883-49c0-86e2-2d8501274997"",""replica"":""d9785248-59d5-44a5-b319-189eccb33b49""}",2026-08-20T23:49:25.710534670Z
"  File ""/app/.venv/lib/python3.11/site-packages/uvicorn/config.py"", line 428, in load_app",error,"{""level"":""error""}","{""project"":""586ae7c2-e5b4-48eb-a537-f49216717b2b"",""environment"":""497ce9b3-fb87-4b99-9cf7-6c7305d440e8"",""service"":""2f22293c-9116-4952-b24d-3937d322e2e1"",""deployment"":""704cae93-1883-49c0-86e2-2d8501274997"",""replica"":""d9785248-59d5-44a5-b319-189eccb33b49""}",2026-08-20T23:49:25.710534820Z
    return import_from_string(self.app),error,"{""level"":""error""}","{""project"":""586ae7c2-e5b4-48eb-a537-f49216717b2b"",""environment"":""497ce9b3-fb87-4b99-9cf7-6c7305d440e8"",""service"":""2f22293c-9116-4952-b24d-3937d322e2e1"",""deployment"":""704cae93-1883-49c0-86e2-2d8501274997"",""replica"":""d9785248-59d5-44a5-b319-189eccb33b49""}",2026-08-20T23:49:25.710541559Z
    module = importlib.import_module(module_str),error,"{""level"":""error""}","{""project"":""586ae7c2-e5b4-48eb-a537-f49216717b2b"",""environment"":""497ce9b3-fb87-4b99-9cf7-6c7305d440e8"",""service"":""2f22293c-9116-4952-b24d-3937d322e2e1"",""deployment"":""704cae93-1883-49c0-86e2-2d8501274997"",""replica"":""d9785248-59d5-44a5-b319-189eccb33b49""}",2026-08-20T23:49:25.710544139Z
             ^^^^^^^^^^^^^^^^^^^^^^^^^^^^^^^^^^^,error,"{""level"":""error""}","{""project"":""586ae7c2-e5b4-48eb-a537-f49216717b2b"",""environment"":""497ce9b3-fb87-4b99-9cf7-6c7305d440e8"",""service"":""2f22293c-9116-4952-b24d-3937d322e2e1"",""deployment"":""704cae93-1883-49c0-86e2-2d8501274997"",""replica"":""d9785248-59d5-44a5-b319-189eccb33b49""}",2026-08-20T23:49:25.710549579Z
"  File ""/mise/installs/python/3.11.9/lib/python3.11/importlib/__init__.py"", line 126, in import_module",error,"{""level"":""error""}","{""project"":""586ae7c2-e5b4-48eb-a537-f49216717b2b"",""environment"":""497ce9b3-fb87-4b99-9cf7-6c7305d440e8"",""service"":""2f22293c-9116-4952-b24d-3937d322e2e1"",""deployment"":""704cae93-1883-49c0-86e2-2d8501274997"",""replica"":""d9785248-59d5-44a5-b319-189eccb33b49""}",2026-08-20T23:49:25.710554369Z
"    return _bootstrap._gcd_import(name[level:], package, level)",error,"{""level"":""error""}","{""project"":""586ae7c2-e5b4-48eb-a537-f49216717b2b"",""environment"":""497ce9b3-fb87-4b99-9cf7-6c7305d440e8"",""service"":""2f22293c-9116-4952-b24d-3937d322e2e1"",""deployment"":""704cae93-1883-49c0-86e2-2d8501274997"",""replica"":""d9785248-59d5-44a5-b319-189eccb33b49""}",2026-08-20T23:49:25.710559959Z
           ^^^^^^^^^^^^^^^^^^^^^^^^^^^^^^^^^^^^^^^^^^^^^^^^^^^^,error,"{""level"":""error""}","{""project"":""586ae7c2-e5b4-48eb-a537-f49216717b2b"",""environment"":""497ce9b3-fb87-4b99-9cf7-6c7305d440e8"",""service"":""2f22293c-9116-4952-b24d-3937d322e2e1"",""deployment"":""704cae93-1883-49c0-86e2-2d8501274997"",""replica"":""d9785248-59d5-44a5-b319-189eccb33b49""}",2026-08-20T23:49:25.710564989Z
"  File ""<frozen importlib._bootstrap>"", line 1204, in _gcd_import",error,"{""level"":""error""}","{""project"":""586ae7c2-e5b4-48eb-a537-f49216717b2b"",""environment"":""497ce9b3-fb87-4b99-9cf7-6c7305d440e8"",""service"":""2f22293c-9116-4952-b24d-3937d322e2e1"",""deployment"":""704cae93-1883-49c0-86e2-2d8501274997"",""replica"":""d9785248-59d5-44a5-b319-189eccb33b49""}",2026-08-20T23:49:25.710569789Z
"  File ""<frozen importlib._bootstrap>"", line 1176, in _find_and_load",error,"{""level"":""error""}","{""project"":""586ae7c2-e5b4-48eb-a537-f49216717b2b"",""environment"":""497ce9b3-fb87-4b99-9cf7-6c7305d440e8"",""service"":""2f22293c-9116-4952-b24d-3937d322e2e1"",""deployment"":""704cae93-1883-49c0-86e2-2d8501274997"",""replica"":""d9785248-59d5-44a5-b319-189eccb33b49""}",2026-08-20T23:49:25.710612318Z
"  File ""<frozen importlib._bootstrap>"", line 1147, in _find_and_load_unlocked",error,"{""level"":""error""}","{""project"":""586ae7c2-e5b4-48eb-a537-f49216717b2b"",""environment"":""497ce9b3-fb87-4b99-9cf7-6c7305d440e8"",""service"":""2f22293c-9116-4952-b24d-3937d322e2e1"",""deployment"":""704cae93-1883-49c0-86e2-2d8501274997"",""replica"":""d9785248-59d5-44a5-b319-189eccb33b49""}",2026-08-20T23:49:25.710618348Z
"  File ""/app/api/index.py"", line 7, in <module>",error,"{""level"":""error""}","{""project"":""586ae7c2-e5b4-48eb-a537-f49216717b2b"",""environment"":""497ce9b3-fb87-4b99-9cf7-6c7305d440e8"",""service"":""2f22293c-9116-4952-b24d-3937d322e2e1"",""deployment"":""704cae93-1883-49c0-86e2-2d8501274997"",""replica"":""d9785248-59d5-44a5-b319-189eccb33b49""}",2026-08-20T23:49:25.710624128Z
"  File ""<frozen importlib._bootstrap>"", line 690, in _load_unlocked",error,"{""level"":""error""}","{""project"":""586ae7c2-e5b4-48eb-a537-f49216717b2b"",""environment"":""497ce9b3-fb87-4b99-9cf7-6c7305d440e8"",""service"":""2f22293c-9116-4952-b24d-3937d322e2e1"",""deployment"":""704cae93-1883-49c0-86e2-2d8501274997"",""replica"":""d9785248-59d5-44a5-b319-189eccb33b49""}",2026-08-20T23:49:25.710626028Z
"  File ""<frozen importlib._bootstrap_external>"", line 940, in exec_module",error,"{""level"":""error""}","{""project"":""586ae7c2-e5b4-48eb-a537-f49216717b2b"",""environment"":""497ce9b3-fb87-4b99-9cf7-6c7305d440e8"",""service"":""2f22293c-9116-4952-b24d-3937d322e2e1"",""deployment"":""704cae93-1883-49c0-86e2-2d8501274997"",""replica"":""d9785248-59d5-44a5-b319-189eccb33b49""}",2026-08-20T23:49:25.710633718Z
    from api.engines.news_engine import NewsEngine,error,"{""level"":""error""}","{""project"":""586ae7c2-e5b4-48eb-a537-f49216717b2b"",""environment"":""497ce9b3-fb87-4b99-9cf7-6c7305d440e8"",""service"":""2f22293c-9116-4952-b24d-3937d322e2e1"",""deployment"":""704cae93-1883-49c0-86e2-2d8501274997"",""replica"":""d9785248-59d5-44a5-b319-189eccb33b49""}",2026-08-20T23:49:25.710634348Z
"  File ""<frozen importlib._bootstrap>"", line 241, in _call_with_frames_removed",error,"{""level"":""error""}","{""project"":""586ae7c2-e5b4-48eb-a537-f49216717b2b"",""environment"":""497ce9b3-fb87-4b99-9cf7-6c7305d440e8"",""service"":""2f22293c-9116-4952-b24d-3937d322e2e1"",""deployment"":""704cae93-1883-49c0-86e2-2d8501274997"",""replica"":""d9785248-59d5-44a5-b319-189eccb33b49""}",2026-08-20T23:49:25.710639658Z
"  File ""/app/api/engines/news_engine.py"", line 1, in <module>",error,"{""level"":""error""}","{""project"":""586ae7c2-e5b4-48eb-a537-f49216717b2b"",""environment"":""497ce9b3-fb87-4b99-9cf7-6c7305d440e8"",""service"":""2f22293c-9116-4952-b24d-3937d322e2e1"",""deployment"":""704cae93-1883-49c0-86e2-2d8501274997"",""replica"":""d9785248-59d5-44a5-b319-189eccb33b49""}",2026-08-20T23:49:25.710642937Z
    import httpx,error,"{""level"":""error""}","{""project"":""586ae7c2-e5b4-48eb-a537-f49216717b2b"",""environment"":""497ce9b3-fb87-4b99-9cf7-6c7305d440e8"",""service"":""2f22293c-9116-4952-b24d-3937d322e2e1"",""deployment"":""704cae93-1883-49c0-86e2-2d8501274997"",""replica"":""d9785248-59d5-44a5-b319-189eccb33b49""}",2026-08-20T23:49:25.710647837Z
ModuleNotFoundError: No module named 'httpx',error,"{""level"":""error""}","{""project"":""586ae7c2-e5b4-48eb-a537-f49216717b2b"",""environment"":""497ce9b3-fb87-4b99-9cf7-6c7305d440e8"",""service"":""2f22293c-9116-4952-b24d-3937d322e2e1"",""deployment"":""704cae93-1883-49c0-86e2-2d8501274997"",""replica"":""d9785248-59d5-44a5-b319-189eccb33b49""}",2026-08-20T23:49:25.710652197Z
Traceback (most recent call last):,error,"{""level"":""error""}","{""project"":""586ae7c2-e5b4-48eb-a537-f49216717b2b"",""environment"":""497ce9b3-fb87-4b99-9cf7-6c7305d440e8"",""service"":""2f22293c-9116-4952-b24d-3937d322e2e1"",""deployment"":""704cae93-1883-49c0-86e2-2d8501274997"",""replica"":""d9785248-59d5-44a5-b319-189eccb33b49""}",2026-08-20T23:49:27.850019354Z
"  File ""/app/.venv/bin/uvicorn"", line 8, in <module>",error,"{""level"":""error""}","{""project"":""586ae7c2-e5b4-48eb-a537-f49216717b2b"",""environment"":""497ce9b3-fb87-4b99-9cf7-6c7305d440e8"",""service"":""2f22293c-9116-4952-b24d-3937d322e2e1"",""deployment"":""704cae93-1883-49c0-86e2-2d8501274997"",""replica"":""d9785248-59d5-44a5-b319-189eccb33b49""}",2026-08-20T23:49:27.850023324Z
    sys.exit(main()),error,"{""level"":""error""}","{""project"":""586ae7c2-e5b4-48eb-a537-f49216717b2b"",""environment"":""497ce9b3-fb87-4b99-9cf7-6c7305d440e8"",""service"":""2f22293c-9116-4952-b24d-3937d322e2e1"",""deployment"":""704cae93-1883-49c0-86e2-2d8501274997"",""replica"":""d9785248-59d5-44a5-b319-189eccb33b49""}",2026-08-20T23:49:27.850027054Z
             ^^^^^^,error,"{""level"":""error""}","{""project"":""586ae7c2-e5b4-48eb-a537-f49216717b2b"",""environment"":""497ce9b3-fb87-4b99-9cf7-6c7305d440e8"",""service"":""2f22293c-9116-4952-b24d-3937d322e2e1"",""deployment"":""704cae93-1883-49c0-86e2-2d8501274997"",""replica"":""d9785248-59d5-44a5-b319-189eccb33b49""}",2026-08-20T23:49:27.850030653Z
"  File ""/app/.venv/lib/python3.11/site-packages/click/core.py"", line 1569, in __call__",error,"{""level"":""error""}","{""project"":""586ae7c2-e5b4-48eb-a537-f49216717b2b"",""environment"":""497ce9b3-fb87-4b99-9cf7-6c7305d440e8"",""service"":""2f22293c-9116-4952-b24d-3937d322e2e1"",""deployment"":""704cae93-1883-49c0-86e2-2d8501274997"",""replica"":""d9785248-59d5-44a5-b319-189eccb33b49""}",2026-08-20T23:49:27.850034073Z
"    return self.main(*args, **kwargs)",error,"{""level"":""error""}","{""project"":""586ae7c2-e5b4-48eb-a537-f49216717b2b"",""environment"":""497ce9b3-fb87-4b99-9cf7-6c7305d440e8"",""service"":""2f22293c-9116-4952-b24d-3937d322e2e1"",""deployment"":""704cae93-1883-49c0-86e2-2d8501274997"",""replica"":""d9785248-59d5-44a5-b319-189eccb33b49""}",2026-08-20T23:49:27.850038183Z
           ^^^^^^^^^^^^^^^^^^^^^^^^^^,error,"{""level"":""error""}","{""project"":""586ae7c2-e5b4-48eb-a537-f49216717b2b"",""environment"":""497ce9b3-fb87-4b99-9cf7-6c7305d440e8"",""service"":""2f22293c-9116-4952-b24d-3937d322e2e1"",""deployment"":""704cae93-1883-49c0-86e2-2d8501274997"",""replica"":""d9785248-59d5-44a5-b319-189eccb33b49""}",2026-08-20T23:49:27.850042323Z
"  File ""/app/.venv/lib/python3.11/site-packages/click/core.py"", line 1490, in main",error,"{""level"":""error""}","{""project"":""586ae7c2-e5b4-48eb-a537-f49216717b2b"",""environment"":""497ce9b3-fb87-4b99-9cf7-6c7305d440e8"",""service"":""2f22293c-9116-4952-b24d-3937d322e2e1"",""deployment"":""704cae93-1883-49c0-86e2-2d8501274997"",""replica"":""d9785248-59d5-44a5-b319-189eccb33b49""}",2026-08-20T23:49:27.850046473Z
    rv = self.invoke(ctx),error,"{""level"":""error""}","{""project"":""586ae7c2-e5b4-48eb-a537-f49216717b2b"",""environment"":""497ce9b3-fb87-4b99-9cf7-6c7305d440e8"",""service"":""2f22293c-9116-4952-b24d-3937d322e2e1"",""deployment"":""704cae93-1883-49c0-86e2-2d8501274997"",""replica"":""d9785248-59d5-44a5-b319-189eccb33b49""}",2026-08-20T23:49:27.850051153Z
         ^^^^^^^^^^^^^^^^,error,"{""level"":""error""}","{""project"":""586ae7c2-e5b4-48eb-a537-f49216717b2b"",""environment"":""497ce9b3-fb87-4b99-9cf7-6c7305d440e8"",""service"":""2f22293c-9116-4952-b24d-3937d322e2e1"",""deployment"":""704cae93-1883-49c0-86e2-2d8501274997"",""replica"":""d9785248-59d5-44a5-b319-189eccb33b49""}",2026-08-20T23:49:27.850055053Z
"  File ""/app/.venv/lib/python3.11/site-packages/click/core.py"", line 1353, in invoke",error,"{""level"":""error""}","{""project"":""586ae7c2-e5b4-48eb-a537-f49216717b2b"",""environment"":""497ce9b3-fb87-4b99-9cf7-6c7305d440e8"",""service"":""2f22293c-9116-4952-b24d-3937d322e2e1"",""deployment"":""704cae93-1883-49c0-86e2-2d8501274997"",""replica"":""d9785248-59d5-44a5-b319-189eccb33b49""}",2026-08-20T23:49:27.850058953Z
"    return ctx.invoke(self.callback, **ctx.params)",error,"{""level"":""error""}","{""project"":""586ae7c2-e5b4-48eb-a537-f49216717b2b"",""environment"":""497ce9b3-fb87-4b99-9cf7-6c7305d440e8"",""service"":""2f22293c-9116-4952-b24d-3937d322e2e1"",""deployment"":""704cae93-1883-49c0-86e2-2d8501274997"",""replica"":""d9785248-59d5-44a5-b319-189eccb33b49""}",2026-08-20T23:49:27.850062533Z
           ^^^^^^^^^^^^^^^^^^^^^^^^^^^^^^^^^^^^^^^,error,"{""level"":""error""}","{""project"":""586ae7c2-e5b4-48eb-a537-f49216717b2b"",""environment"":""497ce9b3-fb87-4b99-9cf7-6c7305d440e8"",""service"":""2f22293c-9116-4952-b24d-3937d322e2e1"",""deployment"":""704cae93-1883-49c0-86e2-2d8501274997"",""replica"":""d9785248-59d5-44a5-b319-189eccb33b49""}",2026-08-20T23:49:27.850066743Z
"  File ""/app/.venv/lib/python3.11/site-packages/click/core.py"", line 907, in invoke",error,"{""level"":""error""}","{""project"":""586ae7c2-e5b4-48eb-a537-f49216717b2b"",""environment"":""497ce9b3-fb87-4b99-9cf7-6c7305d440e8"",""service"":""2f22293c-9116-4952-b24d-3937d322e2e1"",""deployment"":""704cae93-1883-49c0-86e2-2d8501274997"",""replica"":""d9785248-59d5-44a5-b319-189eccb33b49""}",2026-08-20T23:49:27.850076013Z
"    return callback(*args, **kwargs)",error,"{""level"":""error""}","{""project"":""586ae7c2-e5b4-48eb-a537-f49216717b2b"",""environment"":""497ce9b3-fb87-4b99-9cf7-6c7305d440e8"",""service"":""2f22293c-9116-4952-b24d-3937d322e2e1"",""deployment"":""704cae93-1883-49c0-86e2-2d8501274997"",""replica"":""d9785248-59d5-44a5-b319-189eccb33b49""}",2026-08-20T23:49:27.850079443Z
           ^^^^^^^^^^^^^^^^^^^^^^^^^,error,"{""level"":""error""}","{""project"":""586ae7c2-e5b4-48eb-a537-f49216717b2b"",""environment"":""497ce9b3-fb87-4b99-9cf7-6c7305d440e8"",""service"":""2f22293c-9116-4952-b24d-3937d322e2e1"",""deployment"":""704cae93-1883-49c0-86e2-2d8501274997"",""replica"":""d9785248-59d5-44a5-b319-189eccb33b49""}",2026-08-20T23:49:27.850657282Z
           ^^^^^^^^^^^^^^^^^^^^^^^^^^^^,error,"{""level"":""error""}","{""project"":""586ae7c2-e5b4-48eb-a537-f49216717b2b"",""environment"":""497ce9b3-fb87-4b99-9cf7-6c7305d440e8"",""service"":""2f22293c-9116-4952-b24d-3937d322e2e1"",""deployment"":""704cae93-1883-49c0-86e2-2d8501274997"",""replica"":""d9785248-59d5-44a5-b319-189eccb33b49""}",2026-08-20T23:49:27.850658282Z
"  File ""/app/.venv/lib/python3.11/site-packages/uvicorn/main.py"", line 440, in main",error,"{""level"":""error""}","{""project"":""586ae7c2-e5b4-48eb-a537-f49216717b2b"",""environment"":""497ce9b3-fb87-4b99-9cf7-6c7305d440e8"",""service"":""2f22293c-9116-4952-b24d-3937d322e2e1"",""deployment"":""704cae93-1883-49c0-86e2-2d8501274997"",""replica"":""d9785248-59d5-44a5-b319-189eccb33b49""}",2026-08-20T23:49:27.850663102Z
"  File ""/app/.venv/lib/python3.11/site-packages/uvicorn/importer.py"", line 22, in import_from_string",error,"{""level"":""error""}","{""project"":""586ae7c2-e5b4-48eb-a537-f49216717b2b"",""environment"":""497ce9b3-fb87-4b99-9cf7-6c7305d440e8"",""service"":""2f22293c-9116-4952-b24d-3937d322e2e1"",""deployment"":""704cae93-1883-49c0-86e2-2d8501274997"",""replica"":""d9785248-59d5-44a5-b319-189eccb33b49""}",2026-08-20T23:49:27.850665332Z
    run(,error,"{""level"":""error""}","{""project"":""586ae7c2-e5b4-48eb-a537-f49216717b2b"",""environment"":""497ce9b3-fb87-4b99-9cf7-6c7305d440e8"",""service"":""2f22293c-9116-4952-b24d-3937d322e2e1"",""deployment"":""704cae93-1883-49c0-86e2-2d8501274997"",""replica"":""d9785248-59d5-44a5-b319-189eccb33b49""}",2026-08-20T23:49:27.850667652Z
    raise exc from None,error,"{""level"":""error""}","{""project"":""586ae7c2-e5b4-48eb-a537-f49216717b2b"",""environment"":""497ce9b3-fb87-4b99-9cf7-6c7305d440e8"",""service"":""2f22293c-9116-4952-b24d-3937d322e2e1"",""deployment"":""704cae93-1883-49c0-86e2-2d8501274997"",""replica"":""d9785248-59d5-44a5-b319-189eccb33b49""}",2026-08-20T23:49:27.850669591Z
"  File ""/app/.venv/lib/python3.11/site-packages/uvicorn/main.py"", line 609, in run",error,"{""level"":""error""}","{""project"":""586ae7c2-e5b4-48eb-a537-f49216717b2b"",""environment"":""497ce9b3-fb87-4b99-9cf7-6c7305d440e8"",""service"":""2f22293c-9116-4952-b24d-3937d322e2e1"",""deployment"":""704cae93-1883-49c0-86e2-2d8501274997"",""replica"":""d9785248-59d5-44a5-b319-189eccb33b49""}",2026-08-20T23:49:27.850672151Z
"  File ""/app/.venv/lib/python3.11/site-packages/uvicorn/importer.py"", line 19, in import_from_string",error,"{""level"":""error""}","{""project"":""586ae7c2-e5b4-48eb-a537-f49216717b2b"",""environment"":""497ce9b3-fb87-4b99-9cf7-6c7305d440e8"",""service"":""2f22293c-9116-4952-b24d-3937d322e2e1"",""deployment"":""704cae93-1883-49c0-86e2-2d8501274997"",""replica"":""d9785248-59d5-44a5-b319-189eccb33b49""}",2026-08-20T23:49:27.850673891Z
    config.load_app(),error,"{""level"":""error""}","{""project"":""586ae7c2-e5b4-48eb-a537-f49216717b2b"",""environment"":""497ce9b3-fb87-4b99-9cf7-6c7305d440e8"",""service"":""2f22293c-9116-4952-b24d-3937d322e2e1"",""deployment"":""704cae93-1883-49c0-86e2-2d8501274997"",""replica"":""d9785248-59d5-44a5-b319-189eccb33b49""}",2026-08-20T23:49:27.850676421Z
    module = importlib.import_module(module_str),error,"{""level"":""error""}","{""project"":""586ae7c2-e5b4-48eb-a537-f49216717b2b"",""environment"":""497ce9b3-fb87-4b99-9cf7-6c7305d440e8"",""service"":""2f22293c-9116-4952-b24d-3937d322e2e1"",""deployment"":""704cae93-1883-49c0-86e2-2d8501274997"",""replica"":""d9785248-59d5-44a5-b319-189eccb33b49""}",2026-08-20T23:49:27.850677461Z
"  File ""/app/.venv/lib/python3.11/site-packages/uvicorn/config.py"", line 428, in load_app",error,"{""level"":""error""}","{""project"":""586ae7c2-e5b4-48eb-a537-f49216717b2b"",""environment"":""497ce9b3-fb87-4b99-9cf7-6c7305d440e8"",""service"":""2f22293c-9116-4952-b24d-3937d322e2e1"",""deployment"":""704cae93-1883-49c0-86e2-2d8501274997"",""replica"":""d9785248-59d5-44a5-b319-189eccb33b49""}",2026-08-20T23:49:27.850681081Z
             ^^^^^^^^^^^^^^^^^^^^^^^^^^^^^^^^^^^,error,"{""level"":""error""}","{""project"":""586ae7c2-e5b4-48eb-a537-f49216717b2b"",""environment"":""497ce9b3-fb87-4b99-9cf7-6c7305d440e8"",""service"":""2f22293c-9116-4952-b24d-3937d322e2e1"",""deployment"":""704cae93-1883-49c0-86e2-2d8501274997"",""replica"":""d9785248-59d5-44a5-b319-189eccb33b49""}",2026-08-20T23:49:27.850681521Z
"  File ""/mise/installs/python/3.11.9/lib/python3.11/importlib/__init__.py"", line 126, in import_module",error,"{""level"":""error""}","{""project"":""586ae7c2-e5b4-48eb-a537-f49216717b2b"",""environment"":""497ce9b3-fb87-4b99-9cf7-6c7305d440e8"",""service"":""2f22293c-9116-4952-b24d-3937d322e2e1"",""deployment"":""704cae93-1883-49c0-86e2-2d8501274997"",""replica"":""d9785248-59d5-44a5-b319-189eccb33b49""}",2026-08-20T23:49:27.850684601Z
    return import_from_string(self.app),error,"{""level"":""error""}","{""project"":""586ae7c2-e5b4-48eb-a537-f49216717b2b"",""environment"":""497ce9b3-fb87-4b99-9cf7-6c7305d440e8"",""service"":""2f22293c-9116-4952-b24d-3937d322e2e1"",""deployment"":""704cae93-1883-49c0-86e2-2d8501274997"",""replica"":""d9785248-59d5-44a5-b319-189eccb33b49""}",2026-08-20T23:49:27.850685541Z
"  File ""/app/api/index.py"", line 7, in <module>",error,"{""level"":""error""}","{""project"":""586ae7c2-e5b4-48eb-a537-f49216717b2b"",""environment"":""497ce9b3-fb87-4b99-9cf7-6c7305d440e8"",""service"":""2f22293c-9116-4952-b24d-3937d322e2e1"",""deployment"":""704cae93-1883-49c0-86e2-2d8501274997"",""replica"":""d9785248-59d5-44a5-b319-189eccb33b49""}",2026-08-20T23:49:27.850724840Z
    from api.engines.news_engine import NewsEngine,error,"{""level"":""error""}","{""project"":""586ae7c2-e5b4-48eb-a537-f49216717b2b"",""environment"":""497ce9b3-fb87-4b99-9cf7-6c7305d440e8"",""service"":""2f22293c-9116-4952-b24d-3937d322e2e1"",""deployment"":""704cae93-1883-49c0-86e2-2d8501274997"",""replica"":""d9785248-59d5-44a5-b319-189eccb33b49""}",2026-08-20T23:49:27.850729000Z
"  File ""<frozen importlib._bootstrap_external>"", line 940, in exec_module",error,"{""level"":""error""}","{""project"":""586ae7c2-e5b4-48eb-a537-f49216717b2b"",""environment"":""497ce9b3-fb87-4b99-9cf7-6c7305d440e8"",""service"":""2f22293c-9116-4952-b24d-3937d322e2e1"",""deployment"":""704cae93-1883-49c0-86e2-2d8501274997"",""replica"":""d9785248-59d5-44a5-b319-189eccb33b49""}",2026-08-20T23:49:27.850730340Z
"  File ""/app/api/engines/news_engine.py"", line 1, in <module>",error,"{""level"":""error""}","{""project"":""586ae7c2-e5b4-48eb-a537-f49216717b2b"",""environment"":""497ce9b3-fb87-4b99-9cf7-6c7305d440e8"",""service"":""2f22293c-9116-4952-b24d-3937d322e2e1"",""deployment"":""704cae93-1883-49c0-86e2-2d8501274997"",""replica"":""d9785248-59d5-44a5-b319-189eccb33b49""}",2026-08-20T23:49:27.850733620Z
"  File ""<frozen importlib._bootstrap>"", line 241, in _call_with_frames_removed",error,"{""level"":""error""}","{""project"":""586ae7c2-e5b4-48eb-a537-f49216717b2b"",""environment"":""497ce9b3-fb87-4b99-9cf7-6c7305d440e8"",""service"":""2f22293c-9116-4952-b24d-3937d322e2e1"",""deployment"":""704cae93-1883-49c0-86e2-2d8501274997"",""replica"":""d9785248-59d5-44a5-b319-189eccb33b49""}",2026-08-20T23:49:27.850734240Z
    import httpx,error,"{""level"":""error""}","{""project"":""586ae7c2-e5b4-48eb-a537-f49216717b2b"",""environment"":""497ce9b3-fb87-4b99-9cf7-6c7305d440e8"",""service"":""2f22293c-9116-4952-b24d-3937d322e2e1"",""deployment"":""704cae93-1883-49c0-86e2-2d8501274997"",""replica"":""d9785248-59d5-44a5-b319-189eccb33b49""}",2026-08-20T23:49:27.850737930Z
ModuleNotFoundError: No module named 'httpx',error,"{""level"":""error""}","{""project"":""586ae7c2-e5b4-48eb-a537-f49216717b2b"",""environment"":""497ce9b3-fb87-4b99-9cf7-6c7305d440e8"",""service"":""2f22293c-9116-4952-b24d-3937d322e2e1"",""deployment"":""704cae93-1883-49c0-86e2-2d8501274997"",""replica"":""d9785248-59d5-44a5-b319-189eccb33b49""}",2026-08-20T23:49:27.850742830Z
"    return _bootstrap._gcd_import(name[level:], package, level)",error,"{""level"":""error""}","{""project"":""586ae7c2-e5b4-48eb-a537-f49216717b2b"",""environment"":""497ce9b3-fb87-4b99-9cf7-6c7305d440e8"",""service"":""2f22293c-9116-4952-b24d-3937d322e2e1"",""deployment"":""704cae93-1883-49c0-86e2-2d8501274997"",""replica"":""d9785248-59d5-44a5-b319-189eccb33b49""}",2026-08-20T23:49:27.850745250Z
           ^^^^^^^^^^^^^^^^^^^^^^^^^^^^^^^^^^^^^^^^^^^^^^^^^^^^,error,"{""level"":""error""}","{""project"":""586ae7c2-e5b4-48eb-a537-f49216717b2b"",""environment"":""497ce9b3-fb87-4b99-9cf7-6c7305d440e8"",""service"":""2f22293c-9116-4952-b24d-3937d322e2e1"",""deployment"":""704cae93-1883-49c0-86e2-2d8501274997"",""replica"":""d9785248-59d5-44a5-b319-189eccb33b49""}",2026-08-20T23:49:27.850752910Z
"  File ""<frozen importlib._bootstrap>"", line 1204, in _gcd_import",error,"{""level"":""error""}","{""project"":""586ae7c2-e5b4-48eb-a537-f49216717b2b"",""environment"":""497ce9b3-fb87-4b99-9cf7-6c7305d440e8"",""service"":""2f22293c-9116-4952-b24d-3937d322e2e1"",""deployment"":""704cae93-1883-49c0-86e2-2d8501274997"",""replica"":""d9785248-59d5-44a5-b319-189eccb33b49""}",2026-08-20T23:49:27.850757410Z
"  File ""<frozen importlib._bootstrap>"", line 1176, in _find_and_load",error,"{""level"":""error""}","{""project"":""586ae7c2-e5b4-48eb-a537-f49216717b2b"",""environment"":""497ce9b3-fb87-4b99-9cf7-6c7305d440e8"",""service"":""2f22293c-9116-4952-b24d-3937d322e2e1"",""deployment"":""704cae93-1883-49c0-86e2-2d8501274997"",""replica"":""d9785248-59d5-44a5-b319-189eccb33b49""}",2026-08-20T23:49:27.850761730Z
"  File ""<frozen importlib._bootstrap>"", line 1147, in _find_and_load_unlocked",error,"{""level"":""error""}","{""project"":""586ae7c2-e5b4-48eb-a537-f49216717b2b"",""environment"":""497ce9b3-fb87-4b99-9cf7-6c7305d440e8"",""service"":""2f22293c-9116-4952-b24d-3937d322e2e1"",""deployment"":""704cae93-1883-49c0-86e2-2d8501274997"",""replica"":""d9785248-59d5-44a5-b319-189eccb33b49""}",2026-08-20T23:49:27.850766660Z
"  File ""<frozen importlib._bootstrap>"", line 690, in _load_unlocked",error,"{""level"":""error""}","{""project"":""586ae7c2-e5b4-48eb-a537-f49216717b2b"",""environment"":""497ce9b3-fb87-4b99-9cf7-6c7305d440e8"",""service"":""2f22293c-9116-4952-b24d-3937d322e2e1"",""deployment"":""704cae93-1883-49c0-86e2-2d8501274997"",""replica"":""d9785248-59d5-44a5-b319-189eccb33b49""}",2026-08-20T23:49:27.850770390Z
"  File ""/app/.venv/lib/python3.11/site-packages/uvicorn/main.py"", line 440, in main",error,"{""level"":""error""}","{""project"":""586ae7c2-e5b4-48eb-a537-f49216717b2b"",""environment"":""497ce9b3-fb87-4b99-9cf7-6c7305d440e8"",""service"":""2f22293c-9116-4952-b24d-3937d322e2e1"",""deployment"":""704cae93-1883-49c0-86e2-2d8501274997"",""replica"":""d9785248-59d5-44a5-b319-189eccb33b49""}",2026-08-20T23:49:29.921283990Z
         ^^^^^^^^^^^^^^^^,error,"{""level"":""error""}","{""project"":""586ae7c2-e5b4-48eb-a537-f49216717b2b"",""environment"":""497ce9b3-fb87-4b99-9cf7-6c7305d440e8"",""service"":""2f22293c-9116-4952-b24d-3937d322e2e1"",""deployment"":""704cae93-1883-49c0-86e2-2d8501274997"",""replica"":""d9785248-59d5-44a5-b319-189eccb33b49""}",2026-08-20T23:49:29.921286850Z
Traceback (most recent call last):,error,"{""level"":""error""}","{""project"":""586ae7c2-e5b4-48eb-a537-f49216717b2b"",""environment"":""497ce9b3-fb87-4b99-9cf7-6c7305d440e8"",""service"":""2f22293c-9116-4952-b24d-3937d322e2e1"",""deployment"":""704cae93-1883-49c0-86e2-2d8501274997"",""replica"":""d9785248-59d5-44a5-b319-189eccb33b49""}",2026-08-20T23:49:29.921294059Z
"  File ""/app/.venv/lib/python3.11/site-packages/click/core.py"", line 1353, in invoke",error,"{""level"":""error""}","{""project"":""586ae7c2-e5b4-48eb-a537-f49216717b2b"",""environment"":""497ce9b3-fb87-4b99-9cf7-6c7305d440e8"",""service"":""2f22293c-9116-4952-b24d-3937d322e2e1"",""deployment"":""704cae93-1883-49c0-86e2-2d8501274997"",""replica"":""d9785248-59d5-44a5-b319-189eccb33b49""}",2026-08-20T23:49:29.921294379Z
"  File ""/app/.venv/bin/uvicorn"", line 8, in <module>",error,"{""level"":""error""}","{""project"":""586ae7c2-e5b4-48eb-a537-f49216717b2b"",""environment"":""497ce9b3-fb87-4b99-9cf7-6c7305d440e8"",""service"":""2f22293c-9116-4952-b24d-3937d322e2e1"",""deployment"":""704cae93-1883-49c0-86e2-2d8501274997"",""replica"":""d9785248-59d5-44a5-b319-189eccb33b49""}",2026-08-20T23:49:29.921297959Z
"    return ctx.invoke(self.callback, **ctx.params)",error,"{""level"":""error""}","{""project"":""586ae7c2-e5b4-48eb-a537-f49216717b2b"",""environment"":""497ce9b3-fb87-4b99-9cf7-6c7305d440e8"",""service"":""2f22293c-9116-4952-b24d-3937d322e2e1"",""deployment"":""704cae93-1883-49c0-86e2-2d8501274997"",""replica"":""d9785248-59d5-44a5-b319-189eccb33b49""}",2026-08-20T23:49:29.921299679Z
    sys.exit(main()),error,"{""level"":""error""}","{""project"":""586ae7c2-e5b4-48eb-a537-f49216717b2b"",""environment"":""497ce9b3-fb87-4b99-9cf7-6c7305d440e8"",""service"":""2f22293c-9116-4952-b24d-3937d322e2e1"",""deployment"":""704cae93-1883-49c0-86e2-2d8501274997"",""replica"":""d9785248-59d5-44a5-b319-189eccb33b49""}",2026-08-20T23:49:29.921300919Z
             ^^^^^^,error,"{""level"":""error""}","{""project"":""586ae7c2-e5b4-48eb-a537-f49216717b2b"",""environment"":""497ce9b3-fb87-4b99-9cf7-6c7305d440e8"",""service"":""2f22293c-9116-4952-b24d-3937d322e2e1"",""deployment"":""704cae93-1883-49c0-86e2-2d8501274997"",""replica"":""d9785248-59d5-44a5-b319-189eccb33b49""}",2026-08-20T23:49:29.921303869Z
           ^^^^^^^^^^^^^^^^^^^^^^^^^^^^^^^^^^^^^^^,error,"{""level"":""error""}","{""project"":""586ae7c2-e5b4-48eb-a537-f49216717b2b"",""environment"":""497ce9b3-fb87-4b99-9cf7-6c7305d440e8"",""service"":""2f22293c-9116-4952-b24d-3937d322e2e1"",""deployment"":""704cae93-1883-49c0-86e2-2d8501274997"",""replica"":""d9785248-59d5-44a5-b319-189eccb33b49""}",2026-08-20T23:49:29.921304809Z
"  File ""/app/.venv/lib/python3.11/site-packages/click/core.py"", line 1569, in __call__",error,"{""level"":""error""}","{""project"":""586ae7c2-e5b4-48eb-a537-f49216717b2b"",""environment"":""497ce9b3-fb87-4b99-9cf7-6c7305d440e8"",""service"":""2f22293c-9116-4952-b24d-3937d322e2e1"",""deployment"":""704cae93-1883-49c0-86e2-2d8501274997"",""replica"":""d9785248-59d5-44a5-b319-189eccb33b49""}",2026-08-20T23:49:29.921306679Z
"    return self.main(*args, **kwargs)",error,"{""level"":""error""}","{""project"":""586ae7c2-e5b4-48eb-a537-f49216717b2b"",""environment"":""497ce9b3-fb87-4b99-9cf7-6c7305d440e8"",""service"":""2f22293c-9116-4952-b24d-3937d322e2e1"",""deployment"":""704cae93-1883-49c0-86e2-2d8501274997"",""replica"":""d9785248-59d5-44a5-b319-189eccb33b49""}",2026-08-20T23:49:29.921309929Z
           ^^^^^^^^^^^^^^^^^^^^^^^^^^,error,"{""level"":""error""}","{""project"":""586ae7c2-e5b4-48eb-a537-f49216717b2b"",""environment"":""497ce9b3-fb87-4b99-9cf7-6c7305d440e8"",""service"":""2f22293c-9116-4952-b24d-3937d322e2e1"",""deployment"":""704cae93-1883-49c0-86e2-2d8501274997"",""replica"":""d9785248-59d5-44a5-b319-189eccb33b49""}",2026-08-20T23:49:29.921312639Z
"  File ""/app/.venv/lib/python3.11/site-packages/click/core.py"", line 1490, in main",error,"{""level"":""error""}","{""project"":""586ae7c2-e5b4-48eb-a537-f49216717b2b"",""environment"":""497ce9b3-fb87-4b99-9cf7-6c7305d440e8"",""service"":""2f22293c-9116-4952-b24d-3937d322e2e1"",""deployment"":""704cae93-1883-49c0-86e2-2d8501274997"",""replica"":""d9785248-59d5-44a5-b319-189eccb33b49""}",2026-08-20T23:49:29.921315609Z
    rv = self.invoke(ctx),error,"{""level"":""error""}","{""project"":""586ae7c2-e5b4-48eb-a537-f49216717b2b"",""environment"":""497ce9b3-fb87-4b99-9cf7-6c7305d440e8"",""service"":""2f22293c-9116-4952-b24d-3937d322e2e1"",""deployment"":""704cae93-1883-49c0-86e2-2d8501274997"",""replica"":""d9785248-59d5-44a5-b319-189eccb33b49""}",2026-08-20T23:49:29.921318109Z
"  File ""/app/.venv/lib/python3.11/site-packages/click/core.py"", line 907, in invoke",error,"{""level"":""error""}","{""project"":""586ae7c2-e5b4-48eb-a537-f49216717b2b"",""environment"":""497ce9b3-fb87-4b99-9cf7-6c7305d440e8"",""service"":""2f22293c-9116-4952-b24d-3937d322e2e1"",""deployment"":""704cae93-1883-49c0-86e2-2d8501274997"",""replica"":""d9785248-59d5-44a5-b319-189eccb33b49""}",2026-08-20T23:49:29.921367968Z
"    return callback(*args, **kwargs)",error,"{""level"":""error""}","{""project"":""586ae7c2-e5b4-48eb-a537-f49216717b2b"",""environment"":""497ce9b3-fb87-4b99-9cf7-6c7305d440e8"",""service"":""2f22293c-9116-4952-b24d-3937d322e2e1"",""deployment"":""704cae93-1883-49c0-86e2-2d8501274997"",""replica"":""d9785248-59d5-44a5-b319-189eccb33b49""}",2026-08-20T23:49:29.921386718Z
           ^^^^^^^^^^^^^^^^^^^^^^^^^,error,"{""level"":""error""}","{""project"":""586ae7c2-e5b4-48eb-a537-f49216717b2b"",""environment"":""497ce9b3-fb87-4b99-9cf7-6c7305d440e8"",""service"":""2f22293c-9116-4952-b24d-3937d322e2e1"",""deployment"":""704cae93-1883-49c0-86e2-2d8501274997"",""replica"":""d9785248-59d5-44a5-b319-189eccb33b49""}",2026-08-20T23:49:29.921393518Z
    run(,error,"{""level"":""error""}","{""project"":""586ae7c2-e5b4-48eb-a537-f49216717b2b"",""environment"":""497ce9b3-fb87-4b99-9cf7-6c7305d440e8"",""service"":""2f22293c-9116-4952-b24d-3937d322e2e1"",""deployment"":""704cae93-1883-49c0-86e2-2d8501274997"",""replica"":""d9785248-59d5-44a5-b319-189eccb33b49""}",2026-08-20T23:49:29.921695442Z
"  File ""/mise/installs/python/3.11.9/lib/python3.11/importlib/__init__.py"", line 126, in import_module",error,"{""level"":""error""}","{""project"":""586ae7c2-e5b4-48eb-a537-f49216717b2b"",""environment"":""497ce9b3-fb87-4b99-9cf7-6c7305d440e8"",""service"":""2f22293c-9116-4952-b24d-3937d322e2e1"",""deployment"":""704cae93-1883-49c0-86e2-2d8501274997"",""replica"":""d9785248-59d5-44a5-b319-189eccb33b49""}",2026-08-20T23:49:29.921696282Z
"  File ""/app/.venv/lib/python3.11/site-packages/uvicorn/main.py"", line 609, in run",error,"{""level"":""error""}","{""project"":""586ae7c2-e5b4-48eb-a537-f49216717b2b"",""environment"":""497ce9b3-fb87-4b99-9cf7-6c7305d440e8"",""service"":""2f22293c-9116-4952-b24d-3937d322e2e1"",""deployment"":""704cae93-1883-49c0-86e2-2d8501274997"",""replica"":""d9785248-59d5-44a5-b319-189eccb33b49""}",2026-08-20T23:49:29.921700232Z
"    return _bootstrap._gcd_import(name[level:], package, level)",error,"{""level"":""error""}","{""project"":""586ae7c2-e5b4-48eb-a537-f49216717b2b"",""environment"":""497ce9b3-fb87-4b99-9cf7-6c7305d440e8"",""service"":""2f22293c-9116-4952-b24d-3937d322e2e1"",""deployment"":""704cae93-1883-49c0-86e2-2d8501274997"",""replica"":""d9785248-59d5-44a5-b319-189eccb33b49""}",2026-08-20T23:49:29.921702412Z
    config.load_app(),error,"{""level"":""error""}","{""project"":""586ae7c2-e5b4-48eb-a537-f49216717b2b"",""environment"":""497ce9b3-fb87-4b99-9cf7-6c7305d440e8"",""service"":""2f22293c-9116-4952-b24d-3937d322e2e1"",""deployment"":""704cae93-1883-49c0-86e2-2d8501274997"",""replica"":""d9785248-59d5-44a5-b319-189eccb33b49""}",2026-08-20T23:49:29.921706142Z
"  File ""/app/.venv/lib/python3.11/site-packages/uvicorn/config.py"", line 428, in load_app",error,"{""level"":""error""}","{""project"":""586ae7c2-e5b4-48eb-a537-f49216717b2b"",""environment"":""497ce9b3-fb87-4b99-9cf7-6c7305d440e8"",""service"":""2f22293c-9116-4952-b24d-3937d322e2e1"",""deployment"":""704cae93-1883-49c0-86e2-2d8501274997"",""replica"":""d9785248-59d5-44a5-b319-189eccb33b49""}",2026-08-20T23:49:29.921712412Z
    raise exc from None,error,"{""level"":""error""}","{""project"":""586ae7c2-e5b4-48eb-a537-f49216717b2b"",""environment"":""497ce9b3-fb87-4b99-9cf7-6c7305d440e8"",""service"":""2f22293c-9116-4952-b24d-3937d322e2e1"",""deployment"":""704cae93-1883-49c0-86e2-2d8501274997"",""replica"":""d9785248-59d5-44a5-b319-189eccb33b49""}",2026-08-20T23:49:29.921713242Z
    return import_from_string(self.app),error,"{""level"":""error""}","{""project"":""586ae7c2-e5b4-48eb-a537-f49216717b2b"",""environment"":""497ce9b3-fb87-4b99-9cf7-6c7305d440e8"",""service"":""2f22293c-9116-4952-b24d-3937d322e2e1"",""deployment"":""704cae93-1883-49c0-86e2-2d8501274997"",""replica"":""d9785248-59d5-44a5-b319-189eccb33b49""}",2026-08-20T23:49:29.921717871Z
"  File ""/app/.venv/lib/python3.11/site-packages/uvicorn/importer.py"", line 19, in import_from_string",error,"{""level"":""error""}","{""project"":""586ae7c2-e5b4-48eb-a537-f49216717b2b"",""environment"":""497ce9b3-fb87-4b99-9cf7-6c7305d440e8"",""service"":""2f22293c-9116-4952-b24d-3937d322e2e1"",""deployment"":""704cae93-1883-49c0-86e2-2d8501274997"",""replica"":""d9785248-59d5-44a5-b319-189eccb33b49""}",2026-08-20T23:49:29.921723791Z
           ^^^^^^^^^^^^^^^^^^^^^^^^^^^^,error,"{""level"":""error""}","{""project"":""586ae7c2-e5b4-48eb-a537-f49216717b2b"",""environment"":""497ce9b3-fb87-4b99-9cf7-6c7305d440e8"",""service"":""2f22293c-9116-4952-b24d-3937d322e2e1"",""deployment"":""704cae93-1883-49c0-86e2-2d8501274997"",""replica"":""d9785248-59d5-44a5-b319-189eccb33b49""}",2026-08-20T23:49:29.921724721Z
"  File ""/app/.venv/lib/python3.11/site-packages/uvicorn/importer.py"", line 22, in import_from_string",error,"{""level"":""error""}","{""project"":""586ae7c2-e5b4-48eb-a537-f49216717b2b"",""environment"":""497ce9b3-fb87-4b99-9cf7-6c7305d440e8"",""service"":""2f22293c-9116-4952-b24d-3937d322e2e1"",""deployment"":""704cae93-1883-49c0-86e2-2d8501274997"",""replica"":""d9785248-59d5-44a5-b319-189eccb33b49""}",2026-08-20T23:49:29.921731701Z
    module = importlib.import_module(module_str),error,"{""level"":""error""}","{""project"":""586ae7c2-e5b4-48eb-a537-f49216717b2b"",""environment"":""497ce9b3-fb87-4b99-9cf7-6c7305d440e8"",""service"":""2f22293c-9116-4952-b24d-3937d322e2e1"",""deployment"":""704cae93-1883-49c0-86e2-2d8501274997"",""replica"":""d9785248-59d5-44a5-b319-189eccb33b49""}",2026-08-20T23:49:29.921731981Z
             ^^^^^^^^^^^^^^^^^^^^^^^^^^^^^^^^^^^,error,"{""level"":""error""}","{""project"":""586ae7c2-e5b4-48eb-a537-f49216717b2b"",""environment"":""497ce9b3-fb87-4b99-9cf7-6c7305d440e8"",""service"":""2f22293c-9116-4952-b24d-3937d322e2e1"",""deployment"":""704cae93-1883-49c0-86e2-2d8501274997"",""replica"":""d9785248-59d5-44a5-b319-189eccb33b49""}",2026-08-20T23:49:29.921739241Z
           ^^^^^^^^^^^^^^^^^^^^^^^^^^^^^^^^^^^^^^^^^^^^^^^^^^^^,error,"{""level"":""error""}","{""project"":""586ae7c2-e5b4-48eb-a537-f49216717b2b"",""environment"":""497ce9b3-fb87-4b99-9cf7-6c7305d440e8"",""service"":""2f22293c-9116-4952-b24d-3937d322e2e1"",""deployment"":""704cae93-1883-49c0-86e2-2d8501274997"",""replica"":""d9785248-59d5-44a5-b319-189eccb33b49""}",2026-08-20T23:49:29.922048966Z
"  File ""<frozen importlib._bootstrap>"", line 1204, in _gcd_import",error,"{""level"":""error""}","{""project"":""586ae7c2-e5b4-48eb-a537-f49216717b2b"",""environment"":""497ce9b3-fb87-4b99-9cf7-6c7305d440e8"",""service"":""2f22293c-9116-4952-b24d-3937d322e2e1"",""deployment"":""704cae93-1883-49c0-86e2-2d8501274997"",""replica"":""d9785248-59d5-44a5-b319-189eccb33b49""}",2026-08-20T23:49:29.922054216Z
"  File ""<frozen importlib._bootstrap>"", line 1176, in _find_and_load",error,"{""level"":""error""}","{""project"":""586ae7c2-e5b4-48eb-a537-f49216717b2b"",""environment"":""497ce9b3-fb87-4b99-9cf7-6c7305d440e8"",""service"":""2f22293c-9116-4952-b24d-3937d322e2e1"",""deployment"":""704cae93-1883-49c0-86e2-2d8501274997"",""replica"":""d9785248-59d5-44a5-b319-189eccb33b49""}",2026-08-20T23:49:29.922057856Z
"  File ""<frozen importlib._bootstrap>"", line 1147, in _find_and_load_unlocked",error,"{""level"":""error""}","{""project"":""586ae7c2-e5b4-48eb-a537-f49216717b2b"",""environment"":""497ce9b3-fb87-4b99-9cf7-6c7305d440e8"",""service"":""2f22293c-9116-4952-b24d-3937d322e2e1"",""deployment"":""704cae93-1883-49c0-86e2-2d8501274997"",""replica"":""d9785248-59d5-44a5-b319-189eccb33b49""}",2026-08-20T23:49:29.922061806Z
"  File ""<frozen importlib._bootstrap>"", line 690, in _load_unlocked",error,"{""level"":""error""}","{""project"":""586ae7c2-e5b4-48eb-a537-f49216717b2b"",""environment"":""497ce9b3-fb87-4b99-9cf7-6c7305d440e8"",""service"":""2f22293c-9116-4952-b24d-3937d322e2e1"",""deployment"":""704cae93-1883-49c0-86e2-2d8501274997"",""replica"":""d9785248-59d5-44a5-b319-189eccb33b49""}",2026-08-20T23:49:29.922066436Z
"  File ""<frozen importlib._bootstrap_external>"", line 940, in exec_module",error,"{""level"":""error""}","{""project"":""586ae7c2-e5b4-48eb-a537-f49216717b2b"",""environment"":""497ce9b3-fb87-4b99-9cf7-6c7305d440e8"",""service"":""2f22293c-9116-4952-b24d-3937d322e2e1"",""deployment"":""704cae93-1883-49c0-86e2-2d8501274997"",""replica"":""d9785248-59d5-44a5-b319-189eccb33b49""}",2026-08-20T23:49:29.922070786Z
"  File ""<frozen importlib._bootstrap>"", line 241, in _call_with_frames_removed",error,"{""level"":""error""}","{""project"":""586ae7c2-e5b4-48eb-a537-f49216717b2b"",""environment"":""497ce9b3-fb87-4b99-9cf7-6c7305d440e8"",""service"":""2f22293c-9116-4952-b24d-3937d322e2e1"",""deployment"":""704cae93-1883-49c0-86e2-2d8501274997"",""replica"":""d9785248-59d5-44a5-b319-189eccb33b49""}",2026-08-20T23:49:29.922073886Z
"  File ""/app/api/index.py"", line 7, in <module>",error,"{""level"":""error""}","{""project"":""586ae7c2-e5b4-48eb-a537-f49216717b2b"",""environment"":""497ce9b3-fb87-4b99-9cf7-6c7305d440e8"",""service"":""2f22293c-9116-4952-b24d-3937d322e2e1"",""deployment"":""704cae93-1883-49c0-86e2-2d8501274997"",""replica"":""d9785248-59d5-44a5-b319-189eccb33b49""}",2026-08-20T23:49:29.922077146Z
    from api.engines.news_engine import NewsEngine,error,"{""level"":""error""}","{""project"":""586ae7c2-e5b4-48eb-a537-f49216717b2b"",""environment"":""497ce9b3-fb87-4b99-9cf7-6c7305d440e8"",""service"":""2f22293c-9116-4952-b24d-3937d322e2e1"",""deployment"":""704cae93-1883-49c0-86e2-2d8501274997"",""replica"":""d9785248-59d5-44a5-b319-189eccb33b49""}",2026-08-20T23:49:29.922081226Z
"  File ""/app/api/engines/news_engine.py"", line 1, in <module>",error,"{""level"":""error""}","{""project"":""586ae7c2-e5b4-48eb-a537-f49216717b2b"",""environment"":""497ce9b3-fb87-4b99-9cf7-6c7305d440e8"",""service"":""2f22293c-9116-4952-b24d-3937d322e2e1"",""deployment"":""704cae93-1883-49c0-86e2-2d8501274997"",""replica"":""d9785248-59d5-44a5-b319-189eccb33b49""}",2026-08-20T23:49:29.922085736Z
    import httpx,error,"{""level"":""error""}","{""project"":""586ae7c2-e5b4-48eb-a537-f49216717b2b"",""environment"":""497ce9b3-fb87-4b99-9cf7-6c7305d440e8"",""service"":""2f22293c-9116-4952-b24d-3937d322e2e1"",""deployment"":""704cae93-1883-49c0-86e2-2d8501274997"",""replica"":""d9785248-59d5-44a5-b319-189eccb33b49""}",2026-08-20T23:49:29.922089226Z
ModuleNotFoundError: No module named 'httpx',error,"{""level"":""error""}","{""project"":""586ae7c2-e5b4-48eb-a537-f49216717b2b"",""environment"":""497ce9b3-fb87-4b99-9cf7-6c7305d440e8"",""service"":""2f22293c-9116-4952-b24d-3937d322e2e1"",""deployment"":""704cae93-1883-49c0-86e2-2d8501274997"",""replica"":""d9785248-59d5-44a5-b319-189eccb33b49""}",2026-08-20T23:49:29.922092855Z
Traceback (most recent call last):,error,"{""level"":""error""}","{""project"":""586ae7c2-e5b4-48eb-a537-f49216717b2b"",""environment"":""497ce9b3-fb87-4b99-9cf7-6c7305d440e8"",""service"":""2f22293c-9116-4952-b24d-3937d322e2e1"",""deployment"":""704cae93-1883-49c0-86e2-2d8501274997"",""replica"":""d9785248-59d5-44a5-b319-189eccb33b49""}",2026-08-20T23:49:32.097620448Z
"  File ""/app/.venv/bin/uvicorn"", line 8, in <module>",error,"{""level"":""error""}","{""project"":""586ae7c2-e5b4-48eb-a537-f49216717b2b"",""environment"":""497ce9b3-fb87-4b99-9cf7-6c7305d440e8"",""service"":""2f22293c-9116-4952-b24d-3937d322e2e1"",""deployment"":""704cae93-1883-49c0-86e2-2d8501274997"",""replica"":""d9785248-59d5-44a5-b319-189eccb33b49""}",2026-08-20T23:49:32.097628218Z
    sys.exit(main()),error,"{""level"":""error""}","{""project"":""586ae7c2-e5b4-48eb-a537-f49216717b2b"",""environment"":""497ce9b3-fb87-4b99-9cf7-6c7305d440e8"",""service"":""2f22293c-9116-4952-b24d-3937d322e2e1"",""deployment"":""704cae93-1883-49c0-86e2-2d8501274997"",""replica"":""d9785248-59d5-44a5-b319-189eccb33b49""}",2026-08-20T23:49:32.097632068Z
             ^^^^^^,error,"{""level"":""error""}","{""project"":""586ae7c2-e5b4-48eb-a537-f49216717b2b"",""environment"":""497ce9b3-fb87-4b99-9cf7-6c7305d440e8"",""service"":""2f22293c-9116-4952-b24d-3937d322e2e1"",""deployment"":""704cae93-1883-49c0-86e2-2d8501274997"",""replica"":""d9785248-59d5-44a5-b319-189eccb33b49""}",2026-08-20T23:49:32.097635648Z
"  File ""/app/.venv/lib/python3.11/site-packages/click/core.py"", line 1569, in __call__",error,"{""level"":""error""}","{""project"":""586ae7c2-e5b4-48eb-a537-f49216717b2b"",""environment"":""497ce9b3-fb87-4b99-9cf7-6c7305d440e8"",""service"":""2f22293c-9116-4952-b24d-3937d322e2e1"",""deployment"":""704cae93-1883-49c0-86e2-2d8501274997"",""replica"":""d9785248-59d5-44a5-b319-189eccb33b49""}",2026-08-20T23:49:32.097638768Z
         ^^^^^^^^^^^^^^^^,error,"{""level"":""error""}","{""project"":""586ae7c2-e5b4-48eb-a537-f49216717b2b"",""environment"":""497ce9b3-fb87-4b99-9cf7-6c7305d440e8"",""service"":""2f22293c-9116-4952-b24d-3937d322e2e1"",""deployment"":""704cae93-1883-49c0-86e2-2d8501274997"",""replica"":""d9785248-59d5-44a5-b319-189eccb33b49""}",2026-08-20T23:49:32.098391664Z
"    return self.main(*args, **kwargs)",error,"{""level"":""error""}","{""project"":""586ae7c2-e5b4-48eb-a537-f49216717b2b"",""environment"":""497ce9b3-fb87-4b99-9cf7-6c7305d440e8"",""service"":""2f22293c-9116-4952-b24d-3937d322e2e1"",""deployment"":""704cae93-1883-49c0-86e2-2d8501274997"",""replica"":""d9785248-59d5-44a5-b319-189eccb33b49""}",2026-08-20T23:49:32.098399203Z
"  File ""/app/.venv/lib/python3.11/site-packages/click/core.py"", line 1353, in invoke",error,"{""level"":""error""}","{""project"":""586ae7c2-e5b4-48eb-a537-f49216717b2b"",""environment"":""497ce9b3-fb87-4b99-9cf7-6c7305d440e8"",""service"":""2f22293c-9116-4952-b24d-3937d322e2e1"",""deployment"":""704cae93-1883-49c0-86e2-2d8501274997"",""replica"":""d9785248-59d5-44a5-b319-189eccb33b49""}",2026-08-20T23:49:32.098401733Z
           ^^^^^^^^^^^^^^^^^^^^^^^^^^,error,"{""level"":""error""}","{""project"":""586ae7c2-e5b4-48eb-a537-f49216717b2b"",""environment"":""497ce9b3-fb87-4b99-9cf7-6c7305d440e8"",""service"":""2f22293c-9116-4952-b24d-3937d322e2e1"",""deployment"":""704cae93-1883-49c0-86e2-2d8501274997"",""replica"":""d9785248-59d5-44a5-b319-189eccb33b49""}",2026-08-20T23:49:32.098404193Z
"  File ""/app/.venv/lib/python3.11/site-packages/click/core.py"", line 1490, in main",error,"{""level"":""error""}","{""project"":""586ae7c2-e5b4-48eb-a537-f49216717b2b"",""environment"":""497ce9b3-fb87-4b99-9cf7-6c7305d440e8"",""service"":""2f22293c-9116-4952-b24d-3937d322e2e1"",""deployment"":""704cae93-1883-49c0-86e2-2d8501274997"",""replica"":""d9785248-59d5-44a5-b319-189eccb33b49""}",2026-08-20T23:49:32.098408203Z
"    return ctx.invoke(self.callback, **ctx.params)",error,"{""level"":""error""}","{""project"":""586ae7c2-e5b4-48eb-a537-f49216717b2b"",""environment"":""497ce9b3-fb87-4b99-9cf7-6c7305d440e8"",""service"":""2f22293c-9116-4952-b24d-3937d322e2e1"",""deployment"":""704cae93-1883-49c0-86e2-2d8501274997"",""replica"":""d9785248-59d5-44a5-b319-189eccb33b49""}",2026-08-20T23:49:32.098408893Z
    rv = self.invoke(ctx),error,"{""level"":""error""}","{""project"":""586ae7c2-e5b4-48eb-a537-f49216717b2b"",""environment"":""497ce9b3-fb87-4b99-9cf7-6c7305d440e8"",""service"":""2f22293c-9116-4952-b24d-3937d322e2e1"",""deployment"":""704cae93-1883-49c0-86e2-2d8501274997"",""replica"":""d9785248-59d5-44a5-b319-189eccb33b49""}",2026-08-20T23:49:32.098412053Z
           ^^^^^^^^^^^^^^^^^^^^^^^^^^^^^^^^^^^^^^^,error,"{""level"":""error""}","{""project"":""586ae7c2-e5b4-48eb-a537-f49216717b2b"",""environment"":""497ce9b3-fb87-4b99-9cf7-6c7305d440e8"",""service"":""2f22293c-9116-4952-b24d-3937d322e2e1"",""deployment"":""704cae93-1883-49c0-86e2-2d8501274997"",""replica"":""d9785248-59d5-44a5-b319-189eccb33b49""}",2026-08-20T23:49:32.098416883Z
"  File ""/app/.venv/lib/python3.11/site-packages/click/core.py"", line 907, in invoke",error,"{""level"":""error""}","{""project"":""586ae7c2-e5b4-48eb-a537-f49216717b2b"",""environment"":""497ce9b3-fb87-4b99-9cf7-6c7305d440e8"",""service"":""2f22293c-9116-4952-b24d-3937d322e2e1"",""deployment"":""704cae93-1883-49c0-86e2-2d8501274997"",""replica"":""d9785248-59d5-44a5-b319-189eccb33b49""}",2026-08-20T23:49:32.098424863Z
"    return callback(*args, **kwargs)",error,"{""level"":""error""}","{""project"":""586ae7c2-e5b4-48eb-a537-f49216717b2b"",""environment"":""497ce9b3-fb87-4b99-9cf7-6c7305d440e8"",""service"":""2f22293c-9116-4952-b24d-3937d322e2e1"",""deployment"":""704cae93-1883-49c0-86e2-2d8501274997"",""replica"":""d9785248-59d5-44a5-b319-189eccb33b49""}",2026-08-20T23:49:32.098432803Z
           ^^^^^^^^^^^^^^^^^^^^^^^^^,error,"{""level"":""error""}","{""project"":""586ae7c2-e5b4-48eb-a537-f49216717b2b"",""environment"":""497ce9b3-fb87-4b99-9cf7-6c7305d440e8"",""service"":""2f22293c-9116-4952-b24d-3937d322e2e1"",""deployment"":""704cae93-1883-49c0-86e2-2d8501274997"",""replica"":""d9785248-59d5-44a5-b319-189eccb33b49""}",2026-08-20T23:49:32.098440643Z
"  File ""/app/.venv/lib/python3.11/site-packages/uvicorn/main.py"", line 440, in main",error,"{""level"":""error""}","{""project"":""586ae7c2-e5b4-48eb-a537-f49216717b2b"",""environment"":""497ce9b3-fb87-4b99-9cf7-6c7305d440e8"",""service"":""2f22293c-9116-4952-b24d-3937d322e2e1"",""deployment"":""704cae93-1883-49c0-86e2-2d8501274997"",""replica"":""d9785248-59d5-44a5-b319-189eccb33b49""}",2026-08-20T23:49:32.098447783Z
    run(,error,"{""level"":""error""}","{""project"":""586ae7c2-e5b4-48eb-a537-f49216717b2b"",""environment"":""497ce9b3-fb87-4b99-9cf7-6c7305d440e8"",""service"":""2f22293c-9116-4952-b24d-3937d322e2e1"",""deployment"":""704cae93-1883-49c0-86e2-2d8501274997"",""replica"":""d9785248-59d5-44a5-b319-189eccb33b49""}",2026-08-20T23:49:32.098456752Z
"  File ""/app/.venv/lib/python3.11/site-packages/uvicorn/main.py"", line 609, in run",error,"{""level"":""error""}","{""project"":""586ae7c2-e5b4-48eb-a537-f49216717b2b"",""environment"":""497ce9b3-fb87-4b99-9cf7-6c7305d440e8"",""service"":""2f22293c-9116-4952-b24d-3937d322e2e1"",""deployment"":""704cae93-1883-49c0-86e2-2d8501274997"",""replica"":""d9785248-59d5-44a5-b319-189eccb33b49""}",2026-08-20T23:49:32.098463362Z
    config.load_app(),error,"{""level"":""error""}","{""project"":""586ae7c2-e5b4-48eb-a537-f49216717b2b"",""environment"":""497ce9b3-fb87-4b99-9cf7-6c7305d440e8"",""service"":""2f22293c-9116-4952-b24d-3937d322e2e1"",""deployment"":""704cae93-1883-49c0-86e2-2d8501274997"",""replica"":""d9785248-59d5-44a5-b319-189eccb33b49""}",2026-08-20T23:49:32.098470252Z
"  File ""/app/.venv/lib/python3.11/site-packages/uvicorn/config.py"", line 428, in load_app",error,"{""level"":""error""}","{""project"":""586ae7c2-e5b4-48eb-a537-f49216717b2b"",""environment"":""497ce9b3-fb87-4b99-9cf7-6c7305d440e8"",""service"":""2f22293c-9116-4952-b24d-3937d322e2e1"",""deployment"":""704cae93-1883-49c0-86e2-2d8501274997"",""replica"":""d9785248-59d5-44a5-b319-189eccb33b49""}",2026-08-20T23:49:32.098626969Z
    return import_from_string(self.app),error,"{""level"":""error""}","{""project"":""586ae7c2-e5b4-48eb-a537-f49216717b2b"",""environment"":""497ce9b3-fb87-4b99-9cf7-6c7305d440e8"",""service"":""2f22293c-9116-4952-b24d-3937d322e2e1"",""deployment"":""704cae93-1883-49c0-86e2-2d8501274997"",""replica"":""d9785248-59d5-44a5-b319-189eccb33b49""}",2026-08-20T23:49:32.098640499Z
"  File ""<frozen importlib._bootstrap>"", line 690, in _load_unlocked",error,"{""level"":""error""}","{""project"":""586ae7c2-e5b4-48eb-a537-f49216717b2b"",""environment"":""497ce9b3-fb87-4b99-9cf7-6c7305d440e8"",""service"":""2f22293c-9116-4952-b24d-3937d322e2e1"",""deployment"":""704cae93-1883-49c0-86e2-2d8501274997"",""replica"":""d9785248-59d5-44a5-b319-189eccb33b49""}",2026-08-20T23:49:32.098710818Z
           ^^^^^^^^^^^^^^^^^^^^^^^^^^^^,error,"{""level"":""error""}","{""project"":""586ae7c2-e5b4-48eb-a537-f49216717b2b"",""environment"":""497ce9b3-fb87-4b99-9cf7-6c7305d440e8"",""service"":""2f22293c-9116-4952-b24d-3937d322e2e1"",""deployment"":""704cae93-1883-49c0-86e2-2d8501274997"",""replica"":""d9785248-59d5-44a5-b319-189eccb33b49""}",2026-08-20T23:49:32.098714148Z
"  File ""<frozen importlib._bootstrap_external>"", line 940, in exec_module",error,"{""level"":""error""}","{""project"":""586ae7c2-e5b4-48eb-a537-f49216717b2b"",""environment"":""497ce9b3-fb87-4b99-9cf7-6c7305d440e8"",""service"":""2f22293c-9116-4952-b24d-3937d322e2e1"",""deployment"":""704cae93-1883-49c0-86e2-2d8501274997"",""replica"":""d9785248-59d5-44a5-b319-189eccb33b49""}",2026-08-20T23:49:32.098718667Z
"  File ""/app/.venv/lib/python3.11/site-packages/uvicorn/importer.py"", line 22, in import_from_string",error,"{""level"":""error""}","{""project"":""586ae7c2-e5b4-48eb-a537-f49216717b2b"",""environment"":""497ce9b3-fb87-4b99-9cf7-6c7305d440e8"",""service"":""2f22293c-9116-4952-b24d-3937d322e2e1"",""deployment"":""704cae93-1883-49c0-86e2-2d8501274997"",""replica"":""d9785248-59d5-44a5-b319-189eccb33b49""}",2026-08-20T23:49:32.098718777Z
    raise exc from None,error,"{""level"":""error""}","{""project"":""586ae7c2-e5b4-48eb-a537-f49216717b2b"",""environment"":""497ce9b3-fb87-4b99-9cf7-6c7305d440e8"",""service"":""2f22293c-9116-4952-b24d-3937d322e2e1"",""deployment"":""704cae93-1883-49c0-86e2-2d8501274997"",""replica"":""d9785248-59d5-44a5-b319-189eccb33b49""}",2026-08-20T23:49:32.098723117Z
"  File ""/app/.venv/lib/python3.11/site-packages/uvicorn/importer.py"", line 19, in import_from_string",error,"{""level"":""error""}","{""project"":""586ae7c2-e5b4-48eb-a537-f49216717b2b"",""environment"":""497ce9b3-fb87-4b99-9cf7-6c7305d440e8"",""service"":""2f22293c-9116-4952-b24d-3937d322e2e1"",""deployment"":""704cae93-1883-49c0-86e2-2d8501274997"",""replica"":""d9785248-59d5-44a5-b319-189eccb33b49""}",2026-08-20T23:49:32.098727637Z
    module = importlib.import_module(module_str),error,"{""level"":""error""}","{""project"":""586ae7c2-e5b4-48eb-a537-f49216717b2b"",""environment"":""497ce9b3-fb87-4b99-9cf7-6c7305d440e8"",""service"":""2f22293c-9116-4952-b24d-3937d322e2e1"",""deployment"":""704cae93-1883-49c0-86e2-2d8501274997"",""replica"":""d9785248-59d5-44a5-b319-189eccb33b49""}",2026-08-20T23:49:32.098732047Z
             ^^^^^^^^^^^^^^^^^^^^^^^^^^^^^^^^^^^,error,"{""level"":""error""}","{""project"":""586ae7c2-e5b4-48eb-a537-f49216717b2b"",""environment"":""497ce9b3-fb87-4b99-9cf7-6c7305d440e8"",""service"":""2f22293c-9116-4952-b24d-3937d322e2e1"",""deployment"":""704cae93-1883-49c0-86e2-2d8501274997"",""replica"":""d9785248-59d5-44a5-b319-189eccb33b49""}",2026-08-20T23:49:32.098736557Z
"  File ""/mise/installs/python/3.11.9/lib/python3.11/importlib/__init__.py"", line 126, in import_module",error,"{""level"":""error""}","{""project"":""586ae7c2-e5b4-48eb-a537-f49216717b2b"",""environment"":""497ce9b3-fb87-4b99-9cf7-6c7305d440e8"",""service"":""2f22293c-9116-4952-b24d-3937d322e2e1"",""deployment"":""704cae93-1883-49c0-86e2-2d8501274997"",""replica"":""d9785248-59d5-44a5-b319-189eccb33b49""}",2026-08-20T23:49:32.098740677Z
"    return _bootstrap._gcd_import(name[level:], package, level)",error,"{""level"":""error""}","{""project"":""586ae7c2-e5b4-48eb-a537-f49216717b2b"",""environment"":""497ce9b3-fb87-4b99-9cf7-6c7305d440e8"",""service"":""2f22293c-9116-4952-b24d-3937d322e2e1"",""deployment"":""704cae93-1883-49c0-86e2-2d8501274997"",""replica"":""d9785248-59d5-44a5-b319-189eccb33b49""}",2026-08-20T23:49:32.098746037Z
           ^^^^^^^^^^^^^^^^^^^^^^^^^^^^^^^^^^^^^^^^^^^^^^^^^^^^,error,"{""level"":""error""}","{""project"":""586ae7c2-e5b4-48eb-a537-f49216717b2b"",""environment"":""497ce9b3-fb87-4b99-9cf7-6c7305d440e8"",""service"":""2f22293c-9116-4952-b24d-3937d322e2e1"",""deployment"":""704cae93-1883-49c0-86e2-2d8501274997"",""replica"":""d9785248-59d5-44a5-b319-189eccb33b49""}",2026-08-20T23:49:32.098750647Z
"  File ""<frozen importlib._bootstrap>"", line 1204, in _gcd_import",error,"{""level"":""error""}","{""project"":""586ae7c2-e5b4-48eb-a537-f49216717b2b"",""environment"":""497ce9b3-fb87-4b99-9cf7-6c7305d440e8"",""service"":""2f22293c-9116-4952-b24d-3937d322e2e1"",""deployment"":""704cae93-1883-49c0-86e2-2d8501274997"",""replica"":""d9785248-59d5-44a5-b319-189eccb33b49""}",2026-08-20T23:49:32.098757517Z
"  File ""<frozen importlib._bootstrap>"", line 1176, in _find_and_load",error,"{""level"":""error""}","{""project"":""586ae7c2-e5b4-48eb-a537-f49216717b2b"",""environment"":""497ce9b3-fb87-4b99-9cf7-6c7305d440e8"",""service"":""2f22293c-9116-4952-b24d-3937d322e2e1"",""deployment"":""704cae93-1883-49c0-86e2-2d8501274997"",""replica"":""d9785248-59d5-44a5-b319-189eccb33b49""}",2026-08-20T23:49:32.098761327Z
"  File ""<frozen importlib._bootstrap>"", line 1147, in _find_and_load_unlocked",error,"{""level"":""error""}","{""project"":""586ae7c2-e5b4-48eb-a537-f49216717b2b"",""environment"":""497ce9b3-fb87-4b99-9cf7-6c7305d440e8"",""service"":""2f22293c-9116-4952-b24d-3937d322e2e1"",""deployment"":""704cae93-1883-49c0-86e2-2d8501274997"",""replica"":""d9785248-59d5-44a5-b319-189eccb33b49""}",2026-08-20T23:49:32.098765477Z
"  File ""<frozen importlib._bootstrap>"", line 241, in _call_with_frames_removed",error,"{""level"":""error""}","{""project"":""586ae7c2-e5b4-48eb-a537-f49216717b2b"",""environment"":""497ce9b3-fb87-4b99-9cf7-6c7305d440e8"",""service"":""2f22293c-9116-4952-b24d-3937d322e2e1"",""deployment"":""704cae93-1883-49c0-86e2-2d8501274997"",""replica"":""d9785248-59d5-44a5-b319-189eccb33b49""}",2026-08-20T23:49:32.098947403Z
"  File ""/app/api/index.py"", line 7, in <module>",error,"{""level"":""error""}","{""project"":""586ae7c2-e5b4-48eb-a537-f49216717b2b"",""environment"":""497ce9b3-fb87-4b99-9cf7-6c7305d440e8"",""service"":""2f22293c-9116-4952-b24d-3937d322e2e1"",""deployment"":""704cae93-1883-49c0-86e2-2d8501274997"",""replica"":""d9785248-59d5-44a5-b319-189eccb33b49""}",2026-08-20T23:49:32.098953373Z
    from api.engines.news_engine import NewsEngine,error,"{""level"":""error""}","{""project"":""586ae7c2-e5b4-48eb-a537-f49216717b2b"",""environment"":""497ce9b3-fb87-4b99-9cf7-6c7305d440e8"",""service"":""2f22293c-9116-4952-b24d-3937d322e2e1"",""deployment"":""704cae93-1883-49c0-86e2-2d8501274997"",""replica"":""d9785248-59d5-44a5-b319-189eccb33b49""}",2026-08-20T23:49:32.098957403Z
"  File ""/app/api/engines/news_engine.py"", line 1, in <module>",error,"{""level"":""error""}","{""project"":""586ae7c2-e5b4-48eb-a537-f49216717b2b"",""environment"":""497ce9b3-fb87-4b99-9cf7-6c7305d440e8"",""service"":""2f22293c-9116-4952-b24d-3937d322e2e1"",""deployment"":""704cae93-1883-49c0-86e2-2d8501274997"",""replica"":""d9785248-59d5-44a5-b319-189eccb33b49""}",2026-08-20T23:49:32.098961793Z
    import httpx,error,"{""level"":""error""}","{""project"":""586ae7c2-e5b4-48eb-a537-f49216717b2b"",""environment"":""497ce9b3-fb87-4b99-9cf7-6c7305d440e8"",""service"":""2f22293c-9116-4952-b24d-3937d322e2e1"",""deployment"":""704cae93-1883-49c0-86e2-2d8501274997"",""replica"":""d9785248-59d5-44a5-b319-189eccb33b49""}",2026-08-20T23:49:32.098965483Z
ModuleNotFoundError: No module named 'httpx',error,"{""level"":""error""}","{""project"":""586ae7c2-e5b4-48eb-a537-f49216717b2b"",""environment"":""497ce9b3-fb87-4b99-9cf7-6c7305d440e8"",""service"":""2f22293c-9116-4952-b24d-3937d322e2e1"",""deployment"":""704cae93-1883-49c0-86e2-2d8501274997"",""replica"":""d9785248-59d5-44a5-b319-189eccb33b49""}",2026-08-20T23:49:32.098969653Z
Traceback (most recent call last):,error,"{""level"":""error""}","{""project"":""586ae7c2-e5b4-48eb-a537-f49216717b2b"",""environment"":""497ce9b3-fb87-4b99-9cf7-6c7305d440e8"",""service"":""2f22293c-9116-4952-b24d-3937d322e2e1"",""deployment"":""704cae93-1883-49c0-86e2-2d8501274997"",""replica"":""d9785248-59d5-44a5-b319-189eccb33b49""}",2026-08-20T23:49:34.171584485Z
"  File ""/app/.venv/bin/uvicorn"", line 8, in <module>",error,"{""level"":""error""}","{""project"":""586ae7c2-e5b4-48eb-a537-f49216717b2b"",""environment"":""497ce9b3-fb87-4b99-9cf7-6c7305d440e8"",""service"":""2f22293c-9116-4952-b24d-3937d322e2e1"",""deployment"":""704cae93-1883-49c0-86e2-2d8501274997"",""replica"":""d9785248-59d5-44a5-b319-189eccb33b49""}",2026-08-20T23:49:34.171589615Z
    sys.exit(main()),error,"{""level"":""error""}","{""project"":""586ae7c2-e5b4-48eb-a537-f49216717b2b"",""environment"":""497ce9b3-fb87-4b99-9cf7-6c7305d440e8"",""service"":""2f22293c-9116-4952-b24d-3937d322e2e1"",""deployment"":""704cae93-1883-49c0-86e2-2d8501274997"",""replica"":""d9785248-59d5-44a5-b319-189eccb33b49""}",2026-08-20T23:49:34.171592795Z
             ^^^^^^,error,"{""level"":""error""}","{""project"":""586ae7c2-e5b4-48eb-a537-f49216717b2b"",""environment"":""497ce9b3-fb87-4b99-9cf7-6c7305d440e8"",""service"":""2f22293c-9116-4952-b24d-3937d322e2e1"",""deployment"":""704cae93-1883-49c0-86e2-2d8501274997"",""replica"":""d9785248-59d5-44a5-b319-189eccb33b49""}",2026-08-20T23:49:34.171597124Z
"  File ""/app/.venv/lib/python3.11/site-packages/click/core.py"", line 1569, in __call__",error,"{""level"":""error""}","{""project"":""586ae7c2-e5b4-48eb-a537-f49216717b2b"",""environment"":""497ce9b3-fb87-4b99-9cf7-6c7305d440e8"",""service"":""2f22293c-9116-4952-b24d-3937d322e2e1"",""deployment"":""704cae93-1883-49c0-86e2-2d8501274997"",""replica"":""d9785248-59d5-44a5-b319-189eccb33b49""}",2026-08-20T23:49:34.171600094Z
"    return self.main(*args, **kwargs)",error,"{""level"":""error""}","{""project"":""586ae7c2-e5b4-48eb-a537-f49216717b2b"",""environment"":""497ce9b3-fb87-4b99-9cf7-6c7305d440e8"",""service"":""2f22293c-9116-4952-b24d-3937d322e2e1"",""deployment"":""704cae93-1883-49c0-86e2-2d8501274997"",""replica"":""d9785248-59d5-44a5-b319-189eccb33b49""}",2026-08-20T23:49:34.171602664Z
           ^^^^^^^^^^^^^^^^^^^^^^^^^^,error,"{""level"":""error""}","{""project"":""586ae7c2-e5b4-48eb-a537-f49216717b2b"",""environment"":""497ce9b3-fb87-4b99-9cf7-6c7305d440e8"",""service"":""2f22293c-9116-4952-b24d-3937d322e2e1"",""deployment"":""704cae93-1883-49c0-86e2-2d8501274997"",""replica"":""d9785248-59d5-44a5-b319-189eccb33b49""}",2026-08-20T23:49:34.171605514Z
"  File ""/app/.venv/lib/python3.11/site-packages/click/core.py"", line 1490, in main",error,"{""level"":""error""}","{""project"":""586ae7c2-e5b4-48eb-a537-f49216717b2b"",""environment"":""497ce9b3-fb87-4b99-9cf7-6c7305d440e8"",""service"":""2f22293c-9116-4952-b24d-3937d322e2e1"",""deployment"":""704cae93-1883-49c0-86e2-2d8501274997"",""replica"":""d9785248-59d5-44a5-b319-189eccb33b49""}",2026-08-20T23:49:34.171608444Z
    rv = self.invoke(ctx),error,"{""level"":""error""}","{""project"":""586ae7c2-e5b4-48eb-a537-f49216717b2b"",""environment"":""497ce9b3-fb87-4b99-9cf7-6c7305d440e8"",""service"":""2f22293c-9116-4952-b24d-3937d322e2e1"",""deployment"":""704cae93-1883-49c0-86e2-2d8501274997"",""replica"":""d9785248-59d5-44a5-b319-189eccb33b49""}",2026-08-20T23:49:34.171612094Z
         ^^^^^^^^^^^^^^^^,error,"{""level"":""error""}","{""project"":""586ae7c2-e5b4-48eb-a537-f49216717b2b"",""environment"":""497ce9b3-fb87-4b99-9cf7-6c7305d440e8"",""service"":""2f22293c-9116-4952-b24d-3937d322e2e1"",""deployment"":""704cae93-1883-49c0-86e2-2d8501274997"",""replica"":""d9785248-59d5-44a5-b319-189eccb33b49""}",2026-08-20T23:49:34.171614914Z
"  File ""/app/.venv/lib/python3.11/site-packages/click/core.py"", line 1353, in invoke",error,"{""level"":""error""}","{""project"":""586ae7c2-e5b4-48eb-a537-f49216717b2b"",""environment"":""497ce9b3-fb87-4b99-9cf7-6c7305d440e8"",""service"":""2f22293c-9116-4952-b24d-3937d322e2e1"",""deployment"":""704cae93-1883-49c0-86e2-2d8501274997"",""replica"":""d9785248-59d5-44a5-b319-189eccb33b49""}",2026-08-20T23:49:34.171618544Z
"    return ctx.invoke(self.callback, **ctx.params)",error,"{""level"":""error""}","{""project"":""586ae7c2-e5b4-48eb-a537-f49216717b2b"",""environment"":""497ce9b3-fb87-4b99-9cf7-6c7305d440e8"",""service"":""2f22293c-9116-4952-b24d-3937d322e2e1"",""deployment"":""704cae93-1883-49c0-86e2-2d8501274997"",""replica"":""d9785248-59d5-44a5-b319-189eccb33b49""}",2026-08-20T23:49:34.171621184Z
           ^^^^^^^^^^^^^^^^^^^^^^^^^^^^^^^^^^^^^^^,error,"{""level"":""error""}","{""project"":""586ae7c2-e5b4-48eb-a537-f49216717b2b"",""environment"":""497ce9b3-fb87-4b99-9cf7-6c7305d440e8"",""service"":""2f22293c-9116-4952-b24d-3937d322e2e1"",""deployment"":""704cae93-1883-49c0-86e2-2d8501274997"",""replica"":""d9785248-59d5-44a5-b319-189eccb33b49""}",2026-08-20T23:49:34.171624064Z
"  File ""/app/.venv/lib/python3.11/site-packages/click/core.py"", line 907, in invoke",error,"{""level"":""error""}","{""project"":""586ae7c2-e5b4-48eb-a537-f49216717b2b"",""environment"":""497ce9b3-fb87-4b99-9cf7-6c7305d440e8"",""service"":""2f22293c-9116-4952-b24d-3937d322e2e1"",""deployment"":""704cae93-1883-49c0-86e2-2d8501274997"",""replica"":""d9785248-59d5-44a5-b319-189eccb33b49""}",2026-08-20T23:49:34.171626474Z
"    return callback(*args, **kwargs)",error,"{""level"":""error""}","{""project"":""586ae7c2-e5b4-48eb-a537-f49216717b2b"",""environment"":""497ce9b3-fb87-4b99-9cf7-6c7305d440e8"",""service"":""2f22293c-9116-4952-b24d-3937d322e2e1"",""deployment"":""704cae93-1883-49c0-86e2-2d8501274997"",""replica"":""d9785248-59d5-44a5-b319-189eccb33b49""}",2026-08-20T23:49:34.171640944Z
           ^^^^^^^^^^^^^^^^^^^^^^^^^,error,"{""level"":""error""}","{""project"":""586ae7c2-e5b4-48eb-a537-f49216717b2b"",""environment"":""497ce9b3-fb87-4b99-9cf7-6c7305d440e8"",""service"":""2f22293c-9116-4952-b24d-3937d322e2e1"",""deployment"":""704cae93-1883-49c0-86e2-2d8501274997"",""replica"":""d9785248-59d5-44a5-b319-189eccb33b49""}",2026-08-20T23:49:34.172710814Z
"  File ""/app/.venv/lib/python3.11/site-packages/uvicorn/main.py"", line 440, in main",error,"{""level"":""error""}","{""project"":""586ae7c2-e5b4-48eb-a537-f49216717b2b"",""environment"":""497ce9b3-fb87-4b99-9cf7-6c7305d440e8"",""service"":""2f22293c-9116-4952-b24d-3937d322e2e1"",""deployment"":""704cae93-1883-49c0-86e2-2d8501274997"",""replica"":""d9785248-59d5-44a5-b319-189eccb33b49""}",2026-08-20T23:49:34.172715004Z
    run(,error,"{""level"":""error""}","{""project"":""586ae7c2-e5b4-48eb-a537-f49216717b2b"",""environment"":""497ce9b3-fb87-4b99-9cf7-6c7305d440e8"",""service"":""2f22293c-9116-4952-b24d-3937d322e2e1"",""deployment"":""704cae93-1883-49c0-86e2-2d8501274997"",""replica"":""d9785248-59d5-44a5-b319-189eccb33b49""}",2026-08-20T23:49:34.172719234Z
"  File ""/app/.venv/lib/python3.11/site-packages/uvicorn/main.py"", line 609, in run",error,"{""level"":""error""}","{""project"":""586ae7c2-e5b4-48eb-a537-f49216717b2b"",""environment"":""497ce9b3-fb87-4b99-9cf7-6c7305d440e8"",""service"":""2f22293c-9116-4952-b24d-3937d322e2e1"",""deployment"":""704cae93-1883-49c0-86e2-2d8501274997"",""replica"":""d9785248-59d5-44a5-b319-189eccb33b49""}",2026-08-20T23:49:34.172723334Z
    config.load_app(),error,"{""level"":""error""}","{""project"":""586ae7c2-e5b4-48eb-a537-f49216717b2b"",""environment"":""497ce9b3-fb87-4b99-9cf7-6c7305d440e8"",""service"":""2f22293c-9116-4952-b24d-3937d322e2e1"",""deployment"":""704cae93-1883-49c0-86e2-2d8501274997"",""replica"":""d9785248-59d5-44a5-b319-189eccb33b49""}",2026-08-20T23:49:34.172727024Z
"  File ""/app/.venv/lib/python3.11/site-packages/uvicorn/config.py"", line 428, in load_app",error,"{""level"":""error""}","{""project"":""586ae7c2-e5b4-48eb-a537-f49216717b2b"",""environment"":""497ce9b3-fb87-4b99-9cf7-6c7305d440e8"",""service"":""2f22293c-9116-4952-b24d-3937d322e2e1"",""deployment"":""704cae93-1883-49c0-86e2-2d8501274997"",""replica"":""d9785248-59d5-44a5-b319-189eccb33b49""}",2026-08-20T23:49:34.172730984Z
    return import_from_string(self.app),error,"{""level"":""error""}","{""project"":""586ae7c2-e5b4-48eb-a537-f49216717b2b"",""environment"":""497ce9b3-fb87-4b99-9cf7-6c7305d440e8"",""service"":""2f22293c-9116-4952-b24d-3937d322e2e1"",""deployment"":""704cae93-1883-49c0-86e2-2d8501274997"",""replica"":""d9785248-59d5-44a5-b319-189eccb33b49""}",2026-08-20T23:49:34.172735704Z
           ^^^^^^^^^^^^^^^^^^^^^^^^^^^^,error,"{""level"":""error""}","{""project"":""586ae7c2-e5b4-48eb-a537-f49216717b2b"",""environment"":""497ce9b3-fb87-4b99-9cf7-6c7305d440e8"",""service"":""2f22293c-9116-4952-b24d-3937d322e2e1"",""deployment"":""704cae93-1883-49c0-86e2-2d8501274997"",""replica"":""d9785248-59d5-44a5-b319-189eccb33b49""}",2026-08-20T23:49:34.172739764Z
"  File ""/app/.venv/lib/python3.11/site-packages/uvicorn/importer.py"", line 22, in import_from_string",error,"{""level"":""error""}","{""project"":""586ae7c2-e5b4-48eb-a537-f49216717b2b"",""environment"":""497ce9b3-fb87-4b99-9cf7-6c7305d440e8"",""service"":""2f22293c-9116-4952-b24d-3937d322e2e1"",""deployment"":""704cae93-1883-49c0-86e2-2d8501274997"",""replica"":""d9785248-59d5-44a5-b319-189eccb33b49""}",2026-08-20T23:49:34.172743514Z
    raise exc from None,error,"{""level"":""error""}","{""project"":""586ae7c2-e5b4-48eb-a537-f49216717b2b"",""environment"":""497ce9b3-fb87-4b99-9cf7-6c7305d440e8"",""service"":""2f22293c-9116-4952-b24d-3937d322e2e1"",""deployment"":""704cae93-1883-49c0-86e2-2d8501274997"",""replica"":""d9785248-59d5-44a5-b319-189eccb33b49""}",2026-08-20T23:49:34.172746644Z
"  File ""/app/.venv/lib/python3.11/site-packages/uvicorn/importer.py"", line 19, in import_from_string",error,"{""level"":""error""}","{""project"":""586ae7c2-e5b4-48eb-a537-f49216717b2b"",""environment"":""497ce9b3-fb87-4b99-9cf7-6c7305d440e8"",""service"":""2f22293c-9116-4952-b24d-3937d322e2e1"",""deployment"":""704cae93-1883-49c0-86e2-2d8501274997"",""replica"":""d9785248-59d5-44a5-b319-189eccb33b49""}",2026-08-20T23:49:34.172750004Z
    module = importlib.import_module(module_str),error,"{""level"":""error""}","{""project"":""586ae7c2-e5b4-48eb-a537-f49216717b2b"",""environment"":""497ce9b3-fb87-4b99-9cf7-6c7305d440e8"",""service"":""2f22293c-9116-4952-b24d-3937d322e2e1"",""deployment"":""704cae93-1883-49c0-86e2-2d8501274997"",""replica"":""d9785248-59d5-44a5-b319-189eccb33b49""}",2026-08-20T23:49:34.172753344Z
             ^^^^^^^^^^^^^^^^^^^^^^^^^^^^^^^^^^^,error,"{""level"":""error""}","{""project"":""586ae7c2-e5b4-48eb-a537-f49216717b2b"",""environment"":""497ce9b3-fb87-4b99-9cf7-6c7305d440e8"",""service"":""2f22293c-9116-4952-b24d-3937d322e2e1"",""deployment"":""704cae93-1883-49c0-86e2-2d8501274997"",""replica"":""d9785248-59d5-44a5-b319-189eccb33b49""}",2026-08-20T23:49:34.172756804Z
"  File ""/mise/installs/python/3.11.9/lib/python3.11/importlib/__init__.py"", line 126, in import_module",error,"{""level"":""error""}","{""project"":""586ae7c2-e5b4-48eb-a537-f49216717b2b"",""environment"":""497ce9b3-fb87-4b99-9cf7-6c7305d440e8"",""service"":""2f22293c-9116-4952-b24d-3937d322e2e1"",""deployment"":""704cae93-1883-49c0-86e2-2d8501274997"",""replica"":""d9785248-59d5-44a5-b319-189eccb33b49""}",2026-08-20T23:49:34.172760154Z
"    return _bootstrap._gcd_import(name[level:], package, level)",error,"{""level"":""error""}","{""project"":""586ae7c2-e5b4-48eb-a537-f49216717b2b"",""environment"":""497ce9b3-fb87-4b99-9cf7-6c7305d440e8"",""service"":""2f22293c-9116-4952-b24d-3937d322e2e1"",""deployment"":""704cae93-1883-49c0-86e2-2d8501274997"",""replica"":""d9785248-59d5-44a5-b319-189eccb33b49""}",2026-08-20T23:49:34.172763183Z
           ^^^^^^^^^^^^^^^^^^^^^^^^^^^^^^^^^^^^^^^^^^^^^^^^^^^^,error,"{""level"":""error""}","{""project"":""586ae7c2-e5b4-48eb-a537-f49216717b2b"",""environment"":""497ce9b3-fb87-4b99-9cf7-6c7305d440e8"",""service"":""2f22293c-9116-4952-b24d-3937d322e2e1"",""deployment"":""704cae93-1883-49c0-86e2-2d8501274997"",""replica"":""d9785248-59d5-44a5-b319-189eccb33b49""}",2026-08-20T23:49:34.172900461Z
"  File ""<frozen importlib._bootstrap>"", line 1204, in _gcd_import",error,"{""level"":""error""}","{""project"":""586ae7c2-e5b4-48eb-a537-f49216717b2b"",""environment"":""497ce9b3-fb87-4b99-9cf7-6c7305d440e8"",""service"":""2f22293c-9116-4952-b24d-3937d322e2e1"",""deployment"":""704cae93-1883-49c0-86e2-2d8501274997"",""replica"":""d9785248-59d5-44a5-b319-189eccb33b49""}",2026-08-20T23:49:34.172912801Z
"  File ""<frozen importlib._bootstrap>"", line 1176, in _find_and_load",error,"{""level"":""error""}","{""project"":""586ae7c2-e5b4-48eb-a537-f49216717b2b"",""environment"":""497ce9b3-fb87-4b99-9cf7-6c7305d440e8"",""service"":""2f22293c-9116-4952-b24d-3937d322e2e1"",""deployment"":""704cae93-1883-49c0-86e2-2d8501274997"",""replica"":""d9785248-59d5-44a5-b319-189eccb33b49""}",2026-08-20T23:49:34.172918311Z
"  File ""<frozen importlib._bootstrap>"", line 1147, in _find_and_load_unlocked",error,"{""level"":""error""}","{""project"":""586ae7c2-e5b4-48eb-a537-f49216717b2b"",""environment"":""497ce9b3-fb87-4b99-9cf7-6c7305d440e8"",""service"":""2f22293c-9116-4952-b24d-3937d322e2e1"",""deployment"":""704cae93-1883-49c0-86e2-2d8501274997"",""replica"":""d9785248-59d5-44a5-b319-189eccb33b49""}",2026-08-20T23:49:34.172923790Z
"  File ""<frozen importlib._bootstrap>"", line 690, in _load_unlocked",error,"{""level"":""error""}","{""project"":""586ae7c2-e5b4-48eb-a537-f49216717b2b"",""environment"":""497ce9b3-fb87-4b99-9cf7-6c7305d440e8"",""service"":""2f22293c-9116-4952-b24d-3937d322e2e1"",""deployment"":""704cae93-1883-49c0-86e2-2d8501274997"",""replica"":""d9785248-59d5-44a5-b319-189eccb33b49""}",2026-08-20T23:49:34.172927910Z
"  File ""<frozen importlib._bootstrap_external>"", line 940, in exec_module",error,"{""level"":""error""}","{""project"":""586ae7c2-e5b4-48eb-a537-f49216717b2b"",""environment"":""497ce9b3-fb87-4b99-9cf7-6c7305d440e8"",""service"":""2f22293c-9116-4952-b24d-3937d322e2e1"",""deployment"":""704cae93-1883-49c0-86e2-2d8501274997"",""replica"":""d9785248-59d5-44a5-b319-189eccb33b49""}",2026-08-20T23:49:34.172934170Z
"  File ""<frozen importlib._bootstrap>"", line 241, in _call_with_frames_removed",error,"{""level"":""error""}","{""project"":""586ae7c2-e5b4-48eb-a537-f49216717b2b"",""environment"":""497ce9b3-fb87-4b99-9cf7-6c7305d440e8"",""service"":""2f22293c-9116-4952-b24d-3937d322e2e1"",""deployment"":""704cae93-1883-49c0-86e2-2d8501274997"",""replica"":""d9785248-59d5-44a5-b319-189eccb33b49""}",2026-08-20T23:49:34.172938450Z
"  File ""/app/api/index.py"", line 7, in <module>",error,"{""level"":""error""}","{""project"":""586ae7c2-e5b4-48eb-a537-f49216717b2b"",""environment"":""497ce9b3-fb87-4b99-9cf7-6c7305d440e8"",""service"":""2f22293c-9116-4952-b24d-3937d322e2e1"",""deployment"":""704cae93-1883-49c0-86e2-2d8501274997"",""replica"":""d9785248-59d5-44a5-b319-189eccb33b49""}",2026-08-20T23:49:34.172942120Z
    from api.engines.news_engine import NewsEngine,error,"{""level"":""error""}","{""project"":""586ae7c2-e5b4-48eb-a537-f49216717b2b"",""environment"":""497ce9b3-fb87-4b99-9cf7-6c7305d440e8"",""service"":""2f22293c-9116-4952-b24d-3937d322e2e1"",""deployment"":""704cae93-1883-49c0-86e2-2d8501274997"",""replica"":""d9785248-59d5-44a5-b319-189eccb33b49""}",2026-08-20T23:49:34.172946630Z
"  File ""/app/api/engines/news_engine.py"", line 1, in <module>",error,"{""level"":""error""}","{""project"":""586ae7c2-e5b4-48eb-a537-f49216717b2b"",""environment"":""497ce9b3-fb87-4b99-9cf7-6c7305d440e8"",""service"":""2f22293c-9116-4952-b24d-3937d322e2e1"",""deployment"":""704cae93-1883-49c0-86e2-2d8501274997"",""replica"":""d9785248-59d5-44a5-b319-189eccb33b49""}",2026-08-20T23:49:34.172951300Z
    import httpx,error,"{""level"":""error""}","{""project"":""586ae7c2-e5b4-48eb-a537-f49216717b2b"",""environment"":""497ce9b3-fb87-4b99-9cf7-6c7305d440e8"",""service"":""2f22293c-9116-4952-b24d-3937d322e2e1"",""deployment"":""704cae93-1883-49c0-86e2-2d8501274997"",""replica"":""d9785248-59d5-44a5-b319-189eccb33b49""}",2026-08-20T23:49:34.172955380Z
ModuleNotFoundError: No module named 'httpx',error,"{""level"":""error""}","{""project"":""586ae7c2-e5b4-48eb-a537-f49216717b2b"",""environment"":""497ce9b3-fb87-4b99-9cf7-6c7305d440e8"",""service"":""2f22293c-9116-4952-b24d-3937d322e2e1"",""deployment"":""704cae93-1883-49c0-86e2-2d8501274997"",""replica"":""d9785248-59d5-44a5-b319-189eccb33b49""}",2026-08-20T23:49:34.172959260Z
Traceback (most recent call last):,error,"{""level"":""error""}","{""project"":""586ae7c2-e5b4-48eb-a537-f49216717b2b"",""environment"":""497ce9b3-fb87-4b99-9cf7-6c7305d440e8"",""service"":""2f22293c-9116-4952-b24d-3937d322e2e1"",""deployment"":""704cae93-1883-49c0-86e2-2d8501274997"",""replica"":""d9785248-59d5-44a5-b319-189eccb33b49""}",2026-08-20T23:51:04.323390949Z
"  File ""/app/.venv/bin/uvicorn"", line 8, in <module>",error,"{""level"":""error""}","{""project"":""586ae7c2-e5b4-48eb-a537-f49216717b2b"",""environment"":""497ce9b3-fb87-4b99-9cf7-6c7305d440e8"",""service"":""2f22293c-9116-4952-b24d-3937d322e2e1"",""deployment"":""704cae93-1883-49c0-86e2-2d8501274997"",""replica"":""d9785248-59d5-44a5-b319-189eccb33b49""}",2026-08-20T23:51:04.323394359Z
    sys.exit(main()),error,"{""level"":""error""}","{""project"":""586ae7c2-e5b4-48eb-a537-f49216717b2b"",""environment"":""497ce9b3-fb87-4b99-9cf7-6c7305d440e8"",""service"":""2f22293c-9116-4952-b24d-3937d322e2e1"",""deployment"":""704cae93-1883-49c0-86e2-2d8501274997"",""replica"":""d9785248-59d5-44a5-b319-189eccb33b49""}",2026-08-20T23:51:04.323397699Z
             ^^^^^^,error,"{""level"":""error""}","{""project"":""586ae7c2-e5b4-48eb-a537-f49216717b2b"",""environment"":""497ce9b3-fb87-4b99-9cf7-6c7305d440e8"",""service"":""2f22293c-9116-4952-b24d-3937d322e2e1"",""deployment"":""704cae93-1883-49c0-86e2-2d8501274997"",""replica"":""d9785248-59d5-44a5-b319-189eccb33b49""}",2026-08-20T23:51:04.323401159Z
"  File ""/app/.venv/lib/python3.11/site-packages/click/core.py"", line 1569, in __call__",error,"{""level"":""error""}","{""project"":""586ae7c2-e5b4-48eb-a537-f49216717b2b"",""environment"":""497ce9b3-fb87-4b99-9cf7-6c7305d440e8"",""service"":""2f22293c-9116-4952-b24d-3937d322e2e1"",""deployment"":""704cae93-1883-49c0-86e2-2d8501274997"",""replica"":""d9785248-59d5-44a5-b319-189eccb33b49""}",2026-08-20T23:51:04.323404819Z
"    return self.main(*args, **kwargs)",error,"{""level"":""error""}","{""project"":""586ae7c2-e5b4-48eb-a537-f49216717b2b"",""environment"":""497ce9b3-fb87-4b99-9cf7-6c7305d440e8"",""service"":""2f22293c-9116-4952-b24d-3937d322e2e1"",""deployment"":""704cae93-1883-49c0-86e2-2d8501274997"",""replica"":""d9785248-59d5-44a5-b319-189eccb33b49""}",2026-08-20T23:51:04.323408199Z
           ^^^^^^^^^^^^^^^^^^^^^^^^^^,error,"{""level"":""error""}","{""project"":""586ae7c2-e5b4-48eb-a537-f49216717b2b"",""environment"":""497ce9b3-fb87-4b99-9cf7-6c7305d440e8"",""service"":""2f22293c-9116-4952-b24d-3937d322e2e1"",""deployment"":""704cae93-1883-49c0-86e2-2d8501274997"",""replica"":""d9785248-59d5-44a5-b319-189eccb33b49""}",2026-08-20T23:51:04.323413499Z
"  File ""/app/.venv/lib/python3.11/site-packages/click/core.py"", line 1490, in main",error,"{""level"":""error""}","{""project"":""586ae7c2-e5b4-48eb-a537-f49216717b2b"",""environment"":""497ce9b3-fb87-4b99-9cf7-6c7305d440e8"",""service"":""2f22293c-9116-4952-b24d-3937d322e2e1"",""deployment"":""704cae93-1883-49c0-86e2-2d8501274997"",""replica"":""d9785248-59d5-44a5-b319-189eccb33b49""}",2026-08-20T23:51:04.323416609Z
    rv = self.invoke(ctx),error,"{""level"":""error""}","{""project"":""586ae7c2-e5b4-48eb-a537-f49216717b2b"",""environment"":""497ce9b3-fb87-4b99-9cf7-6c7305d440e8"",""service"":""2f22293c-9116-4952-b24d-3937d322e2e1"",""deployment"":""704cae93-1883-49c0-86e2-2d8501274997"",""replica"":""d9785248-59d5-44a5-b319-189eccb33b49""}",2026-08-20T23:51:04.323419839Z
         ^^^^^^^^^^^^^^^^,error,"{""level"":""error""}","{""project"":""586ae7c2-e5b4-48eb-a537-f49216717b2b"",""environment"":""497ce9b3-fb87-4b99-9cf7-6c7305d440e8"",""service"":""2f22293c-9116-4952-b24d-3937d322e2e1"",""deployment"":""704cae93-1883-49c0-86e2-2d8501274997"",""replica"":""d9785248-59d5-44a5-b319-189eccb33b49""}",2026-08-20T23:51:04.323422879Z
"  File ""/app/.venv/lib/python3.11/site-packages/click/core.py"", line 1353, in invoke",error,"{""level"":""error""}","{""project"":""586ae7c2-e5b4-48eb-a537-f49216717b2b"",""environment"":""497ce9b3-fb87-4b99-9cf7-6c7305d440e8"",""service"":""2f22293c-9116-4952-b24d-3937d322e2e1"",""deployment"":""704cae93-1883-49c0-86e2-2d8501274997"",""replica"":""d9785248-59d5-44a5-b319-189eccb33b49""}",2026-08-20T23:51:04.323426299Z
"    return ctx.invoke(self.callback, **ctx.params)",error,"{""level"":""error""}","{""project"":""586ae7c2-e5b4-48eb-a537-f49216717b2b"",""environment"":""497ce9b3-fb87-4b99-9cf7-6c7305d440e8"",""service"":""2f22293c-9116-4952-b24d-3937d322e2e1"",""deployment"":""704cae93-1883-49c0-86e2-2d8501274997"",""replica"":""d9785248-59d5-44a5-b319-189eccb33b49""}",2026-08-20T23:51:04.323429579Z
           ^^^^^^^^^^^^^^^^^^^^^^^^^^^^^^^^^^^^^^^,error,"{""level"":""error""}","{""project"":""586ae7c2-e5b4-48eb-a537-f49216717b2b"",""environment"":""497ce9b3-fb87-4b99-9cf7-6c7305d440e8"",""service"":""2f22293c-9116-4952-b24d-3937d322e2e1"",""deployment"":""704cae93-1883-49c0-86e2-2d8501274997"",""replica"":""d9785248-59d5-44a5-b319-189eccb33b49""}",2026-08-20T23:51:04.323432939Z
"  File ""/app/.venv/lib/python3.11/site-packages/click/core.py"", line 907, in invoke",error,"{""level"":""error""}","{""project"":""586ae7c2-e5b4-48eb-a537-f49216717b2b"",""environment"":""497ce9b3-fb87-4b99-9cf7-6c7305d440e8"",""service"":""2f22293c-9116-4952-b24d-3937d322e2e1"",""deployment"":""704cae93-1883-49c0-86e2-2d8501274997"",""replica"":""d9785248-59d5-44a5-b319-189eccb33b49""}",2026-08-20T23:51:04.323436279Z
"    return callback(*args, **kwargs)",error,"{""level"":""error""}","{""project"":""586ae7c2-e5b4-48eb-a537-f49216717b2b"",""environment"":""497ce9b3-fb87-4b99-9cf7-6c7305d440e8"",""service"":""2f22293c-9116-4952-b24d-3937d322e2e1"",""deployment"":""704cae93-1883-49c0-86e2-2d8501274997"",""replica"":""d9785248-59d5-44a5-b319-189eccb33b49""}",2026-08-20T23:51:04.323439319Z
           ^^^^^^^^^^^^^^^^^^^^^^^^^,error,"{""level"":""error""}","{""project"":""586ae7c2-e5b4-48eb-a537-f49216717b2b"",""environment"":""497ce9b3-fb87-4b99-9cf7-6c7305d440e8"",""service"":""2f22293c-9116-4952-b24d-3937d322e2e1"",""deployment"":""704cae93-1883-49c0-86e2-2d8501274997"",""replica"":""d9785248-59d5-44a5-b319-189eccb33b49""}",2026-08-20T23:51:04.323442618Z
"  File ""/app/.venv/lib/python3.11/site-packages/uvicorn/main.py"", line 440, in main",error,"{""level"":""error""}","{""project"":""586ae7c2-e5b4-48eb-a537-f49216717b2b"",""environment"":""497ce9b3-fb87-4b99-9cf7-6c7305d440e8"",""service"":""2f22293c-9116-4952-b24d-3937d322e2e1"",""deployment"":""704cae93-1883-49c0-86e2-2d8501274997"",""replica"":""d9785248-59d5-44a5-b319-189eccb33b49""}",2026-08-20T23:51:04.323446078Z
    run(,error,"{""level"":""error""}","{""project"":""586ae7c2-e5b4-48eb-a537-f49216717b2b"",""environment"":""497ce9b3-fb87-4b99-9cf7-6c7305d440e8"",""service"":""2f22293c-9116-4952-b24d-3937d322e2e1"",""deployment"":""704cae93-1883-49c0-86e2-2d8501274997"",""replica"":""d9785248-59d5-44a5-b319-189eccb33b49""}",2026-08-20T23:51:04.323966159Z
"  File ""/app/.venv/lib/python3.11/site-packages/uvicorn/main.py"", line 609, in run",error,"{""level"":""error""}","{""project"":""586ae7c2-e5b4-48eb-a537-f49216717b2b"",""environment"":""497ce9b3-fb87-4b99-9cf7-6c7305d440e8"",""service"":""2f22293c-9116-4952-b24d-3937d322e2e1"",""deployment"":""704cae93-1883-49c0-86e2-2d8501274997"",""replica"":""d9785248-59d5-44a5-b319-189eccb33b49""}",2026-08-20T23:51:04.323968659Z
    config.load_app(),error,"{""level"":""error""}","{""project"":""586ae7c2-e5b4-48eb-a537-f49216717b2b"",""environment"":""497ce9b3-fb87-4b99-9cf7-6c7305d440e8"",""service"":""2f22293c-9116-4952-b24d-3937d322e2e1"",""deployment"":""704cae93-1883-49c0-86e2-2d8501274997"",""replica"":""d9785248-59d5-44a5-b319-189eccb33b49""}",2026-08-20T23:51:04.323970859Z
"  File ""/app/.venv/lib/python3.11/site-packages/uvicorn/config.py"", line 428, in load_app",error,"{""level"":""error""}","{""project"":""586ae7c2-e5b4-48eb-a537-f49216717b2b"",""environment"":""497ce9b3-fb87-4b99-9cf7-6c7305d440e8"",""service"":""2f22293c-9116-4952-b24d-3937d322e2e1"",""deployment"":""704cae93-1883-49c0-86e2-2d8501274997"",""replica"":""d9785248-59d5-44a5-b319-189eccb33b49""}",2026-08-20T23:51:04.323973159Z
    return import_from_string(self.app),error,"{""level"":""error""}","{""project"":""586ae7c2-e5b4-48eb-a537-f49216717b2b"",""environment"":""497ce9b3-fb87-4b99-9cf7-6c7305d440e8"",""service"":""2f22293c-9116-4952-b24d-3937d322e2e1"",""deployment"":""704cae93-1883-49c0-86e2-2d8501274997"",""replica"":""d9785248-59d5-44a5-b319-189eccb33b49""}",2026-08-20T23:51:04.323976108Z
           ^^^^^^^^^^^^^^^^^^^^^^^^^^^^,error,"{""level"":""error""}","{""project"":""586ae7c2-e5b4-48eb-a537-f49216717b2b"",""environment"":""497ce9b3-fb87-4b99-9cf7-6c7305d440e8"",""service"":""2f22293c-9116-4952-b24d-3937d322e2e1"",""deployment"":""704cae93-1883-49c0-86e2-2d8501274997"",""replica"":""d9785248-59d5-44a5-b319-189eccb33b49""}",2026-08-20T23:51:04.323978688Z
"  File ""/app/.venv/lib/python3.11/site-packages/uvicorn/importer.py"", line 22, in import_from_string",error,"{""level"":""error""}","{""project"":""586ae7c2-e5b4-48eb-a537-f49216717b2b"",""environment"":""497ce9b3-fb87-4b99-9cf7-6c7305d440e8"",""service"":""2f22293c-9116-4952-b24d-3937d322e2e1"",""deployment"":""704cae93-1883-49c0-86e2-2d8501274997"",""replica"":""d9785248-59d5-44a5-b319-189eccb33b49""}",2026-08-20T23:51:04.323981228Z
    raise exc from None,error,"{""level"":""error""}","{""project"":""586ae7c2-e5b4-48eb-a537-f49216717b2b"",""environment"":""497ce9b3-fb87-4b99-9cf7-6c7305d440e8"",""service"":""2f22293c-9116-4952-b24d-3937d322e2e1"",""deployment"":""704cae93-1883-49c0-86e2-2d8501274997"",""replica"":""d9785248-59d5-44a5-b319-189eccb33b49""}",2026-08-20T23:51:04.323985048Z
"  File ""/app/.venv/lib/python3.11/site-packages/uvicorn/importer.py"", line 19, in import_from_string",error,"{""level"":""error""}","{""project"":""586ae7c2-e5b4-48eb-a537-f49216717b2b"",""environment"":""497ce9b3-fb87-4b99-9cf7-6c7305d440e8"",""service"":""2f22293c-9116-4952-b24d-3937d322e2e1"",""deployment"":""704cae93-1883-49c0-86e2-2d8501274997"",""replica"":""d9785248-59d5-44a5-b319-189eccb33b49""}",2026-08-20T23:51:04.323987338Z
    module = importlib.import_module(module_str),error,"{""level"":""error""}","{""project"":""586ae7c2-e5b4-48eb-a537-f49216717b2b"",""environment"":""497ce9b3-fb87-4b99-9cf7-6c7305d440e8"",""service"":""2f22293c-9116-4952-b24d-3937d322e2e1"",""deployment"":""704cae93-1883-49c0-86e2-2d8501274997"",""replica"":""d9785248-59d5-44a5-b319-189eccb33b49""}",2026-08-20T23:51:04.323989638Z
             ^^^^^^^^^^^^^^^^^^^^^^^^^^^^^^^^^^^,error,"{""level"":""error""}","{""project"":""586ae7c2-e5b4-48eb-a537-f49216717b2b"",""environment"":""497ce9b3-fb87-4b99-9cf7-6c7305d440e8"",""service"":""2f22293c-9116-4952-b24d-3937d322e2e1"",""deployment"":""704cae93-1883-49c0-86e2-2d8501274997"",""replica"":""d9785248-59d5-44a5-b319-189eccb33b49""}",2026-08-20T23:51:04.323992008Z
"  File ""/mise/installs/python/3.11.9/lib/python3.11/importlib/__init__.py"", line 126, in import_module",error,"{""level"":""error""}","{""project"":""586ae7c2-e5b4-48eb-a537-f49216717b2b"",""environment"":""497ce9b3-fb87-4b99-9cf7-6c7305d440e8"",""service"":""2f22293c-9116-4952-b24d-3937d322e2e1"",""deployment"":""704cae93-1883-49c0-86e2-2d8501274997"",""replica"":""d9785248-59d5-44a5-b319-189eccb33b49""}",2026-08-20T23:51:04.323994268Z
"    return _bootstrap._gcd_import(name[level:], package, level)",error,"{""level"":""error""}","{""project"":""586ae7c2-e5b4-48eb-a537-f49216717b2b"",""environment"":""497ce9b3-fb87-4b99-9cf7-6c7305d440e8"",""service"":""2f22293c-9116-4952-b24d-3937d322e2e1"",""deployment"":""704cae93-1883-49c0-86e2-2d8501274997"",""replica"":""d9785248-59d5-44a5-b319-189eccb33b49""}",2026-08-20T23:51:04.323996768Z
           ^^^^^^^^^^^^^^^^^^^^^^^^^^^^^^^^^^^^^^^^^^^^^^^^^^^^,error,"{""level"":""error""}","{""project"":""586ae7c2-e5b4-48eb-a537-f49216717b2b"",""environment"":""497ce9b3-fb87-4b99-9cf7-6c7305d440e8"",""service"":""2f22293c-9116-4952-b24d-3937d322e2e1"",""deployment"":""704cae93-1883-49c0-86e2-2d8501274997"",""replica"":""d9785248-59d5-44a5-b319-189eccb33b49""}",2026-08-20T23:51:04.324669975Z
"  File ""<frozen importlib._bootstrap>"", line 1204, in _gcd_import",error,"{""level"":""error""}","{""project"":""586ae7c2-e5b4-48eb-a537-f49216717b2b"",""environment"":""497ce9b3-fb87-4b99-9cf7-6c7305d440e8"",""service"":""2f22293c-9116-4952-b24d-3937d322e2e1"",""deployment"":""704cae93-1883-49c0-86e2-2d8501274997"",""replica"":""d9785248-59d5-44a5-b319-189eccb33b49""}",2026-08-20T23:51:04.324673005Z
"  File ""<frozen importlib._bootstrap>"", line 1176, in _find_and_load",error,"{""level"":""error""}","{""project"":""586ae7c2-e5b4-48eb-a537-f49216717b2b"",""environment"":""497ce9b3-fb87-4b99-9cf7-6c7305d440e8"",""service"":""2f22293c-9116-4952-b24d-3937d322e2e1"",""deployment"":""704cae93-1883-49c0-86e2-2d8501274997"",""replica"":""d9785248-59d5-44a5-b319-189eccb33b49""}",2026-08-20T23:51:04.324675675Z
"  File ""<frozen importlib._bootstrap>"", line 1147, in _find_and_load_unlocked",error,"{""level"":""error""}","{""project"":""586ae7c2-e5b4-48eb-a537-f49216717b2b"",""environment"":""497ce9b3-fb87-4b99-9cf7-6c7305d440e8"",""service"":""2f22293c-9116-4952-b24d-3937d322e2e1"",""deployment"":""704cae93-1883-49c0-86e2-2d8501274997"",""replica"":""d9785248-59d5-44a5-b319-189eccb33b49""}",2026-08-20T23:51:04.324678035Z
"  File ""<frozen importlib._bootstrap>"", line 690, in _load_unlocked",error,"{""level"":""error""}","{""project"":""586ae7c2-e5b4-48eb-a537-f49216717b2b"",""environment"":""497ce9b3-fb87-4b99-9cf7-6c7305d440e8"",""service"":""2f22293c-9116-4952-b24d-3937d322e2e1"",""deployment"":""704cae93-1883-49c0-86e2-2d8501274997"",""replica"":""d9785248-59d5-44a5-b319-189eccb33b49""}",2026-08-20T23:51:04.324680525Z
"  File ""<frozen importlib._bootstrap_external>"", line 940, in exec_module",error,"{""level"":""error""}","{""project"":""586ae7c2-e5b4-48eb-a537-f49216717b2b"",""environment"":""497ce9b3-fb87-4b99-9cf7-6c7305d440e8"",""service"":""2f22293c-9116-4952-b24d-3937d322e2e1"",""deployment"":""704cae93-1883-49c0-86e2-2d8501274997"",""replica"":""d9785248-59d5-44a5-b319-189eccb33b49""}",2026-08-20T23:51:04.324683065Z
"  File ""<frozen importlib._bootstrap>"", line 241, in _call_with_frames_removed",error,"{""level"":""error""}","{""project"":""586ae7c2-e5b4-48eb-a537-f49216717b2b"",""environment"":""497ce9b3-fb87-4b99-9cf7-6c7305d440e8"",""service"":""2f22293c-9116-4952-b24d-3937d322e2e1"",""deployment"":""704cae93-1883-49c0-86e2-2d8501274997"",""replica"":""d9785248-59d5-44a5-b319-189eccb33b49""}",2026-08-20T23:51:04.324686565Z
"  File ""/app/api/index.py"", line 7, in <module>",error,"{""level"":""error""}","{""project"":""586ae7c2-e5b4-48eb-a537-f49216717b2b"",""environment"":""497ce9b3-fb87-4b99-9cf7-6c7305d440e8"",""service"":""2f22293c-9116-4952-b24d-3937d322e2e1"",""deployment"":""704cae93-1883-49c0-86e2-2d8501274997"",""replica"":""d9785248-59d5-44a5-b319-189eccb33b49""}",2026-08-20T23:51:04.324689405Z
    from api.engines.news_engine import NewsEngine,error,"{""level"":""error""}","{""project"":""586ae7c2-e5b4-48eb-a537-f49216717b2b"",""environment"":""497ce9b3-fb87-4b99-9cf7-6c7305d440e8"",""service"":""2f22293c-9116-4952-b24d-3937d322e2e1"",""deployment"":""704cae93-1883-49c0-86e2-2d8501274997"",""replica"":""d9785248-59d5-44a5-b319-189eccb33b49""}",2026-08-20T23:51:04.324691505Z
"  File ""/app/api/engines/news_engine.py"", line 1, in <module>",error,"{""level"":""error""}","{""project"":""586ae7c2-e5b4-48eb-a537-f49216717b2b"",""environment"":""497ce9b3-fb87-4b99-9cf7-6c7305d440e8"",""service"":""2f22293c-9116-4952-b24d-3937d322e2e1"",""deployment"":""704cae93-1883-49c0-86e2-2d8501274997"",""replica"":""d9785248-59d5-44a5-b319-189eccb33b49""}",2026-08-20T23:51:04.324693915Z
    import httpx,error,"{""level"":""error""}","{""project"":""586ae7c2-e5b4-48eb-a537-f49216717b2b"",""environment"":""497ce9b3-fb87-4b99-9cf7-6c7305d440e8"",""service"":""2f22293c-9116-4952-b24d-3937d322e2e1"",""deployment"":""704cae93-1883-49c0-86e2-2d8501274997"",""replica"":""d9785248-59d5-44a5-b319-189eccb33b49""}",2026-08-20T23:51:04.324696475Z
ModuleNotFoundError: No module named 'httpx',error,"{""level"":""error""}","{""project"":""586ae7c2-e5b4-48eb-a537-f49216717b2b"",""environment"":""497ce9b3-fb87-4b99-9cf7-6c7305d440e8"",""service"":""2f22293c-9116-4952-b24d-3937d322e2e1"",""deployment"":""704cae93-1883-49c0-86e2-2d8501274997"",""replica"":""d9785248-59d5-44a5-b319-189eccb33b49""}",2026-08-20T23:51:04.324699225Z
"  File ""/app/.venv/lib/python3.11/site-packages/click/core.py"", line 1353, in invoke",error,"{""level"":""error""}","{""project"":""586ae7c2-e5b4-48eb-a537-f49216717b2b"",""environment"":""497ce9b3-fb87-4b99-9cf7-6c7305d440e8"",""service"":""2f22293c-9116-4952-b24d-3937d322e2e1"",""deployment"":""704cae93-1883-49c0-86e2-2d8501274997"",""replica"":""d9785248-59d5-44a5-b319-189eccb33b49""}",2026-08-20T23:51:06.205958957Z
"    return ctx.invoke(self.callback, **ctx.params)",error,"{""level"":""error""}","{""project"":""586ae7c2-e5b4-48eb-a537-f49216717b2b"",""environment"":""497ce9b3-fb87-4b99-9cf7-6c7305d440e8"",""service"":""2f22293c-9116-4952-b24d-3937d322e2e1"",""deployment"":""704cae93-1883-49c0-86e2-2d8501274997"",""replica"":""d9785248-59d5-44a5-b319-189eccb33b49""}",2026-08-20T23:51:06.205967367Z
           ^^^^^^^^^^^^^^^^^^^^^^^^^^^^^^^^^^^^^^^,error,"{""level"":""error""}","{""project"":""586ae7c2-e5b4-48eb-a537-f49216717b2b"",""environment"":""497ce9b3-fb87-4b99-9cf7-6c7305d440e8"",""service"":""2f22293c-9116-4952-b24d-3937d322e2e1"",""deployment"":""704cae93-1883-49c0-86e2-2d8501274997"",""replica"":""d9785248-59d5-44a5-b319-189eccb33b49""}",2026-08-20T23:51:06.205973657Z
"  File ""/app/.venv/lib/python3.11/site-packages/click/core.py"", line 907, in invoke",error,"{""level"":""error""}","{""project"":""586ae7c2-e5b4-48eb-a537-f49216717b2b"",""environment"":""497ce9b3-fb87-4b99-9cf7-6c7305d440e8"",""service"":""2f22293c-9116-4952-b24d-3937d322e2e1"",""deployment"":""704cae93-1883-49c0-86e2-2d8501274997"",""replica"":""d9785248-59d5-44a5-b319-189eccb33b49""}",2026-08-20T23:51:06.205979407Z
Traceback (most recent call last):,error,"{""level"":""error""}","{""project"":""586ae7c2-e5b4-48eb-a537-f49216717b2b"",""environment"":""497ce9b3-fb87-4b99-9cf7-6c7305d440e8"",""service"":""2f22293c-9116-4952-b24d-3937d322e2e1"",""deployment"":""704cae93-1883-49c0-86e2-2d8501274997"",""replica"":""d9785248-59d5-44a5-b319-189eccb33b49""}",2026-08-20T23:51:06.205984826Z
"    return callback(*args, **kwargs)",error,"{""level"":""error""}","{""project"":""586ae7c2-e5b4-48eb-a537-f49216717b2b"",""environment"":""497ce9b3-fb87-4b99-9cf7-6c7305d440e8"",""service"":""2f22293c-9116-4952-b24d-3937d322e2e1"",""deployment"":""704cae93-1883-49c0-86e2-2d8501274997"",""replica"":""d9785248-59d5-44a5-b319-189eccb33b49""}",2026-08-20T23:51:06.205984906Z
"  File ""/app/.venv/bin/uvicorn"", line 8, in <module>",error,"{""level"":""error""}","{""project"":""586ae7c2-e5b4-48eb-a537-f49216717b2b"",""environment"":""497ce9b3-fb87-4b99-9cf7-6c7305d440e8"",""service"":""2f22293c-9116-4952-b24d-3937d322e2e1"",""deployment"":""704cae93-1883-49c0-86e2-2d8501274997"",""replica"":""d9785248-59d5-44a5-b319-189eccb33b49""}",2026-08-20T23:51:06.205997406Z
    sys.exit(main()),error,"{""level"":""error""}","{""project"":""586ae7c2-e5b4-48eb-a537-f49216717b2b"",""environment"":""497ce9b3-fb87-4b99-9cf7-6c7305d440e8"",""service"":""2f22293c-9116-4952-b24d-3937d322e2e1"",""deployment"":""704cae93-1883-49c0-86e2-2d8501274997"",""replica"":""d9785248-59d5-44a5-b319-189eccb33b49""}",2026-08-20T23:51:06.206003236Z
             ^^^^^^,error,"{""level"":""error""}","{""project"":""586ae7c2-e5b4-48eb-a537-f49216717b2b"",""environment"":""497ce9b3-fb87-4b99-9cf7-6c7305d440e8"",""service"":""2f22293c-9116-4952-b24d-3937d322e2e1"",""deployment"":""704cae93-1883-49c0-86e2-2d8501274997"",""replica"":""d9785248-59d5-44a5-b319-189eccb33b49""}",2026-08-20T23:51:06.206008576Z
"  File ""/app/.venv/lib/python3.11/site-packages/click/core.py"", line 1569, in __call__",error,"{""level"":""error""}","{""project"":""586ae7c2-e5b4-48eb-a537-f49216717b2b"",""environment"":""497ce9b3-fb87-4b99-9cf7-6c7305d440e8"",""service"":""2f22293c-9116-4952-b24d-3937d322e2e1"",""deployment"":""704cae93-1883-49c0-86e2-2d8501274997"",""replica"":""d9785248-59d5-44a5-b319-189eccb33b49""}",2026-08-20T23:51:06.206013846Z
"    return self.main(*args, **kwargs)",error,"{""level"":""error""}","{""project"":""586ae7c2-e5b4-48eb-a537-f49216717b2b"",""environment"":""497ce9b3-fb87-4b99-9cf7-6c7305d440e8"",""service"":""2f22293c-9116-4952-b24d-3937d322e2e1"",""deployment"":""704cae93-1883-49c0-86e2-2d8501274997"",""replica"":""d9785248-59d5-44a5-b319-189eccb33b49""}",2026-08-20T23:51:06.206020746Z
           ^^^^^^^^^^^^^^^^^^^^^^^^^^,error,"{""level"":""error""}","{""project"":""586ae7c2-e5b4-48eb-a537-f49216717b2b"",""environment"":""497ce9b3-fb87-4b99-9cf7-6c7305d440e8"",""service"":""2f22293c-9116-4952-b24d-3937d322e2e1"",""deployment"":""704cae93-1883-49c0-86e2-2d8501274997"",""replica"":""d9785248-59d5-44a5-b319-189eccb33b49""}",2026-08-20T23:51:06.206025886Z
"  File ""/app/.venv/lib/python3.11/site-packages/click/core.py"", line 1490, in main",error,"{""level"":""error""}","{""project"":""586ae7c2-e5b4-48eb-a537-f49216717b2b"",""environment"":""497ce9b3-fb87-4b99-9cf7-6c7305d440e8"",""service"":""2f22293c-9116-4952-b24d-3937d322e2e1"",""deployment"":""704cae93-1883-49c0-86e2-2d8501274997"",""replica"":""d9785248-59d5-44a5-b319-189eccb33b49""}",2026-08-20T23:51:06.206030636Z
    rv = self.invoke(ctx),error,"{""level"":""error""}","{""project"":""586ae7c2-e5b4-48eb-a537-f49216717b2b"",""environment"":""497ce9b3-fb87-4b99-9cf7-6c7305d440e8"",""service"":""2f22293c-9116-4952-b24d-3937d322e2e1"",""deployment"":""704cae93-1883-49c0-86e2-2d8501274997"",""replica"":""d9785248-59d5-44a5-b319-189eccb33b49""}",2026-08-20T23:51:06.206035425Z
         ^^^^^^^^^^^^^^^^,error,"{""level"":""error""}","{""project"":""586ae7c2-e5b4-48eb-a537-f49216717b2b"",""environment"":""497ce9b3-fb87-4b99-9cf7-6c7305d440e8"",""service"":""2f22293c-9116-4952-b24d-3937d322e2e1"",""deployment"":""704cae93-1883-49c0-86e2-2d8501274997"",""replica"":""d9785248-59d5-44a5-b319-189eccb33b49""}",2026-08-20T23:51:06.206040645Z
             ^^^^^^^^^^^^^^^^^^^^^^^^^^^^^^^^^^^,error,"{""level"":""error""}","{""project"":""586ae7c2-e5b4-48eb-a537-f49216717b2b"",""environment"":""497ce9b3-fb87-4b99-9cf7-6c7305d440e8"",""service"":""2f22293c-9116-4952-b24d-3937d322e2e1"",""deployment"":""704cae93-1883-49c0-86e2-2d8501274997"",""replica"":""d9785248-59d5-44a5-b319-189eccb33b49""}",2026-08-20T23:51:06.206378090Z
"  File ""/mise/installs/python/3.11.9/lib/python3.11/importlib/__init__.py"", line 126, in import_module",error,"{""level"":""error""}","{""project"":""586ae7c2-e5b4-48eb-a537-f49216717b2b"",""environment"":""497ce9b3-fb87-4b99-9cf7-6c7305d440e8"",""service"":""2f22293c-9116-4952-b24d-3937d322e2e1"",""deployment"":""704cae93-1883-49c0-86e2-2d8501274997"",""replica"":""d9785248-59d5-44a5-b319-189eccb33b49""}",2026-08-20T23:51:06.206383310Z
           ^^^^^^^^^^^^^^^^^^^^^^^^^,error,"{""level"":""error""}","{""project"":""586ae7c2-e5b4-48eb-a537-f49216717b2b"",""environment"":""497ce9b3-fb87-4b99-9cf7-6c7305d440e8"",""service"":""2f22293c-9116-4952-b24d-3937d322e2e1"",""deployment"":""704cae93-1883-49c0-86e2-2d8501274997"",""replica"":""d9785248-59d5-44a5-b319-189eccb33b49""}",2026-08-20T23:51:06.206390900Z
"    return _bootstrap._gcd_import(name[level:], package, level)",error,"{""level"":""error""}","{""project"":""586ae7c2-e5b4-48eb-a537-f49216717b2b"",""environment"":""497ce9b3-fb87-4b99-9cf7-6c7305d440e8"",""service"":""2f22293c-9116-4952-b24d-3937d322e2e1"",""deployment"":""704cae93-1883-49c0-86e2-2d8501274997"",""replica"":""d9785248-59d5-44a5-b319-189eccb33b49""}",2026-08-20T23:51:06.206391390Z
"  File ""/app/.venv/lib/python3.11/site-packages/uvicorn/main.py"", line 440, in main",error,"{""level"":""error""}","{""project"":""586ae7c2-e5b4-48eb-a537-f49216717b2b"",""environment"":""497ce9b3-fb87-4b99-9cf7-6c7305d440e8"",""service"":""2f22293c-9116-4952-b24d-3937d322e2e1"",""deployment"":""704cae93-1883-49c0-86e2-2d8501274997"",""replica"":""d9785248-59d5-44a5-b319-189eccb33b49""}",2026-08-20T23:51:06.206399230Z
    run(,error,"{""level"":""error""}","{""project"":""586ae7c2-e5b4-48eb-a537-f49216717b2b"",""environment"":""497ce9b3-fb87-4b99-9cf7-6c7305d440e8"",""service"":""2f22293c-9116-4952-b24d-3937d322e2e1"",""deployment"":""704cae93-1883-49c0-86e2-2d8501274997"",""replica"":""d9785248-59d5-44a5-b319-189eccb33b49""}",2026-08-20T23:51:06.206404050Z
"  File ""/app/.venv/lib/python3.11/site-packages/uvicorn/main.py"", line 609, in run",error,"{""level"":""error""}","{""project"":""586ae7c2-e5b4-48eb-a537-f49216717b2b"",""environment"":""497ce9b3-fb87-4b99-9cf7-6c7305d440e8"",""service"":""2f22293c-9116-4952-b24d-3937d322e2e1"",""deployment"":""704cae93-1883-49c0-86e2-2d8501274997"",""replica"":""d9785248-59d5-44a5-b319-189eccb33b49""}",2026-08-20T23:51:06.206407899Z
    config.load_app(),error,"{""level"":""error""}","{""project"":""586ae7c2-e5b4-48eb-a537-f49216717b2b"",""environment"":""497ce9b3-fb87-4b99-9cf7-6c7305d440e8"",""service"":""2f22293c-9116-4952-b24d-3937d322e2e1"",""deployment"":""704cae93-1883-49c0-86e2-2d8501274997"",""replica"":""d9785248-59d5-44a5-b319-189eccb33b49""}",2026-08-20T23:51:06.206412119Z
"  File ""/app/.venv/lib/python3.11/site-packages/uvicorn/config.py"", line 428, in load_app",error,"{""level"":""error""}","{""project"":""586ae7c2-e5b4-48eb-a537-f49216717b2b"",""environment"":""497ce9b3-fb87-4b99-9cf7-6c7305d440e8"",""service"":""2f22293c-9116-4952-b24d-3937d322e2e1"",""deployment"":""704cae93-1883-49c0-86e2-2d8501274997"",""replica"":""d9785248-59d5-44a5-b319-189eccb33b49""}",2026-08-20T23:51:06.206416659Z
    return import_from_string(self.app),error,"{""level"":""error""}","{""project"":""586ae7c2-e5b4-48eb-a537-f49216717b2b"",""environment"":""497ce9b3-fb87-4b99-9cf7-6c7305d440e8"",""service"":""2f22293c-9116-4952-b24d-3937d322e2e1"",""deployment"":""704cae93-1883-49c0-86e2-2d8501274997"",""replica"":""d9785248-59d5-44a5-b319-189eccb33b49""}",2026-08-20T23:51:06.206425029Z
           ^^^^^^^^^^^^^^^^^^^^^^^^^^^^,error,"{""level"":""error""}","{""project"":""586ae7c2-e5b4-48eb-a537-f49216717b2b"",""environment"":""497ce9b3-fb87-4b99-9cf7-6c7305d440e8"",""service"":""2f22293c-9116-4952-b24d-3937d322e2e1"",""deployment"":""704cae93-1883-49c0-86e2-2d8501274997"",""replica"":""d9785248-59d5-44a5-b319-189eccb33b49""}",2026-08-20T23:51:06.206428759Z
"  File ""/app/.venv/lib/python3.11/site-packages/uvicorn/importer.py"", line 22, in import_from_string",error,"{""level"":""error""}","{""project"":""586ae7c2-e5b4-48eb-a537-f49216717b2b"",""environment"":""497ce9b3-fb87-4b99-9cf7-6c7305d440e8"",""service"":""2f22293c-9116-4952-b24d-3937d322e2e1"",""deployment"":""704cae93-1883-49c0-86e2-2d8501274997"",""replica"":""d9785248-59d5-44a5-b319-189eccb33b49""}",2026-08-20T23:51:06.206432919Z
    raise exc from None,error,"{""level"":""error""}","{""project"":""586ae7c2-e5b4-48eb-a537-f49216717b2b"",""environment"":""497ce9b3-fb87-4b99-9cf7-6c7305d440e8"",""service"":""2f22293c-9116-4952-b24d-3937d322e2e1"",""deployment"":""704cae93-1883-49c0-86e2-2d8501274997"",""replica"":""d9785248-59d5-44a5-b319-189eccb33b49""}",2026-08-20T23:51:06.206436729Z
"  File ""/app/.venv/lib/python3.11/site-packages/uvicorn/importer.py"", line 19, in import_from_string",error,"{""level"":""error""}","{""project"":""586ae7c2-e5b4-48eb-a537-f49216717b2b"",""environment"":""497ce9b3-fb87-4b99-9cf7-6c7305d440e8"",""service"":""2f22293c-9116-4952-b24d-3937d322e2e1"",""deployment"":""704cae93-1883-49c0-86e2-2d8501274997"",""replica"":""d9785248-59d5-44a5-b319-189eccb33b49""}",2026-08-20T23:51:06.206440209Z
    module = importlib.import_module(module_str),error,"{""level"":""error""}","{""project"":""586ae7c2-e5b4-48eb-a537-f49216717b2b"",""environment"":""497ce9b3-fb87-4b99-9cf7-6c7305d440e8"",""service"":""2f22293c-9116-4952-b24d-3937d322e2e1"",""deployment"":""704cae93-1883-49c0-86e2-2d8501274997"",""replica"":""d9785248-59d5-44a5-b319-189eccb33b49""}",2026-08-20T23:51:06.206443669Z
    from api.engines.news_engine import NewsEngine,error,"{""level"":""error""}","{""project"":""586ae7c2-e5b4-48eb-a537-f49216717b2b"",""environment"":""497ce9b3-fb87-4b99-9cf7-6c7305d440e8"",""service"":""2f22293c-9116-4952-b24d-3937d322e2e1"",""deployment"":""704cae93-1883-49c0-86e2-2d8501274997"",""replica"":""d9785248-59d5-44a5-b319-189eccb33b49""}",2026-08-20T23:51:06.206607546Z
"  File ""/app/api/engines/news_engine.py"", line 1, in <module>",error,"{""level"":""error""}","{""project"":""586ae7c2-e5b4-48eb-a537-f49216717b2b"",""environment"":""497ce9b3-fb87-4b99-9cf7-6c7305d440e8"",""service"":""2f22293c-9116-4952-b24d-3937d322e2e1"",""deployment"":""704cae93-1883-49c0-86e2-2d8501274997"",""replica"":""d9785248-59d5-44a5-b319-189eccb33b49""}",2026-08-20T23:51:06.206612036Z
           ^^^^^^^^^^^^^^^^^^^^^^^^^^^^^^^^^^^^^^^^^^^^^^^^^^^^,error,"{""level"":""error""}","{""project"":""586ae7c2-e5b4-48eb-a537-f49216717b2b"",""environment"":""497ce9b3-fb87-4b99-9cf7-6c7305d440e8"",""service"":""2f22293c-9116-4952-b24d-3937d322e2e1"",""deployment"":""704cae93-1883-49c0-86e2-2d8501274997"",""replica"":""d9785248-59d5-44a5-b319-189eccb33b49""}",2026-08-20T23:51:06.206614776Z
    import httpx,error,"{""level"":""error""}","{""project"":""586ae7c2-e5b4-48eb-a537-f49216717b2b"",""environment"":""497ce9b3-fb87-4b99-9cf7-6c7305d440e8"",""service"":""2f22293c-9116-4952-b24d-3937d322e2e1"",""deployment"":""704cae93-1883-49c0-86e2-2d8501274997"",""replica"":""d9785248-59d5-44a5-b319-189eccb33b49""}",2026-08-20T23:51:06.206614796Z
ModuleNotFoundError: No module named 'httpx',error,"{""level"":""error""}","{""project"":""586ae7c2-e5b4-48eb-a537-f49216717b2b"",""environment"":""497ce9b3-fb87-4b99-9cf7-6c7305d440e8"",""service"":""2f22293c-9116-4952-b24d-3937d322e2e1"",""deployment"":""704cae93-1883-49c0-86e2-2d8501274997"",""replica"":""d9785248-59d5-44a5-b319-189eccb33b49""}",2026-08-20T23:51:06.206617636Z
"  File ""<frozen importlib._bootstrap>"", line 1204, in _gcd_import",error,"{""level"":""error""}","{""project"":""586ae7c2-e5b4-48eb-a537-f49216717b2b"",""environment"":""497ce9b3-fb87-4b99-9cf7-6c7305d440e8"",""service"":""2f22293c-9116-4952-b24d-3937d322e2e1"",""deployment"":""704cae93-1883-49c0-86e2-2d8501274997"",""replica"":""d9785248-59d5-44a5-b319-189eccb33b49""}",2026-08-20T23:51:06.206620166Z
"  File ""<frozen importlib._bootstrap>"", line 1176, in _find_and_load",error,"{""level"":""error""}","{""project"":""586ae7c2-e5b4-48eb-a537-f49216717b2b"",""environment"":""497ce9b3-fb87-4b99-9cf7-6c7305d440e8"",""service"":""2f22293c-9116-4952-b24d-3937d322e2e1"",""deployment"":""704cae93-1883-49c0-86e2-2d8501274997"",""replica"":""d9785248-59d5-44a5-b319-189eccb33b49""}",2026-08-20T23:51:06.206624745Z
"  File ""<frozen importlib._bootstrap>"", line 1147, in _find_and_load_unlocked",error,"{""level"":""error""}","{""project"":""586ae7c2-e5b4-48eb-a537-f49216717b2b"",""environment"":""497ce9b3-fb87-4b99-9cf7-6c7305d440e8"",""service"":""2f22293c-9116-4952-b24d-3937d322e2e1"",""deployment"":""704cae93-1883-49c0-86e2-2d8501274997"",""replica"":""d9785248-59d5-44a5-b319-189eccb33b49""}",2026-08-20T23:51:06.206628085Z
"  File ""<frozen importlib._bootstrap>"", line 690, in _load_unlocked",error,"{""level"":""error""}","{""project"":""586ae7c2-e5b4-48eb-a537-f49216717b2b"",""environment"":""497ce9b3-fb87-4b99-9cf7-6c7305d440e8"",""service"":""2f22293c-9116-4952-b24d-3937d322e2e1"",""deployment"":""704cae93-1883-49c0-86e2-2d8501274997"",""replica"":""d9785248-59d5-44a5-b319-189eccb33b49""}",2026-08-20T23:51:06.206632015Z
"  File ""<frozen importlib._bootstrap_external>"", line 940, in exec_module",error,"{""level"":""error""}","{""project"":""586ae7c2-e5b4-48eb-a537-f49216717b2b"",""environment"":""497ce9b3-fb87-4b99-9cf7-6c7305d440e8"",""service"":""2f22293c-9116-4952-b24d-3937d322e2e1"",""deployment"":""704cae93-1883-49c0-86e2-2d8501274997"",""replica"":""d9785248-59d5-44a5-b319-189eccb33b49""}",2026-08-20T23:51:06.206635135Z
"  File ""<frozen importlib._bootstrap>"", line 241, in _call_with_frames_removed",error,"{""level"":""error""}","{""project"":""586ae7c2-e5b4-48eb-a537-f49216717b2b"",""environment"":""497ce9b3-fb87-4b99-9cf7-6c7305d440e8"",""service"":""2f22293c-9116-4952-b24d-3937d322e2e1"",""deployment"":""704cae93-1883-49c0-86e2-2d8501274997"",""replica"":""d9785248-59d5-44a5-b319-189eccb33b49""}",2026-08-20T23:51:06.206638475Z
"  File ""/app/api/index.py"", line 7, in <module>",error,"{""level"":""error""}","{""project"":""586ae7c2-e5b4-48eb-a537-f49216717b2b"",""environment"":""497ce9b3-fb87-4b99-9cf7-6c7305d440e8"",""service"":""2f22293c-9116-4952-b24d-3937d322e2e1"",""deployment"":""704cae93-1883-49c0-86e2-2d8501274997"",""replica"":""d9785248-59d5-44a5-b319-189eccb33b49""}",2026-08-20T23:51:06.206641635Z
Traceback (most recent call last):,error,"{""level"":""error""}","{""project"":""586ae7c2-e5b4-48eb-a537-f49216717b2b"",""environment"":""497ce9b3-fb87-4b99-9cf7-6c7305d440e8"",""service"":""2f22293c-9116-4952-b24d-3937d322e2e1"",""deployment"":""704cae93-1883-49c0-86e2-2d8501274997"",""replica"":""d9785248-59d5-44a5-b319-189eccb33b49""}",2026-08-20T23:51:08.286336316Z
"  File ""/app/.venv/bin/uvicorn"", line 8, in <module>",error,"{""level"":""error""}","{""project"":""586ae7c2-e5b4-48eb-a537-f49216717b2b"",""environment"":""497ce9b3-fb87-4b99-9cf7-6c7305d440e8"",""service"":""2f22293c-9116-4952-b24d-3937d322e2e1"",""deployment"":""704cae93-1883-49c0-86e2-2d8501274997"",""replica"":""d9785248-59d5-44a5-b319-189eccb33b49""}",2026-08-20T23:51:08.286347006Z
    sys.exit(main()),error,"{""level"":""error""}","{""project"":""586ae7c2-e5b4-48eb-a537-f49216717b2b"",""environment"":""497ce9b3-fb87-4b99-9cf7-6c7305d440e8"",""service"":""2f22293c-9116-4952-b24d-3937d322e2e1"",""deployment"":""704cae93-1883-49c0-86e2-2d8501274997"",""replica"":""d9785248-59d5-44a5-b319-189eccb33b49""}",2026-08-20T23:51:08.286351586Z
             ^^^^^^,error,"{""level"":""error""}","{""project"":""586ae7c2-e5b4-48eb-a537-f49216717b2b"",""environment"":""497ce9b3-fb87-4b99-9cf7-6c7305d440e8"",""service"":""2f22293c-9116-4952-b24d-3937d322e2e1"",""deployment"":""704cae93-1883-49c0-86e2-2d8501274997"",""replica"":""d9785248-59d5-44a5-b319-189eccb33b49""}",2026-08-20T23:51:08.286355696Z
"  File ""/app/.venv/lib/python3.11/site-packages/click/core.py"", line 1569, in __call__",error,"{""level"":""error""}","{""project"":""586ae7c2-e5b4-48eb-a537-f49216717b2b"",""environment"":""497ce9b3-fb87-4b99-9cf7-6c7305d440e8"",""service"":""2f22293c-9116-4952-b24d-3937d322e2e1"",""deployment"":""704cae93-1883-49c0-86e2-2d8501274997"",""replica"":""d9785248-59d5-44a5-b319-189eccb33b49""}",2026-08-20T23:51:08.286359536Z
"    return self.main(*args, **kwargs)",error,"{""level"":""error""}","{""project"":""586ae7c2-e5b4-48eb-a537-f49216717b2b"",""environment"":""497ce9b3-fb87-4b99-9cf7-6c7305d440e8"",""service"":""2f22293c-9116-4952-b24d-3937d322e2e1"",""deployment"":""704cae93-1883-49c0-86e2-2d8501274997"",""replica"":""d9785248-59d5-44a5-b319-189eccb33b49""}",2026-08-20T23:51:08.286363606Z
           ^^^^^^^^^^^^^^^^^^^^^^^^^^,error,"{""level"":""error""}","{""project"":""586ae7c2-e5b4-48eb-a537-f49216717b2b"",""environment"":""497ce9b3-fb87-4b99-9cf7-6c7305d440e8"",""service"":""2f22293c-9116-4952-b24d-3937d322e2e1"",""deployment"":""704cae93-1883-49c0-86e2-2d8501274997"",""replica"":""d9785248-59d5-44a5-b319-189eccb33b49""}",2026-08-20T23:51:08.286368606Z
"  File ""/app/.venv/lib/python3.11/site-packages/click/core.py"", line 1490, in main",error,"{""level"":""error""}","{""project"":""586ae7c2-e5b4-48eb-a537-f49216717b2b"",""environment"":""497ce9b3-fb87-4b99-9cf7-6c7305d440e8"",""service"":""2f22293c-9116-4952-b24d-3937d322e2e1"",""deployment"":""704cae93-1883-49c0-86e2-2d8501274997"",""replica"":""d9785248-59d5-44a5-b319-189eccb33b49""}",2026-08-20T23:51:08.286372326Z
    rv = self.invoke(ctx),error,"{""level"":""error""}","{""project"":""586ae7c2-e5b4-48eb-a537-f49216717b2b"",""environment"":""497ce9b3-fb87-4b99-9cf7-6c7305d440e8"",""service"":""2f22293c-9116-4952-b24d-3937d322e2e1"",""deployment"":""704cae93-1883-49c0-86e2-2d8501274997"",""replica"":""d9785248-59d5-44a5-b319-189eccb33b49""}",2026-08-20T23:51:08.286375676Z
         ^^^^^^^^^^^^^^^^,error,"{""level"":""error""}","{""project"":""586ae7c2-e5b4-48eb-a537-f49216717b2b"",""environment"":""497ce9b3-fb87-4b99-9cf7-6c7305d440e8"",""service"":""2f22293c-9116-4952-b24d-3937d322e2e1"",""deployment"":""704cae93-1883-49c0-86e2-2d8501274997"",""replica"":""d9785248-59d5-44a5-b319-189eccb33b49""}",2026-08-20T23:51:08.286380365Z
"  File ""/app/.venv/lib/python3.11/site-packages/click/core.py"", line 1353, in invoke",error,"{""level"":""error""}","{""project"":""586ae7c2-e5b4-48eb-a537-f49216717b2b"",""environment"":""497ce9b3-fb87-4b99-9cf7-6c7305d440e8"",""service"":""2f22293c-9116-4952-b24d-3937d322e2e1"",""deployment"":""704cae93-1883-49c0-86e2-2d8501274997"",""replica"":""d9785248-59d5-44a5-b319-189eccb33b49""}",2026-08-20T23:51:08.286384075Z
"    return ctx.invoke(self.callback, **ctx.params)",error,"{""level"":""error""}","{""project"":""586ae7c2-e5b4-48eb-a537-f49216717b2b"",""environment"":""497ce9b3-fb87-4b99-9cf7-6c7305d440e8"",""service"":""2f22293c-9116-4952-b24d-3937d322e2e1"",""deployment"":""704cae93-1883-49c0-86e2-2d8501274997"",""replica"":""d9785248-59d5-44a5-b319-189eccb33b49""}",2026-08-20T23:51:08.286387435Z
           ^^^^^^^^^^^^^^^^^^^^^^^^^^^^^^^^^^^^^^^,error,"{""level"":""error""}","{""project"":""586ae7c2-e5b4-48eb-a537-f49216717b2b"",""environment"":""497ce9b3-fb87-4b99-9cf7-6c7305d440e8"",""service"":""2f22293c-9116-4952-b24d-3937d322e2e1"",""deployment"":""704cae93-1883-49c0-86e2-2d8501274997"",""replica"":""d9785248-59d5-44a5-b319-189eccb33b49""}",2026-08-20T23:51:08.286392355Z
"  File ""/app/.venv/lib/python3.11/site-packages/click/core.py"", line 907, in invoke",error,"{""level"":""error""}","{""project"":""586ae7c2-e5b4-48eb-a537-f49216717b2b"",""environment"":""497ce9b3-fb87-4b99-9cf7-6c7305d440e8"",""service"":""2f22293c-9116-4952-b24d-3937d322e2e1"",""deployment"":""704cae93-1883-49c0-86e2-2d8501274997"",""replica"":""d9785248-59d5-44a5-b319-189eccb33b49""}",2026-08-20T23:51:08.286397315Z
"    return callback(*args, **kwargs)",error,"{""level"":""error""}","{""project"":""586ae7c2-e5b4-48eb-a537-f49216717b2b"",""environment"":""497ce9b3-fb87-4b99-9cf7-6c7305d440e8"",""service"":""2f22293c-9116-4952-b24d-3937d322e2e1"",""deployment"":""704cae93-1883-49c0-86e2-2d8501274997"",""replica"":""d9785248-59d5-44a5-b319-189eccb33b49""}",2026-08-20T23:51:08.286401755Z
           ^^^^^^^^^^^^^^^^^^^^^^^^^,error,"{""level"":""error""}","{""project"":""586ae7c2-e5b4-48eb-a537-f49216717b2b"",""environment"":""497ce9b3-fb87-4b99-9cf7-6c7305d440e8"",""service"":""2f22293c-9116-4952-b24d-3937d322e2e1"",""deployment"":""704cae93-1883-49c0-86e2-2d8501274997"",""replica"":""d9785248-59d5-44a5-b319-189eccb33b49""}",2026-08-20T23:51:08.286406015Z
"  File ""/app/.venv/lib/python3.11/site-packages/uvicorn/main.py"", line 440, in main",error,"{""level"":""error""}","{""project"":""586ae7c2-e5b4-48eb-a537-f49216717b2b"",""environment"":""497ce9b3-fb87-4b99-9cf7-6c7305d440e8"",""service"":""2f22293c-9116-4952-b24d-3937d322e2e1"",""deployment"":""704cae93-1883-49c0-86e2-2d8501274997"",""replica"":""d9785248-59d5-44a5-b319-189eccb33b49""}",2026-08-20T23:51:08.286410005Z
    run(,error,"{""level"":""error""}","{""project"":""586ae7c2-e5b4-48eb-a537-f49216717b2b"",""environment"":""497ce9b3-fb87-4b99-9cf7-6c7305d440e8"",""service"":""2f22293c-9116-4952-b24d-3937d322e2e1"",""deployment"":""704cae93-1883-49c0-86e2-2d8501274997"",""replica"":""d9785248-59d5-44a5-b319-189eccb33b49""}",2026-08-20T23:51:08.287540015Z
"  File ""/app/.venv/lib/python3.11/site-packages/uvicorn/main.py"", line 609, in run",error,"{""level"":""error""}","{""project"":""586ae7c2-e5b4-48eb-a537-f49216717b2b"",""environment"":""497ce9b3-fb87-4b99-9cf7-6c7305d440e8"",""service"":""2f22293c-9116-4952-b24d-3937d322e2e1"",""deployment"":""704cae93-1883-49c0-86e2-2d8501274997"",""replica"":""d9785248-59d5-44a5-b319-189eccb33b49""}",2026-08-20T23:51:08.287547275Z
    config.load_app(),error,"{""level"":""error""}","{""project"":""586ae7c2-e5b4-48eb-a537-f49216717b2b"",""environment"":""497ce9b3-fb87-4b99-9cf7-6c7305d440e8"",""service"":""2f22293c-9116-4952-b24d-3937d322e2e1"",""deployment"":""704cae93-1883-49c0-86e2-2d8501274997"",""replica"":""d9785248-59d5-44a5-b319-189eccb33b49""}",2026-08-20T23:51:08.287551695Z
"  File ""/app/.venv/lib/python3.11/site-packages/uvicorn/config.py"", line 428, in load_app",error,"{""level"":""error""}","{""project"":""586ae7c2-e5b4-48eb-a537-f49216717b2b"",""environment"":""497ce9b3-fb87-4b99-9cf7-6c7305d440e8"",""service"":""2f22293c-9116-4952-b24d-3937d322e2e1"",""deployment"":""704cae93-1883-49c0-86e2-2d8501274997"",""replica"":""d9785248-59d5-44a5-b319-189eccb33b49""}",2026-08-20T23:51:08.287556064Z
    return import_from_string(self.app),error,"{""level"":""error""}","{""project"":""586ae7c2-e5b4-48eb-a537-f49216717b2b"",""environment"":""497ce9b3-fb87-4b99-9cf7-6c7305d440e8"",""service"":""2f22293c-9116-4952-b24d-3937d322e2e1"",""deployment"":""704cae93-1883-49c0-86e2-2d8501274997"",""replica"":""d9785248-59d5-44a5-b319-189eccb33b49""}",2026-08-20T23:51:08.287559804Z
           ^^^^^^^^^^^^^^^^^^^^^^^^^^^^,error,"{""level"":""error""}","{""project"":""586ae7c2-e5b4-48eb-a537-f49216717b2b"",""environment"":""497ce9b3-fb87-4b99-9cf7-6c7305d440e8"",""service"":""2f22293c-9116-4952-b24d-3937d322e2e1"",""deployment"":""704cae93-1883-49c0-86e2-2d8501274997"",""replica"":""d9785248-59d5-44a5-b319-189eccb33b49""}",2026-08-20T23:51:08.287566204Z
"  File ""/app/.venv/lib/python3.11/site-packages/uvicorn/importer.py"", line 22, in import_from_string",error,"{""level"":""error""}","{""project"":""586ae7c2-e5b4-48eb-a537-f49216717b2b"",""environment"":""497ce9b3-fb87-4b99-9cf7-6c7305d440e8"",""service"":""2f22293c-9116-4952-b24d-3937d322e2e1"",""deployment"":""704cae93-1883-49c0-86e2-2d8501274997"",""replica"":""d9785248-59d5-44a5-b319-189eccb33b49""}",2026-08-20T23:51:08.287569944Z
    raise exc from None,error,"{""level"":""error""}","{""project"":""586ae7c2-e5b4-48eb-a537-f49216717b2b"",""environment"":""497ce9b3-fb87-4b99-9cf7-6c7305d440e8"",""service"":""2f22293c-9116-4952-b24d-3937d322e2e1"",""deployment"":""704cae93-1883-49c0-86e2-2d8501274997"",""replica"":""d9785248-59d5-44a5-b319-189eccb33b49""}",2026-08-20T23:51:08.287573624Z
"  File ""/app/.venv/lib/python3.11/site-packages/uvicorn/importer.py"", line 19, in import_from_string",error,"{""level"":""error""}","{""project"":""586ae7c2-e5b4-48eb-a537-f49216717b2b"",""environment"":""497ce9b3-fb87-4b99-9cf7-6c7305d440e8"",""service"":""2f22293c-9116-4952-b24d-3937d322e2e1"",""deployment"":""704cae93-1883-49c0-86e2-2d8501274997"",""replica"":""d9785248-59d5-44a5-b319-189eccb33b49""}",2026-08-20T23:51:08.287576894Z
    module = importlib.import_module(module_str),error,"{""level"":""error""}","{""project"":""586ae7c2-e5b4-48eb-a537-f49216717b2b"",""environment"":""497ce9b3-fb87-4b99-9cf7-6c7305d440e8"",""service"":""2f22293c-9116-4952-b24d-3937d322e2e1"",""deployment"":""704cae93-1883-49c0-86e2-2d8501274997"",""replica"":""d9785248-59d5-44a5-b319-189eccb33b49""}",2026-08-20T23:51:08.287588264Z
             ^^^^^^^^^^^^^^^^^^^^^^^^^^^^^^^^^^^,error,"{""level"":""error""}","{""project"":""586ae7c2-e5b4-48eb-a537-f49216717b2b"",""environment"":""497ce9b3-fb87-4b99-9cf7-6c7305d440e8"",""service"":""2f22293c-9116-4952-b24d-3937d322e2e1"",""deployment"":""704cae93-1883-49c0-86e2-2d8501274997"",""replica"":""d9785248-59d5-44a5-b319-189eccb33b49""}",2026-08-20T23:51:08.287591984Z
"  File ""/mise/installs/python/3.11.9/lib/python3.11/importlib/__init__.py"", line 126, in import_module",error,"{""level"":""error""}","{""project"":""586ae7c2-e5b4-48eb-a537-f49216717b2b"",""environment"":""497ce9b3-fb87-4b99-9cf7-6c7305d440e8"",""service"":""2f22293c-9116-4952-b24d-3937d322e2e1"",""deployment"":""704cae93-1883-49c0-86e2-2d8501274997"",""replica"":""d9785248-59d5-44a5-b319-189eccb33b49""}",2026-08-20T23:51:08.287595784Z
"    return _bootstrap._gcd_import(name[level:], package, level)",error,"{""level"":""error""}","{""project"":""586ae7c2-e5b4-48eb-a537-f49216717b2b"",""environment"":""497ce9b3-fb87-4b99-9cf7-6c7305d440e8"",""service"":""2f22293c-9116-4952-b24d-3937d322e2e1"",""deployment"":""704cae93-1883-49c0-86e2-2d8501274997"",""replica"":""d9785248-59d5-44a5-b319-189eccb33b49""}",2026-08-20T23:51:08.287599764Z
           ^^^^^^^^^^^^^^^^^^^^^^^^^^^^^^^^^^^^^^^^^^^^^^^^^^^^,error,"{""level"":""error""}","{""project"":""586ae7c2-e5b4-48eb-a537-f49216717b2b"",""environment"":""497ce9b3-fb87-4b99-9cf7-6c7305d440e8"",""service"":""2f22293c-9116-4952-b24d-3937d322e2e1"",""deployment"":""704cae93-1883-49c0-86e2-2d8501274997"",""replica"":""d9785248-59d5-44a5-b319-189eccb33b49""}",2026-08-20T23:51:08.287889848Z
"  File ""<frozen importlib._bootstrap>"", line 1204, in _gcd_import",error,"{""level"":""error""}","{""project"":""586ae7c2-e5b4-48eb-a537-f49216717b2b"",""environment"":""497ce9b3-fb87-4b99-9cf7-6c7305d440e8"",""service"":""2f22293c-9116-4952-b24d-3937d322e2e1"",""deployment"":""704cae93-1883-49c0-86e2-2d8501274997"",""replica"":""d9785248-59d5-44a5-b319-189eccb33b49""}",2026-08-20T23:51:08.287892838Z
"  File ""<frozen importlib._bootstrap>"", line 1176, in _find_and_load",error,"{""level"":""error""}","{""project"":""586ae7c2-e5b4-48eb-a537-f49216717b2b"",""environment"":""497ce9b3-fb87-4b99-9cf7-6c7305d440e8"",""service"":""2f22293c-9116-4952-b24d-3937d322e2e1"",""deployment"":""704cae93-1883-49c0-86e2-2d8501274997"",""replica"":""d9785248-59d5-44a5-b319-189eccb33b49""}",2026-08-20T23:51:08.287895748Z
"  File ""<frozen importlib._bootstrap>"", line 1147, in _find_and_load_unlocked",error,"{""level"":""error""}","{""project"":""586ae7c2-e5b4-48eb-a537-f49216717b2b"",""environment"":""497ce9b3-fb87-4b99-9cf7-6c7305d440e8"",""service"":""2f22293c-9116-4952-b24d-3937d322e2e1"",""deployment"":""704cae93-1883-49c0-86e2-2d8501274997"",""replica"":""d9785248-59d5-44a5-b319-189eccb33b49""}",2026-08-20T23:51:08.287898798Z
"  File ""<frozen importlib._bootstrap>"", line 690, in _load_unlocked",error,"{""level"":""error""}","{""project"":""586ae7c2-e5b4-48eb-a537-f49216717b2b"",""environment"":""497ce9b3-fb87-4b99-9cf7-6c7305d440e8"",""service"":""2f22293c-9116-4952-b24d-3937d322e2e1"",""deployment"":""704cae93-1883-49c0-86e2-2d8501274997"",""replica"":""d9785248-59d5-44a5-b319-189eccb33b49""}",2026-08-20T23:51:08.287901848Z
"  File ""<frozen importlib._bootstrap_external>"", line 940, in exec_module",error,"{""level"":""error""}","{""project"":""586ae7c2-e5b4-48eb-a537-f49216717b2b"",""environment"":""497ce9b3-fb87-4b99-9cf7-6c7305d440e8"",""service"":""2f22293c-9116-4952-b24d-3937d322e2e1"",""deployment"":""704cae93-1883-49c0-86e2-2d8501274997"",""replica"":""d9785248-59d5-44a5-b319-189eccb33b49""}",2026-08-20T23:51:08.287904898Z
"  File ""<frozen importlib._bootstrap>"", line 241, in _call_with_frames_removed",error,"{""level"":""error""}","{""project"":""586ae7c2-e5b4-48eb-a537-f49216717b2b"",""environment"":""497ce9b3-fb87-4b99-9cf7-6c7305d440e8"",""service"":""2f22293c-9116-4952-b24d-3937d322e2e1"",""deployment"":""704cae93-1883-49c0-86e2-2d8501274997"",""replica"":""d9785248-59d5-44a5-b319-189eccb33b49""}",2026-08-20T23:51:08.287907508Z
"  File ""/app/api/index.py"", line 7, in <module>",error,"{""level"":""error""}","{""project"":""586ae7c2-e5b4-48eb-a537-f49216717b2b"",""environment"":""497ce9b3-fb87-4b99-9cf7-6c7305d440e8"",""service"":""2f22293c-9116-4952-b24d-3937d322e2e1"",""deployment"":""704cae93-1883-49c0-86e2-2d8501274997"",""replica"":""d9785248-59d5-44a5-b319-189eccb33b49""}",2026-08-20T23:51:08.287910108Z
    from api.engines.news_engine import NewsEngine,error,"{""level"":""error""}","{""project"":""586ae7c2-e5b4-48eb-a537-f49216717b2b"",""environment"":""497ce9b3-fb87-4b99-9cf7-6c7305d440e8"",""service"":""2f22293c-9116-4952-b24d-3937d322e2e1"",""deployment"":""704cae93-1883-49c0-86e2-2d8501274997"",""replica"":""d9785248-59d5-44a5-b319-189eccb33b49""}",2026-08-20T23:51:08.287912568Z
"  File ""/app/api/engines/news_engine.py"", line 1, in <module>",error,"{""level"":""error""}","{""project"":""586ae7c2-e5b4-48eb-a537-f49216717b2b"",""environment"":""497ce9b3-fb87-4b99-9cf7-6c7305d440e8"",""service"":""2f22293c-9116-4952-b24d-3937d322e2e1"",""deployment"":""704cae93-1883-49c0-86e2-2d8501274997"",""replica"":""d9785248-59d5-44a5-b319-189eccb33b49""}",2026-08-20T23:51:08.287914918Z
    import httpx,error,"{""level"":""error""}","{""project"":""586ae7c2-e5b4-48eb-a537-f49216717b2b"",""environment"":""497ce9b3-fb87-4b99-9cf7-6c7305d440e8"",""service"":""2f22293c-9116-4952-b24d-3937d322e2e1"",""deployment"":""704cae93-1883-49c0-86e2-2d8501274997"",""replica"":""d9785248-59d5-44a5-b319-189eccb33b49""}",2026-08-20T23:51:08.287917808Z
ModuleNotFoundError: No module named 'httpx',error,"{""level"":""error""}","{""project"":""586ae7c2-e5b4-48eb-a537-f49216717b2b"",""environment"":""497ce9b3-fb87-4b99-9cf7-6c7305d440e8"",""service"":""2f22293c-9116-4952-b24d-3937d322e2e1"",""deployment"":""704cae93-1883-49c0-86e2-2d8501274997"",""replica"":""d9785248-59d5-44a5-b319-189eccb33b49""}",2026-08-20T23:51:08.287921588Z
Traceback (most recent call last):,error,"{""level"":""error""}","{""project"":""586ae7c2-e5b4-48eb-a537-f49216717b2b"",""environment"":""497ce9b3-fb87-4b99-9cf7-6c7305d440e8"",""service"":""2f22293c-9116-4952-b24d-3937d322e2e1"",""deployment"":""704cae93-1883-49c0-86e2-2d8501274997"",""replica"":""d9785248-59d5-44a5-b319-189eccb33b49""}",2026-08-20T23:51:10.551144011Z
"  File ""/app/.venv/bin/uvicorn"", line 8, in <module>",error,"{""level"":""error""}","{""project"":""586ae7c2-e5b4-48eb-a537-f49216717b2b"",""environment"":""497ce9b3-fb87-4b99-9cf7-6c7305d440e8"",""service"":""2f22293c-9116-4952-b24d-3937d322e2e1"",""deployment"":""704cae93-1883-49c0-86e2-2d8501274997"",""replica"":""d9785248-59d5-44a5-b319-189eccb33b49""}",2026-08-20T23:51:10.551148871Z
    sys.exit(main()),error,"{""level"":""error""}","{""project"":""586ae7c2-e5b4-48eb-a537-f49216717b2b"",""environment"":""497ce9b3-fb87-4b99-9cf7-6c7305d440e8"",""service"":""2f22293c-9116-4952-b24d-3937d322e2e1"",""deployment"":""704cae93-1883-49c0-86e2-2d8501274997"",""replica"":""d9785248-59d5-44a5-b319-189eccb33b49""}",2026-08-20T23:51:10.551151401Z
             ^^^^^^,error,"{""level"":""error""}","{""project"":""586ae7c2-e5b4-48eb-a537-f49216717b2b"",""environment"":""497ce9b3-fb87-4b99-9cf7-6c7305d440e8"",""service"":""2f22293c-9116-4952-b24d-3937d322e2e1"",""deployment"":""704cae93-1883-49c0-86e2-2d8501274997"",""replica"":""d9785248-59d5-44a5-b319-189eccb33b49""}",2026-08-20T23:51:10.551153881Z
"  File ""/app/.venv/lib/python3.11/site-packages/click/core.py"", line 1569, in __call__",error,"{""level"":""error""}","{""project"":""586ae7c2-e5b4-48eb-a537-f49216717b2b"",""environment"":""497ce9b3-fb87-4b99-9cf7-6c7305d440e8"",""service"":""2f22293c-9116-4952-b24d-3937d322e2e1"",""deployment"":""704cae93-1883-49c0-86e2-2d8501274997"",""replica"":""d9785248-59d5-44a5-b319-189eccb33b49""}",2026-08-20T23:51:10.551156451Z
"    return self.main(*args, **kwargs)",error,"{""level"":""error""}","{""project"":""586ae7c2-e5b4-48eb-a537-f49216717b2b"",""environment"":""497ce9b3-fb87-4b99-9cf7-6c7305d440e8"",""service"":""2f22293c-9116-4952-b24d-3937d322e2e1"",""deployment"":""704cae93-1883-49c0-86e2-2d8501274997"",""replica"":""d9785248-59d5-44a5-b319-189eccb33b49""}",2026-08-20T23:51:10.551158951Z
           ^^^^^^^^^^^^^^^^^^^^^^^^^^,error,"{""level"":""error""}","{""project"":""586ae7c2-e5b4-48eb-a537-f49216717b2b"",""environment"":""497ce9b3-fb87-4b99-9cf7-6c7305d440e8"",""service"":""2f22293c-9116-4952-b24d-3937d322e2e1"",""deployment"":""704cae93-1883-49c0-86e2-2d8501274997"",""replica"":""d9785248-59d5-44a5-b319-189eccb33b49""}",2026-08-20T23:51:10.551161671Z
"  File ""/app/.venv/lib/python3.11/site-packages/click/core.py"", line 1490, in main",error,"{""level"":""error""}","{""project"":""586ae7c2-e5b4-48eb-a537-f49216717b2b"",""environment"":""497ce9b3-fb87-4b99-9cf7-6c7305d440e8"",""service"":""2f22293c-9116-4952-b24d-3937d322e2e1"",""deployment"":""704cae93-1883-49c0-86e2-2d8501274997"",""replica"":""d9785248-59d5-44a5-b319-189eccb33b49""}",2026-08-20T23:51:10.551164151Z
    rv = self.invoke(ctx),error,"{""level"":""error""}","{""project"":""586ae7c2-e5b4-48eb-a537-f49216717b2b"",""environment"":""497ce9b3-fb87-4b99-9cf7-6c7305d440e8"",""service"":""2f22293c-9116-4952-b24d-3937d322e2e1"",""deployment"":""704cae93-1883-49c0-86e2-2d8501274997"",""replica"":""d9785248-59d5-44a5-b319-189eccb33b49""}",2026-08-20T23:51:10.551166641Z
         ^^^^^^^^^^^^^^^^,error,"{""level"":""error""}","{""project"":""586ae7c2-e5b4-48eb-a537-f49216717b2b"",""environment"":""497ce9b3-fb87-4b99-9cf7-6c7305d440e8"",""service"":""2f22293c-9116-4952-b24d-3937d322e2e1"",""deployment"":""704cae93-1883-49c0-86e2-2d8501274997"",""replica"":""d9785248-59d5-44a5-b319-189eccb33b49""}",2026-08-20T23:51:10.551170201Z
"  File ""/app/.venv/lib/python3.11/site-packages/click/core.py"", line 1353, in invoke",error,"{""level"":""error""}","{""project"":""586ae7c2-e5b4-48eb-a537-f49216717b2b"",""environment"":""497ce9b3-fb87-4b99-9cf7-6c7305d440e8"",""service"":""2f22293c-9116-4952-b24d-3937d322e2e1"",""deployment"":""704cae93-1883-49c0-86e2-2d8501274997"",""replica"":""d9785248-59d5-44a5-b319-189eccb33b49""}",2026-08-20T23:51:10.551172711Z
"    return ctx.invoke(self.callback, **ctx.params)",error,"{""level"":""error""}","{""project"":""586ae7c2-e5b4-48eb-a537-f49216717b2b"",""environment"":""497ce9b3-fb87-4b99-9cf7-6c7305d440e8"",""service"":""2f22293c-9116-4952-b24d-3937d322e2e1"",""deployment"":""704cae93-1883-49c0-86e2-2d8501274997"",""replica"":""d9785248-59d5-44a5-b319-189eccb33b49""}",2026-08-20T23:51:10.551175291Z
           ^^^^^^^^^^^^^^^^^^^^^^^^^^^^^^^^^^^^^^^,error,"{""level"":""error""}","{""project"":""586ae7c2-e5b4-48eb-a537-f49216717b2b"",""environment"":""497ce9b3-fb87-4b99-9cf7-6c7305d440e8"",""service"":""2f22293c-9116-4952-b24d-3937d322e2e1"",""deployment"":""704cae93-1883-49c0-86e2-2d8501274997"",""replica"":""d9785248-59d5-44a5-b319-189eccb33b49""}",2026-08-20T23:51:10.551177691Z
"  File ""/app/.venv/lib/python3.11/site-packages/click/core.py"", line 907, in invoke",error,"{""level"":""error""}","{""project"":""586ae7c2-e5b4-48eb-a537-f49216717b2b"",""environment"":""497ce9b3-fb87-4b99-9cf7-6c7305d440e8"",""service"":""2f22293c-9116-4952-b24d-3937d322e2e1"",""deployment"":""704cae93-1883-49c0-86e2-2d8501274997"",""replica"":""d9785248-59d5-44a5-b319-189eccb33b49""}",2026-08-20T23:51:10.551180371Z
"    return callback(*args, **kwargs)",error,"{""level"":""error""}","{""project"":""586ae7c2-e5b4-48eb-a537-f49216717b2b"",""environment"":""497ce9b3-fb87-4b99-9cf7-6c7305d440e8"",""service"":""2f22293c-9116-4952-b24d-3937d322e2e1"",""deployment"":""704cae93-1883-49c0-86e2-2d8501274997"",""replica"":""d9785248-59d5-44a5-b319-189eccb33b49""}",2026-08-20T23:51:10.551182901Z
           ^^^^^^^^^^^^^^^^^^^^^^^^^,error,"{""level"":""error""}","{""project"":""586ae7c2-e5b4-48eb-a537-f49216717b2b"",""environment"":""497ce9b3-fb87-4b99-9cf7-6c7305d440e8"",""service"":""2f22293c-9116-4952-b24d-3937d322e2e1"",""deployment"":""704cae93-1883-49c0-86e2-2d8501274997"",""replica"":""d9785248-59d5-44a5-b319-189eccb33b49""}",2026-08-20T23:51:10.551621363Z
"  File ""/app/.venv/lib/python3.11/site-packages/uvicorn/main.py"", line 440, in main",error,"{""level"":""error""}","{""project"":""586ae7c2-e5b4-48eb-a537-f49216717b2b"",""environment"":""497ce9b3-fb87-4b99-9cf7-6c7305d440e8"",""service"":""2f22293c-9116-4952-b24d-3937d322e2e1"",""deployment"":""704cae93-1883-49c0-86e2-2d8501274997"",""replica"":""d9785248-59d5-44a5-b319-189eccb33b49""}",2026-08-20T23:51:10.551623772Z
    run(,error,"{""level"":""error""}","{""project"":""586ae7c2-e5b4-48eb-a537-f49216717b2b"",""environment"":""497ce9b3-fb87-4b99-9cf7-6c7305d440e8"",""service"":""2f22293c-9116-4952-b24d-3937d322e2e1"",""deployment"":""704cae93-1883-49c0-86e2-2d8501274997"",""replica"":""d9785248-59d5-44a5-b319-189eccb33b49""}",2026-08-20T23:51:10.551625982Z
"  File ""/app/.venv/lib/python3.11/site-packages/uvicorn/main.py"", line 609, in run",error,"{""level"":""error""}","{""project"":""586ae7c2-e5b4-48eb-a537-f49216717b2b"",""environment"":""497ce9b3-fb87-4b99-9cf7-6c7305d440e8"",""service"":""2f22293c-9116-4952-b24d-3937d322e2e1"",""deployment"":""704cae93-1883-49c0-86e2-2d8501274997"",""replica"":""d9785248-59d5-44a5-b319-189eccb33b49""}",2026-08-20T23:51:10.551629432Z
    config.load_app(),error,"{""level"":""error""}","{""project"":""586ae7c2-e5b4-48eb-a537-f49216717b2b"",""environment"":""497ce9b3-fb87-4b99-9cf7-6c7305d440e8"",""service"":""2f22293c-9116-4952-b24d-3937d322e2e1"",""deployment"":""704cae93-1883-49c0-86e2-2d8501274997"",""replica"":""d9785248-59d5-44a5-b319-189eccb33b49""}",2026-08-20T23:51:10.551632192Z
"  File ""/app/.venv/lib/python3.11/site-packages/uvicorn/config.py"", line 428, in load_app",error,"{""level"":""error""}","{""project"":""586ae7c2-e5b4-48eb-a537-f49216717b2b"",""environment"":""497ce9b3-fb87-4b99-9cf7-6c7305d440e8"",""service"":""2f22293c-9116-4952-b24d-3937d322e2e1"",""deployment"":""704cae93-1883-49c0-86e2-2d8501274997"",""replica"":""d9785248-59d5-44a5-b319-189eccb33b49""}",2026-08-20T23:51:10.551644862Z
    return import_from_string(self.app),error,"{""level"":""error""}","{""project"":""586ae7c2-e5b4-48eb-a537-f49216717b2b"",""environment"":""497ce9b3-fb87-4b99-9cf7-6c7305d440e8"",""service"":""2f22293c-9116-4952-b24d-3937d322e2e1"",""deployment"":""704cae93-1883-49c0-86e2-2d8501274997"",""replica"":""d9785248-59d5-44a5-b319-189eccb33b49""}",2026-08-20T23:51:10.551647832Z
           ^^^^^^^^^^^^^^^^^^^^^^^^^^^^,error,"{""level"":""error""}","{""project"":""586ae7c2-e5b4-48eb-a537-f49216717b2b"",""environment"":""497ce9b3-fb87-4b99-9cf7-6c7305d440e8"",""service"":""2f22293c-9116-4952-b24d-3937d322e2e1"",""deployment"":""704cae93-1883-49c0-86e2-2d8501274997"",""replica"":""d9785248-59d5-44a5-b319-189eccb33b49""}",2026-08-20T23:51:10.551650322Z
"  File ""/app/.venv/lib/python3.11/site-packages/uvicorn/importer.py"", line 22, in import_from_string",error,"{""level"":""error""}","{""project"":""586ae7c2-e5b4-48eb-a537-f49216717b2b"",""environment"":""497ce9b3-fb87-4b99-9cf7-6c7305d440e8"",""service"":""2f22293c-9116-4952-b24d-3937d322e2e1"",""deployment"":""704cae93-1883-49c0-86e2-2d8501274997"",""replica"":""d9785248-59d5-44a5-b319-189eccb33b49""}",2026-08-20T23:51:10.551653122Z
    raise exc from None,error,"{""level"":""error""}","{""project"":""586ae7c2-e5b4-48eb-a537-f49216717b2b"",""environment"":""497ce9b3-fb87-4b99-9cf7-6c7305d440e8"",""service"":""2f22293c-9116-4952-b24d-3937d322e2e1"",""deployment"":""704cae93-1883-49c0-86e2-2d8501274997"",""replica"":""d9785248-59d5-44a5-b319-189eccb33b49""}",2026-08-20T23:51:10.551655692Z
"  File ""/app/.venv/lib/python3.11/site-packages/uvicorn/importer.py"", line 19, in import_from_string",error,"{""level"":""error""}","{""project"":""586ae7c2-e5b4-48eb-a537-f49216717b2b"",""environment"":""497ce9b3-fb87-4b99-9cf7-6c7305d440e8"",""service"":""2f22293c-9116-4952-b24d-3937d322e2e1"",""deployment"":""704cae93-1883-49c0-86e2-2d8501274997"",""replica"":""d9785248-59d5-44a5-b319-189eccb33b49""}",2026-08-20T23:51:10.551657982Z
    module = importlib.import_module(module_str),error,"{""level"":""error""}","{""project"":""586ae7c2-e5b4-48eb-a537-f49216717b2b"",""environment"":""497ce9b3-fb87-4b99-9cf7-6c7305d440e8"",""service"":""2f22293c-9116-4952-b24d-3937d322e2e1"",""deployment"":""704cae93-1883-49c0-86e2-2d8501274997"",""replica"":""d9785248-59d5-44a5-b319-189eccb33b49""}",2026-08-20T23:51:10.551660542Z
             ^^^^^^^^^^^^^^^^^^^^^^^^^^^^^^^^^^^,error,"{""level"":""error""}","{""project"":""586ae7c2-e5b4-48eb-a537-f49216717b2b"",""environment"":""497ce9b3-fb87-4b99-9cf7-6c7305d440e8"",""service"":""2f22293c-9116-4952-b24d-3937d322e2e1"",""deployment"":""704cae93-1883-49c0-86e2-2d8501274997"",""replica"":""d9785248-59d5-44a5-b319-189eccb33b49""}",2026-08-20T23:51:10.551662662Z
"  File ""/mise/installs/python/3.11.9/lib/python3.11/importlib/__init__.py"", line 126, in import_module",error,"{""level"":""error""}","{""project"":""586ae7c2-e5b4-48eb-a537-f49216717b2b"",""environment"":""497ce9b3-fb87-4b99-9cf7-6c7305d440e8"",""service"":""2f22293c-9116-4952-b24d-3937d322e2e1"",""deployment"":""704cae93-1883-49c0-86e2-2d8501274997"",""replica"":""d9785248-59d5-44a5-b319-189eccb33b49""}",2026-08-20T23:51:10.551665372Z
"    return _bootstrap._gcd_import(name[level:], package, level)",error,"{""level"":""error""}","{""project"":""586ae7c2-e5b4-48eb-a537-f49216717b2b"",""environment"":""497ce9b3-fb87-4b99-9cf7-6c7305d440e8"",""service"":""2f22293c-9116-4952-b24d-3937d322e2e1"",""deployment"":""704cae93-1883-49c0-86e2-2d8501274997"",""replica"":""d9785248-59d5-44a5-b319-189eccb33b49""}",2026-08-20T23:51:10.552229771Z
           ^^^^^^^^^^^^^^^^^^^^^^^^^^^^^^^^^^^^^^^^^^^^^^^^^^^^,error,"{""level"":""error""}","{""project"":""586ae7c2-e5b4-48eb-a537-f49216717b2b"",""environment"":""497ce9b3-fb87-4b99-9cf7-6c7305d440e8"",""service"":""2f22293c-9116-4952-b24d-3937d322e2e1"",""deployment"":""704cae93-1883-49c0-86e2-2d8501274997"",""replica"":""d9785248-59d5-44a5-b319-189eccb33b49""}",2026-08-20T23:51:10.552238921Z
"  File ""<frozen importlib._bootstrap>"", line 1204, in _gcd_import",error,"{""level"":""error""}","{""project"":""586ae7c2-e5b4-48eb-a537-f49216717b2b"",""environment"":""497ce9b3-fb87-4b99-9cf7-6c7305d440e8"",""service"":""2f22293c-9116-4952-b24d-3937d322e2e1"",""deployment"":""704cae93-1883-49c0-86e2-2d8501274997"",""replica"":""d9785248-59d5-44a5-b319-189eccb33b49""}",2026-08-20T23:51:10.552244201Z
"  File ""<frozen importlib._bootstrap>"", line 1176, in _find_and_load",error,"{""level"":""error""}","{""project"":""586ae7c2-e5b4-48eb-a537-f49216717b2b"",""environment"":""497ce9b3-fb87-4b99-9cf7-6c7305d440e8"",""service"":""2f22293c-9116-4952-b24d-3937d322e2e1"",""deployment"":""704cae93-1883-49c0-86e2-2d8501274997"",""replica"":""d9785248-59d5-44a5-b319-189eccb33b49""}",2026-08-20T23:51:10.552248091Z
"  File ""<frozen importlib._bootstrap>"", line 1147, in _find_and_load_unlocked",error,"{""level"":""error""}","{""project"":""586ae7c2-e5b4-48eb-a537-f49216717b2b"",""environment"":""497ce9b3-fb87-4b99-9cf7-6c7305d440e8"",""service"":""2f22293c-9116-4952-b24d-3937d322e2e1"",""deployment"":""704cae93-1883-49c0-86e2-2d8501274997"",""replica"":""d9785248-59d5-44a5-b319-189eccb33b49""}",2026-08-20T23:51:10.552251921Z
"  File ""<frozen importlib._bootstrap>"", line 690, in _load_unlocked",error,"{""level"":""error""}","{""project"":""586ae7c2-e5b4-48eb-a537-f49216717b2b"",""environment"":""497ce9b3-fb87-4b99-9cf7-6c7305d440e8"",""service"":""2f22293c-9116-4952-b24d-3937d322e2e1"",""deployment"":""704cae93-1883-49c0-86e2-2d8501274997"",""replica"":""d9785248-59d5-44a5-b319-189eccb33b49""}",2026-08-20T23:51:10.552255931Z
"  File ""<frozen importlib._bootstrap_external>"", line 940, in exec_module",error,"{""level"":""error""}","{""project"":""586ae7c2-e5b4-48eb-a537-f49216717b2b"",""environment"":""497ce9b3-fb87-4b99-9cf7-6c7305d440e8"",""service"":""2f22293c-9116-4952-b24d-3937d322e2e1"",""deployment"":""704cae93-1883-49c0-86e2-2d8501274997"",""replica"":""d9785248-59d5-44a5-b319-189eccb33b49""}",2026-08-20T23:51:10.552267890Z
"  File ""<frozen importlib._bootstrap>"", line 241, in _call_with_frames_removed",error,"{""level"":""error""}","{""project"":""586ae7c2-e5b4-48eb-a537-f49216717b2b"",""environment"":""497ce9b3-fb87-4b99-9cf7-6c7305d440e8"",""service"":""2f22293c-9116-4952-b24d-3937d322e2e1"",""deployment"":""704cae93-1883-49c0-86e2-2d8501274997"",""replica"":""d9785248-59d5-44a5-b319-189eccb33b49""}",2026-08-20T23:51:10.552272190Z
"  File ""/app/api/index.py"", line 7, in <module>",error,"{""level"":""error""}","{""project"":""586ae7c2-e5b4-48eb-a537-f49216717b2b"",""environment"":""497ce9b3-fb87-4b99-9cf7-6c7305d440e8"",""service"":""2f22293c-9116-4952-b24d-3937d322e2e1"",""deployment"":""704cae93-1883-49c0-86e2-2d8501274997"",""replica"":""d9785248-59d5-44a5-b319-189eccb33b49""}",2026-08-20T23:51:10.552275790Z
    from api.engines.news_engine import NewsEngine,error,"{""level"":""error""}","{""project"":""586ae7c2-e5b4-48eb-a537-f49216717b2b"",""environment"":""497ce9b3-fb87-4b99-9cf7-6c7305d440e8"",""service"":""2f22293c-9116-4952-b24d-3937d322e2e1"",""deployment"":""704cae93-1883-49c0-86e2-2d8501274997"",""replica"":""d9785248-59d5-44a5-b319-189eccb33b49""}",2026-08-20T23:51:10.552279620Z
"  File ""/app/api/engines/news_engine.py"", line 1, in <module>",error,"{""level"":""error""}","{""project"":""586ae7c2-e5b4-48eb-a537-f49216717b2b"",""environment"":""497ce9b3-fb87-4b99-9cf7-6c7305d440e8"",""service"":""2f22293c-9116-4952-b24d-3937d322e2e1"",""deployment"":""704cae93-1883-49c0-86e2-2d8501274997"",""replica"":""d9785248-59d5-44a5-b319-189eccb33b49""}",2026-08-20T23:51:10.552283580Z
    import httpx,error,"{""level"":""error""}","{""project"":""586ae7c2-e5b4-48eb-a537-f49216717b2b"",""environment"":""497ce9b3-fb87-4b99-9cf7-6c7305d440e8"",""service"":""2f22293c-9116-4952-b24d-3937d322e2e1"",""deployment"":""704cae93-1883-49c0-86e2-2d8501274997"",""replica"":""d9785248-59d5-44a5-b319-189eccb33b49""}",2026-08-20T23:51:10.552287910Z
ModuleNotFoundError: No module named 'httpx',error,"{""level"":""error""}","{""project"":""586ae7c2-e5b4-48eb-a537-f49216717b2b"",""environment"":""497ce9b3-fb87-4b99-9cf7-6c7305d440e8"",""service"":""2f22293c-9116-4952-b24d-3937d322e2e1"",""deployment"":""704cae93-1883-49c0-86e2-2d8501274997"",""replica"":""d9785248-59d5-44a5-b319-189eccb33b49""}",2026-08-20T23:51:10.552291500Z
Traceback (most recent call last):,error,"{""level"":""error""}","{""project"":""586ae7c2-e5b4-48eb-a537-f49216717b2b"",""environment"":""497ce9b3-fb87-4b99-9cf7-6c7305d440e8"",""service"":""2f22293c-9116-4952-b24d-3937d322e2e1"",""deployment"":""704cae93-1883-49c0-86e2-2d8501274997"",""replica"":""d9785248-59d5-44a5-b319-189eccb33b49""}",2026-08-20T23:51:12.780213052Z
"  File ""/app/.venv/lib/python3.11/site-packages/click/core.py"", line 1569, in __call__",error,"{""level"":""error""}","{""project"":""586ae7c2-e5b4-48eb-a537-f49216717b2b"",""environment"":""497ce9b3-fb87-4b99-9cf7-6c7305d440e8"",""service"":""2f22293c-9116-4952-b24d-3937d322e2e1"",""deployment"":""704cae93-1883-49c0-86e2-2d8501274997"",""replica"":""d9785248-59d5-44a5-b319-189eccb33b49""}",2026-08-20T23:51:12.780216892Z
"    return self.main(*args, **kwargs)",error,"{""level"":""error""}","{""project"":""586ae7c2-e5b4-48eb-a537-f49216717b2b"",""environment"":""497ce9b3-fb87-4b99-9cf7-6c7305d440e8"",""service"":""2f22293c-9116-4952-b24d-3937d322e2e1"",""deployment"":""704cae93-1883-49c0-86e2-2d8501274997"",""replica"":""d9785248-59d5-44a5-b319-189eccb33b49""}",2026-08-20T23:51:12.780223312Z
"  File ""/app/.venv/bin/uvicorn"", line 8, in <module>",error,"{""level"":""error""}","{""project"":""586ae7c2-e5b4-48eb-a537-f49216717b2b"",""environment"":""497ce9b3-fb87-4b99-9cf7-6c7305d440e8"",""service"":""2f22293c-9116-4952-b24d-3937d322e2e1"",""deployment"":""704cae93-1883-49c0-86e2-2d8501274997"",""replica"":""d9785248-59d5-44a5-b319-189eccb33b49""}",2026-08-20T23:51:12.780224462Z
           ^^^^^^^^^^^^^^^^^^^^^^^^^^,error,"{""level"":""error""}","{""project"":""586ae7c2-e5b4-48eb-a537-f49216717b2b"",""environment"":""497ce9b3-fb87-4b99-9cf7-6c7305d440e8"",""service"":""2f22293c-9116-4952-b24d-3937d322e2e1"",""deployment"":""704cae93-1883-49c0-86e2-2d8501274997"",""replica"":""d9785248-59d5-44a5-b319-189eccb33b49""}",2026-08-20T23:51:12.780227712Z
    sys.exit(main()),error,"{""level"":""error""}","{""project"":""586ae7c2-e5b4-48eb-a537-f49216717b2b"",""environment"":""497ce9b3-fb87-4b99-9cf7-6c7305d440e8"",""service"":""2f22293c-9116-4952-b24d-3937d322e2e1"",""deployment"":""704cae93-1883-49c0-86e2-2d8501274997"",""replica"":""d9785248-59d5-44a5-b319-189eccb33b49""}",2026-08-20T23:51:12.780229122Z
"  File ""/app/.venv/lib/python3.11/site-packages/click/core.py"", line 1490, in main",error,"{""level"":""error""}","{""project"":""586ae7c2-e5b4-48eb-a537-f49216717b2b"",""environment"":""497ce9b3-fb87-4b99-9cf7-6c7305d440e8"",""service"":""2f22293c-9116-4952-b24d-3937d322e2e1"",""deployment"":""704cae93-1883-49c0-86e2-2d8501274997"",""replica"":""d9785248-59d5-44a5-b319-189eccb33b49""}",2026-08-20T23:51:12.780231692Z
             ^^^^^^,error,"{""level"":""error""}","{""project"":""586ae7c2-e5b4-48eb-a537-f49216717b2b"",""environment"":""497ce9b3-fb87-4b99-9cf7-6c7305d440e8"",""service"":""2f22293c-9116-4952-b24d-3937d322e2e1"",""deployment"":""704cae93-1883-49c0-86e2-2d8501274997"",""replica"":""d9785248-59d5-44a5-b319-189eccb33b49""}",2026-08-20T23:51:12.780233302Z
    rv = self.invoke(ctx),error,"{""level"":""error""}","{""project"":""586ae7c2-e5b4-48eb-a537-f49216717b2b"",""environment"":""497ce9b3-fb87-4b99-9cf7-6c7305d440e8"",""service"":""2f22293c-9116-4952-b24d-3937d322e2e1"",""deployment"":""704cae93-1883-49c0-86e2-2d8501274997"",""replica"":""d9785248-59d5-44a5-b319-189eccb33b49""}",2026-08-20T23:51:12.780235532Z
         ^^^^^^^^^^^^^^^^,error,"{""level"":""error""}","{""project"":""586ae7c2-e5b4-48eb-a537-f49216717b2b"",""environment"":""497ce9b3-fb87-4b99-9cf7-6c7305d440e8"",""service"":""2f22293c-9116-4952-b24d-3937d322e2e1"",""deployment"":""704cae93-1883-49c0-86e2-2d8501274997"",""replica"":""d9785248-59d5-44a5-b319-189eccb33b49""}",2026-08-20T23:51:12.780239742Z
"  File ""/app/.venv/lib/python3.11/site-packages/click/core.py"", line 1353, in invoke",error,"{""level"":""error""}","{""project"":""586ae7c2-e5b4-48eb-a537-f49216717b2b"",""environment"":""497ce9b3-fb87-4b99-9cf7-6c7305d440e8"",""service"":""2f22293c-9116-4952-b24d-3937d322e2e1"",""deployment"":""704cae93-1883-49c0-86e2-2d8501274997"",""replica"":""d9785248-59d5-44a5-b319-189eccb33b49""}",2026-08-20T23:51:12.780242841Z
"    return ctx.invoke(self.callback, **ctx.params)",error,"{""level"":""error""}","{""project"":""586ae7c2-e5b4-48eb-a537-f49216717b2b"",""environment"":""497ce9b3-fb87-4b99-9cf7-6c7305d440e8"",""service"":""2f22293c-9116-4952-b24d-3937d322e2e1"",""deployment"":""704cae93-1883-49c0-86e2-2d8501274997"",""replica"":""d9785248-59d5-44a5-b319-189eccb33b49""}",2026-08-20T23:51:12.780254491Z
           ^^^^^^^^^^^^^^^^^^^^^^^^^^^^^^^^^^^^^^^,error,"{""level"":""error""}","{""project"":""586ae7c2-e5b4-48eb-a537-f49216717b2b"",""environment"":""497ce9b3-fb87-4b99-9cf7-6c7305d440e8"",""service"":""2f22293c-9116-4952-b24d-3937d322e2e1"",""deployment"":""704cae93-1883-49c0-86e2-2d8501274997"",""replica"":""d9785248-59d5-44a5-b319-189eccb33b49""}",2026-08-20T23:51:12.780258891Z
"  File ""/app/.venv/lib/python3.11/site-packages/click/core.py"", line 907, in invoke",error,"{""level"":""error""}","{""project"":""586ae7c2-e5b4-48eb-a537-f49216717b2b"",""environment"":""497ce9b3-fb87-4b99-9cf7-6c7305d440e8"",""service"":""2f22293c-9116-4952-b24d-3937d322e2e1"",""deployment"":""704cae93-1883-49c0-86e2-2d8501274997"",""replica"":""d9785248-59d5-44a5-b319-189eccb33b49""}",2026-08-20T23:51:12.780262661Z
"    return callback(*args, **kwargs)",error,"{""level"":""error""}","{""project"":""586ae7c2-e5b4-48eb-a537-f49216717b2b"",""environment"":""497ce9b3-fb87-4b99-9cf7-6c7305d440e8"",""service"":""2f22293c-9116-4952-b24d-3937d322e2e1"",""deployment"":""704cae93-1883-49c0-86e2-2d8501274997"",""replica"":""d9785248-59d5-44a5-b319-189eccb33b49""}",2026-08-20T23:51:12.780266561Z
           ^^^^^^^^^^^^^^^^^^^^^^^^^,error,"{""level"":""error""}","{""project"":""586ae7c2-e5b4-48eb-a537-f49216717b2b"",""environment"":""497ce9b3-fb87-4b99-9cf7-6c7305d440e8"",""service"":""2f22293c-9116-4952-b24d-3937d322e2e1"",""deployment"":""704cae93-1883-49c0-86e2-2d8501274997"",""replica"":""d9785248-59d5-44a5-b319-189eccb33b49""}",2026-08-20T23:51:12.780934649Z
"  File ""/app/.venv/lib/python3.11/site-packages/uvicorn/main.py"", line 440, in main",error,"{""level"":""error""}","{""project"":""586ae7c2-e5b4-48eb-a537-f49216717b2b"",""environment"":""497ce9b3-fb87-4b99-9cf7-6c7305d440e8"",""service"":""2f22293c-9116-4952-b24d-3937d322e2e1"",""deployment"":""704cae93-1883-49c0-86e2-2d8501274997"",""replica"":""d9785248-59d5-44a5-b319-189eccb33b49""}",2026-08-20T23:51:12.780939678Z
"  File ""/mise/installs/python/3.11.9/lib/python3.11/importlib/__init__.py"", line 126, in import_module",error,"{""level"":""error""}","{""project"":""586ae7c2-e5b4-48eb-a537-f49216717b2b"",""environment"":""497ce9b3-fb87-4b99-9cf7-6c7305d440e8"",""service"":""2f22293c-9116-4952-b24d-3937d322e2e1"",""deployment"":""704cae93-1883-49c0-86e2-2d8501274997"",""replica"":""d9785248-59d5-44a5-b319-189eccb33b49""}",2026-08-20T23:51:12.780939878Z
    run(,error,"{""level"":""error""}","{""project"":""586ae7c2-e5b4-48eb-a537-f49216717b2b"",""environment"":""497ce9b3-fb87-4b99-9cf7-6c7305d440e8"",""service"":""2f22293c-9116-4952-b24d-3937d322e2e1"",""deployment"":""704cae93-1883-49c0-86e2-2d8501274997"",""replica"":""d9785248-59d5-44a5-b319-189eccb33b49""}",2026-08-20T23:51:12.780944548Z
"    return _bootstrap._gcd_import(name[level:], package, level)",error,"{""level"":""error""}","{""project"":""586ae7c2-e5b4-48eb-a537-f49216717b2b"",""environment"":""497ce9b3-fb87-4b99-9cf7-6c7305d440e8"",""service"":""2f22293c-9116-4952-b24d-3937d322e2e1"",""deployment"":""704cae93-1883-49c0-86e2-2d8501274997"",""replica"":""d9785248-59d5-44a5-b319-189eccb33b49""}",2026-08-20T23:51:12.780945488Z
"  File ""/app/.venv/lib/python3.11/site-packages/uvicorn/main.py"", line 609, in run",error,"{""level"":""error""}","{""project"":""586ae7c2-e5b4-48eb-a537-f49216717b2b"",""environment"":""497ce9b3-fb87-4b99-9cf7-6c7305d440e8"",""service"":""2f22293c-9116-4952-b24d-3937d322e2e1"",""deployment"":""704cae93-1883-49c0-86e2-2d8501274997"",""replica"":""d9785248-59d5-44a5-b319-189eccb33b49""}",2026-08-20T23:51:12.780948928Z
    config.load_app(),error,"{""level"":""error""}","{""project"":""586ae7c2-e5b4-48eb-a537-f49216717b2b"",""environment"":""497ce9b3-fb87-4b99-9cf7-6c7305d440e8"",""service"":""2f22293c-9116-4952-b24d-3937d322e2e1"",""deployment"":""704cae93-1883-49c0-86e2-2d8501274997"",""replica"":""d9785248-59d5-44a5-b319-189eccb33b49""}",2026-08-20T23:51:12.780952618Z
"  File ""/app/.venv/lib/python3.11/site-packages/uvicorn/config.py"", line 428, in load_app",error,"{""level"":""error""}","{""project"":""586ae7c2-e5b4-48eb-a537-f49216717b2b"",""environment"":""497ce9b3-fb87-4b99-9cf7-6c7305d440e8"",""service"":""2f22293c-9116-4952-b24d-3937d322e2e1"",""deployment"":""704cae93-1883-49c0-86e2-2d8501274997"",""replica"":""d9785248-59d5-44a5-b319-189eccb33b49""}",2026-08-20T23:51:12.780958018Z
    return import_from_string(self.app),error,"{""level"":""error""}","{""project"":""586ae7c2-e5b4-48eb-a537-f49216717b2b"",""environment"":""497ce9b3-fb87-4b99-9cf7-6c7305d440e8"",""service"":""2f22293c-9116-4952-b24d-3937d322e2e1"",""deployment"":""704cae93-1883-49c0-86e2-2d8501274997"",""replica"":""d9785248-59d5-44a5-b319-189eccb33b49""}",2026-08-20T23:51:12.780963748Z
           ^^^^^^^^^^^^^^^^^^^^^^^^^^^^,error,"{""level"":""error""}","{""project"":""586ae7c2-e5b4-48eb-a537-f49216717b2b"",""environment"":""497ce9b3-fb87-4b99-9cf7-6c7305d440e8"",""service"":""2f22293c-9116-4952-b24d-3937d322e2e1"",""deployment"":""704cae93-1883-49c0-86e2-2d8501274997"",""replica"":""d9785248-59d5-44a5-b319-189eccb33b49""}",2026-08-20T23:51:12.780965998Z
"  File ""/app/.venv/lib/python3.11/site-packages/uvicorn/importer.py"", line 22, in import_from_string",error,"{""level"":""error""}","{""project"":""586ae7c2-e5b4-48eb-a537-f49216717b2b"",""environment"":""497ce9b3-fb87-4b99-9cf7-6c7305d440e8"",""service"":""2f22293c-9116-4952-b24d-3937d322e2e1"",""deployment"":""704cae93-1883-49c0-86e2-2d8501274997"",""replica"":""d9785248-59d5-44a5-b319-189eccb33b49""}",2026-08-20T23:51:12.780974428Z
    raise exc from None,error,"{""level"":""error""}","{""project"":""586ae7c2-e5b4-48eb-a537-f49216717b2b"",""environment"":""497ce9b3-fb87-4b99-9cf7-6c7305d440e8"",""service"":""2f22293c-9116-4952-b24d-3937d322e2e1"",""deployment"":""704cae93-1883-49c0-86e2-2d8501274997"",""replica"":""d9785248-59d5-44a5-b319-189eccb33b49""}",2026-08-20T23:51:12.780978398Z
"  File ""/app/.venv/lib/python3.11/site-packages/uvicorn/importer.py"", line 19, in import_from_string",error,"{""level"":""error""}","{""project"":""586ae7c2-e5b4-48eb-a537-f49216717b2b"",""environment"":""497ce9b3-fb87-4b99-9cf7-6c7305d440e8"",""service"":""2f22293c-9116-4952-b24d-3937d322e2e1"",""deployment"":""704cae93-1883-49c0-86e2-2d8501274997"",""replica"":""d9785248-59d5-44a5-b319-189eccb33b49""}",2026-08-20T23:51:12.780995877Z
    module = importlib.import_module(module_str),error,"{""level"":""error""}","{""project"":""586ae7c2-e5b4-48eb-a537-f49216717b2b"",""environment"":""497ce9b3-fb87-4b99-9cf7-6c7305d440e8"",""service"":""2f22293c-9116-4952-b24d-3937d322e2e1"",""deployment"":""704cae93-1883-49c0-86e2-2d8501274997"",""replica"":""d9785248-59d5-44a5-b319-189eccb33b49""}",2026-08-20T23:51:12.781000537Z
             ^^^^^^^^^^^^^^^^^^^^^^^^^^^^^^^^^^^,error,"{""level"":""error""}","{""project"":""586ae7c2-e5b4-48eb-a537-f49216717b2b"",""environment"":""497ce9b3-fb87-4b99-9cf7-6c7305d440e8"",""service"":""2f22293c-9116-4952-b24d-3937d322e2e1"",""deployment"":""704cae93-1883-49c0-86e2-2d8501274997"",""replica"":""d9785248-59d5-44a5-b319-189eccb33b49""}",2026-08-20T23:51:12.781005077Z
           ^^^^^^^^^^^^^^^^^^^^^^^^^^^^^^^^^^^^^^^^^^^^^^^^^^^^,error,"{""level"":""error""}","{""project"":""586ae7c2-e5b4-48eb-a537-f49216717b2b"",""environment"":""497ce9b3-fb87-4b99-9cf7-6c7305d440e8"",""service"":""2f22293c-9116-4952-b24d-3937d322e2e1"",""deployment"":""704cae93-1883-49c0-86e2-2d8501274997"",""replica"":""d9785248-59d5-44a5-b319-189eccb33b49""}",2026-08-20T23:51:12.781659955Z
"  File ""<frozen importlib._bootstrap>"", line 1204, in _gcd_import",error,"{""level"":""error""}","{""project"":""586ae7c2-e5b4-48eb-a537-f49216717b2b"",""environment"":""497ce9b3-fb87-4b99-9cf7-6c7305d440e8"",""service"":""2f22293c-9116-4952-b24d-3937d322e2e1"",""deployment"":""704cae93-1883-49c0-86e2-2d8501274997"",""replica"":""d9785248-59d5-44a5-b319-189eccb33b49""}",2026-08-20T23:51:12.781663475Z
"  File ""<frozen importlib._bootstrap>"", line 1176, in _find_and_load",error,"{""level"":""error""}","{""project"":""586ae7c2-e5b4-48eb-a537-f49216717b2b"",""environment"":""497ce9b3-fb87-4b99-9cf7-6c7305d440e8"",""service"":""2f22293c-9116-4952-b24d-3937d322e2e1"",""deployment"":""704cae93-1883-49c0-86e2-2d8501274997"",""replica"":""d9785248-59d5-44a5-b319-189eccb33b49""}",2026-08-20T23:51:12.781666485Z
"  File ""<frozen importlib._bootstrap>"", line 1147, in _find_and_load_unlocked",error,"{""level"":""error""}","{""project"":""586ae7c2-e5b4-48eb-a537-f49216717b2b"",""environment"":""497ce9b3-fb87-4b99-9cf7-6c7305d440e8"",""service"":""2f22293c-9116-4952-b24d-3937d322e2e1"",""deployment"":""704cae93-1883-49c0-86e2-2d8501274997"",""replica"":""d9785248-59d5-44a5-b319-189eccb33b49""}",2026-08-20T23:51:12.781668995Z
"  File ""<frozen importlib._bootstrap>"", line 690, in _load_unlocked",error,"{""level"":""error""}","{""project"":""586ae7c2-e5b4-48eb-a537-f49216717b2b"",""environment"":""497ce9b3-fb87-4b99-9cf7-6c7305d440e8"",""service"":""2f22293c-9116-4952-b24d-3937d322e2e1"",""deployment"":""704cae93-1883-49c0-86e2-2d8501274997"",""replica"":""d9785248-59d5-44a5-b319-189eccb33b49""}",2026-08-20T23:51:12.781672575Z
"  File ""<frozen importlib._bootstrap_external>"", line 940, in exec_module",error,"{""level"":""error""}","{""project"":""586ae7c2-e5b4-48eb-a537-f49216717b2b"",""environment"":""497ce9b3-fb87-4b99-9cf7-6c7305d440e8"",""service"":""2f22293c-9116-4952-b24d-3937d322e2e1"",""deployment"":""704cae93-1883-49c0-86e2-2d8501274997"",""replica"":""d9785248-59d5-44a5-b319-189eccb33b49""}",2026-08-20T23:51:12.781675105Z
"  File ""<frozen importlib._bootstrap>"", line 241, in _call_with_frames_removed",error,"{""level"":""error""}","{""project"":""586ae7c2-e5b4-48eb-a537-f49216717b2b"",""environment"":""497ce9b3-fb87-4b99-9cf7-6c7305d440e8"",""service"":""2f22293c-9116-4952-b24d-3937d322e2e1"",""deployment"":""704cae93-1883-49c0-86e2-2d8501274997"",""replica"":""d9785248-59d5-44a5-b319-189eccb33b49""}",2026-08-20T23:51:12.781678745Z
"  File ""/app/api/index.py"", line 7, in <module>",error,"{""level"":""error""}","{""project"":""586ae7c2-e5b4-48eb-a537-f49216717b2b"",""environment"":""497ce9b3-fb87-4b99-9cf7-6c7305d440e8"",""service"":""2f22293c-9116-4952-b24d-3937d322e2e1"",""deployment"":""704cae93-1883-49c0-86e2-2d8501274997"",""replica"":""d9785248-59d5-44a5-b319-189eccb33b49""}",2026-08-20T23:51:12.781681675Z
    from api.engines.news_engine import NewsEngine,error,"{""level"":""error""}","{""project"":""586ae7c2-e5b4-48eb-a537-f49216717b2b"",""environment"":""497ce9b3-fb87-4b99-9cf7-6c7305d440e8"",""service"":""2f22293c-9116-4952-b24d-3937d322e2e1"",""deployment"":""704cae93-1883-49c0-86e2-2d8501274997"",""replica"":""d9785248-59d5-44a5-b319-189eccb33b49""}",2026-08-20T23:51:12.781684614Z
"  File ""/app/api/engines/news_engine.py"", line 1, in <module>",error,"{""level"":""error""}","{""project"":""586ae7c2-e5b4-48eb-a537-f49216717b2b"",""environment"":""497ce9b3-fb87-4b99-9cf7-6c7305d440e8"",""service"":""2f22293c-9116-4952-b24d-3937d322e2e1"",""deployment"":""704cae93-1883-49c0-86e2-2d8501274997"",""replica"":""d9785248-59d5-44a5-b319-189eccb33b49""}",2026-08-20T23:51:12.781687714Z
    import httpx,error,"{""level"":""error""}","{""project"":""586ae7c2-e5b4-48eb-a537-f49216717b2b"",""environment"":""497ce9b3-fb87-4b99-9cf7-6c7305d440e8"",""service"":""2f22293c-9116-4952-b24d-3937d322e2e1"",""deployment"":""704cae93-1883-49c0-86e2-2d8501274997"",""replica"":""d9785248-59d5-44a5-b319-189eccb33b49""}",2026-08-20T23:51:12.781690174Z
ModuleNotFoundError: No module named 'httpx',error,"{""level"":""error""}","{""project"":""586ae7c2-e5b4-48eb-a537-f49216717b2b"",""environment"":""497ce9b3-fb87-4b99-9cf7-6c7305d440e8"",""service"":""2f22293c-9116-4952-b24d-3937d322e2e1"",""deployment"":""704cae93-1883-49c0-86e2-2d8501274997"",""replica"":""d9785248-59d5-44a5-b319-189eccb33b49""}",2026-08-20T23:51:12.781692734Z
Traceback (most recent call last):,error,"{""level"":""error""}","{""project"":""586ae7c2-e5b4-48eb-a537-f49216717b2b"",""environment"":""497ce9b3-fb87-4b99-9cf7-6c7305d440e8"",""service"":""2f22293c-9116-4952-b24d-3937d322e2e1"",""deployment"":""704cae93-1883-49c0-86e2-2d8501274997"",""replica"":""d9785248-59d5-44a5-b319-189eccb33b49""}",2026-08-20T23:51:14.995199631Z
"  File ""/app/.venv/bin/uvicorn"", line 8, in <module>",error,"{""level"":""error""}","{""project"":""586ae7c2-e5b4-48eb-a537-f49216717b2b"",""environment"":""497ce9b3-fb87-4b99-9cf7-6c7305d440e8"",""service"":""2f22293c-9116-4952-b24d-3937d322e2e1"",""deployment"":""704cae93-1883-49c0-86e2-2d8501274997"",""replica"":""d9785248-59d5-44a5-b319-189eccb33b49""}",2026-08-20T23:51:14.995210190Z
    sys.exit(main()),error,"{""level"":""error""}","{""project"":""586ae7c2-e5b4-48eb-a537-f49216717b2b"",""environment"":""497ce9b3-fb87-4b99-9cf7-6c7305d440e8"",""service"":""2f22293c-9116-4952-b24d-3937d322e2e1"",""deployment"":""704cae93-1883-49c0-86e2-2d8501274997"",""replica"":""d9785248-59d5-44a5-b319-189eccb33b49""}",2026-08-20T23:51:14.995215210Z
             ^^^^^^,error,"{""level"":""error""}","{""project"":""586ae7c2-e5b4-48eb-a537-f49216717b2b"",""environment"":""497ce9b3-fb87-4b99-9cf7-6c7305d440e8"",""service"":""2f22293c-9116-4952-b24d-3937d322e2e1"",""deployment"":""704cae93-1883-49c0-86e2-2d8501274997"",""replica"":""d9785248-59d5-44a5-b319-189eccb33b49""}",2026-08-20T23:51:14.995219430Z
"  File ""/app/.venv/lib/python3.11/site-packages/click/core.py"", line 1569, in __call__",error,"{""level"":""error""}","{""project"":""586ae7c2-e5b4-48eb-a537-f49216717b2b"",""environment"":""497ce9b3-fb87-4b99-9cf7-6c7305d440e8"",""service"":""2f22293c-9116-4952-b24d-3937d322e2e1"",""deployment"":""704cae93-1883-49c0-86e2-2d8501274997"",""replica"":""d9785248-59d5-44a5-b319-189eccb33b49""}",2026-08-20T23:51:14.995223050Z
"    return self.main(*args, **kwargs)",error,"{""level"":""error""}","{""project"":""586ae7c2-e5b4-48eb-a537-f49216717b2b"",""environment"":""497ce9b3-fb87-4b99-9cf7-6c7305d440e8"",""service"":""2f22293c-9116-4952-b24d-3937d322e2e1"",""deployment"":""704cae93-1883-49c0-86e2-2d8501274997"",""replica"":""d9785248-59d5-44a5-b319-189eccb33b49""}",2026-08-20T23:51:14.995227390Z
           ^^^^^^^^^^^^^^^^^^^^^^^^^^,error,"{""level"":""error""}","{""project"":""586ae7c2-e5b4-48eb-a537-f49216717b2b"",""environment"":""497ce9b3-fb87-4b99-9cf7-6c7305d440e8"",""service"":""2f22293c-9116-4952-b24d-3937d322e2e1"",""deployment"":""704cae93-1883-49c0-86e2-2d8501274997"",""replica"":""d9785248-59d5-44a5-b319-189eccb33b49""}",2026-08-20T23:51:14.995231900Z
"  File ""/app/.venv/lib/python3.11/site-packages/click/core.py"", line 1490, in main",error,"{""level"":""error""}","{""project"":""586ae7c2-e5b4-48eb-a537-f49216717b2b"",""environment"":""497ce9b3-fb87-4b99-9cf7-6c7305d440e8"",""service"":""2f22293c-9116-4952-b24d-3937d322e2e1"",""deployment"":""704cae93-1883-49c0-86e2-2d8501274997"",""replica"":""d9785248-59d5-44a5-b319-189eccb33b49""}",2026-08-20T23:51:14.995242950Z
    rv = self.invoke(ctx),error,"{""level"":""error""}","{""project"":""586ae7c2-e5b4-48eb-a537-f49216717b2b"",""environment"":""497ce9b3-fb87-4b99-9cf7-6c7305d440e8"",""service"":""2f22293c-9116-4952-b24d-3937d322e2e1"",""deployment"":""704cae93-1883-49c0-86e2-2d8501274997"",""replica"":""d9785248-59d5-44a5-b319-189eccb33b49""}",2026-08-20T23:51:14.995247400Z
         ^^^^^^^^^^^^^^^^,error,"{""level"":""error""}","{""project"":""586ae7c2-e5b4-48eb-a537-f49216717b2b"",""environment"":""497ce9b3-fb87-4b99-9cf7-6c7305d440e8"",""service"":""2f22293c-9116-4952-b24d-3937d322e2e1"",""deployment"":""704cae93-1883-49c0-86e2-2d8501274997"",""replica"":""d9785248-59d5-44a5-b319-189eccb33b49""}",2026-08-20T23:51:14.995252300Z
"  File ""/app/.venv/lib/python3.11/site-packages/click/core.py"", line 1353, in invoke",error,"{""level"":""error""}","{""project"":""586ae7c2-e5b4-48eb-a537-f49216717b2b"",""environment"":""497ce9b3-fb87-4b99-9cf7-6c7305d440e8"",""service"":""2f22293c-9116-4952-b24d-3937d322e2e1"",""deployment"":""704cae93-1883-49c0-86e2-2d8501274997"",""replica"":""d9785248-59d5-44a5-b319-189eccb33b49""}",2026-08-20T23:51:14.995256910Z
"    return ctx.invoke(self.callback, **ctx.params)",error,"{""level"":""error""}","{""project"":""586ae7c2-e5b4-48eb-a537-f49216717b2b"",""environment"":""497ce9b3-fb87-4b99-9cf7-6c7305d440e8"",""service"":""2f22293c-9116-4952-b24d-3937d322e2e1"",""deployment"":""704cae93-1883-49c0-86e2-2d8501274997"",""replica"":""d9785248-59d5-44a5-b319-189eccb33b49""}",2026-08-20T23:51:14.995261139Z
           ^^^^^^^^^^^^^^^^^^^^^^^^^^^^^^^^^^^^^^^,error,"{""level"":""error""}","{""project"":""586ae7c2-e5b4-48eb-a537-f49216717b2b"",""environment"":""497ce9b3-fb87-4b99-9cf7-6c7305d440e8"",""service"":""2f22293c-9116-4952-b24d-3937d322e2e1"",""deployment"":""704cae93-1883-49c0-86e2-2d8501274997"",""replica"":""d9785248-59d5-44a5-b319-189eccb33b49""}",2026-08-20T23:51:14.995266209Z
"  File ""/app/.venv/lib/python3.11/site-packages/click/core.py"", line 907, in invoke",error,"{""level"":""error""}","{""project"":""586ae7c2-e5b4-48eb-a537-f49216717b2b"",""environment"":""497ce9b3-fb87-4b99-9cf7-6c7305d440e8"",""service"":""2f22293c-9116-4952-b24d-3937d322e2e1"",""deployment"":""704cae93-1883-49c0-86e2-2d8501274997"",""replica"":""d9785248-59d5-44a5-b319-189eccb33b49""}",2026-08-20T23:51:14.995270599Z
"    return callback(*args, **kwargs)",error,"{""level"":""error""}","{""project"":""586ae7c2-e5b4-48eb-a537-f49216717b2b"",""environment"":""497ce9b3-fb87-4b99-9cf7-6c7305d440e8"",""service"":""2f22293c-9116-4952-b24d-3937d322e2e1"",""deployment"":""704cae93-1883-49c0-86e2-2d8501274997"",""replica"":""d9785248-59d5-44a5-b319-189eccb33b49""}",2026-08-20T23:51:14.995274699Z
           ^^^^^^^^^^^^^^^^^^^^^^^^^,error,"{""level"":""error""}","{""project"":""586ae7c2-e5b4-48eb-a537-f49216717b2b"",""environment"":""497ce9b3-fb87-4b99-9cf7-6c7305d440e8"",""service"":""2f22293c-9116-4952-b24d-3937d322e2e1"",""deployment"":""704cae93-1883-49c0-86e2-2d8501274997"",""replica"":""d9785248-59d5-44a5-b319-189eccb33b49""}",2026-08-20T23:51:14.995279829Z
"  File ""/app/.venv/lib/python3.11/site-packages/uvicorn/main.py"", line 440, in main",error,"{""level"":""error""}","{""project"":""586ae7c2-e5b4-48eb-a537-f49216717b2b"",""environment"":""497ce9b3-fb87-4b99-9cf7-6c7305d440e8"",""service"":""2f22293c-9116-4952-b24d-3937d322e2e1"",""deployment"":""704cae93-1883-49c0-86e2-2d8501274997"",""replica"":""d9785248-59d5-44a5-b319-189eccb33b49""}",2026-08-20T23:51:14.995284009Z
    run(,error,"{""level"":""error""}","{""project"":""586ae7c2-e5b4-48eb-a537-f49216717b2b"",""environment"":""497ce9b3-fb87-4b99-9cf7-6c7305d440e8"",""service"":""2f22293c-9116-4952-b24d-3937d322e2e1"",""deployment"":""704cae93-1883-49c0-86e2-2d8501274997"",""replica"":""d9785248-59d5-44a5-b319-189eccb33b49""}",2026-08-20T23:51:14.995289029Z
"  File ""/app/.venv/lib/python3.11/site-packages/uvicorn/main.py"", line 609, in run",error,"{""level"":""error""}","{""project"":""586ae7c2-e5b4-48eb-a537-f49216717b2b"",""environment"":""497ce9b3-fb87-4b99-9cf7-6c7305d440e8"",""service"":""2f22293c-9116-4952-b24d-3937d322e2e1"",""deployment"":""704cae93-1883-49c0-86e2-2d8501274997"",""replica"":""d9785248-59d5-44a5-b319-189eccb33b49""}",2026-08-20T23:51:14.995292439Z
    config.load_app(),error,"{""level"":""error""}","{""project"":""586ae7c2-e5b4-48eb-a537-f49216717b2b"",""environment"":""497ce9b3-fb87-4b99-9cf7-6c7305d440e8"",""service"":""2f22293c-9116-4952-b24d-3937d322e2e1"",""deployment"":""704cae93-1883-49c0-86e2-2d8501274997"",""replica"":""d9785248-59d5-44a5-b319-189eccb33b49""}",2026-08-20T23:51:14.995296219Z
"  File ""/app/.venv/lib/python3.11/site-packages/uvicorn/config.py"", line 428, in load_app",error,"{""level"":""error""}","{""project"":""586ae7c2-e5b4-48eb-a537-f49216717b2b"",""environment"":""497ce9b3-fb87-4b99-9cf7-6c7305d440e8"",""service"":""2f22293c-9116-4952-b24d-3937d322e2e1"",""deployment"":""704cae93-1883-49c0-86e2-2d8501274997"",""replica"":""d9785248-59d5-44a5-b319-189eccb33b49""}",2026-08-20T23:51:14.995299949Z
    return import_from_string(self.app),error,"{""level"":""error""}","{""project"":""586ae7c2-e5b4-48eb-a537-f49216717b2b"",""environment"":""497ce9b3-fb87-4b99-9cf7-6c7305d440e8"",""service"":""2f22293c-9116-4952-b24d-3937d322e2e1"",""deployment"":""704cae93-1883-49c0-86e2-2d8501274997"",""replica"":""d9785248-59d5-44a5-b319-189eccb33b49""}",2026-08-20T23:51:14.995304429Z
           ^^^^^^^^^^^^^^^^^^^^^^^^^^^^,error,"{""level"":""error""}","{""project"":""586ae7c2-e5b4-48eb-a537-f49216717b2b"",""environment"":""497ce9b3-fb87-4b99-9cf7-6c7305d440e8"",""service"":""2f22293c-9116-4952-b24d-3937d322e2e1"",""deployment"":""704cae93-1883-49c0-86e2-2d8501274997"",""replica"":""d9785248-59d5-44a5-b319-189eccb33b49""}",2026-08-20T23:51:14.995324028Z
"  File ""/app/.venv/lib/python3.11/site-packages/uvicorn/importer.py"", line 22, in import_from_string",error,"{""level"":""error""}","{""project"":""586ae7c2-e5b4-48eb-a537-f49216717b2b"",""environment"":""497ce9b3-fb87-4b99-9cf7-6c7305d440e8"",""service"":""2f22293c-9116-4952-b24d-3937d322e2e1"",""deployment"":""704cae93-1883-49c0-86e2-2d8501274997"",""replica"":""d9785248-59d5-44a5-b319-189eccb33b49""}",2026-08-20T23:51:14.995336698Z
    raise exc from None,error,"{""level"":""error""}","{""project"":""586ae7c2-e5b4-48eb-a537-f49216717b2b"",""environment"":""497ce9b3-fb87-4b99-9cf7-6c7305d440e8"",""service"":""2f22293c-9116-4952-b24d-3937d322e2e1"",""deployment"":""704cae93-1883-49c0-86e2-2d8501274997"",""replica"":""d9785248-59d5-44a5-b319-189eccb33b49""}",2026-08-20T23:51:14.995342908Z
"  File ""/app/.venv/lib/python3.11/site-packages/uvicorn/importer.py"", line 19, in import_from_string",error,"{""level"":""error""}","{""project"":""586ae7c2-e5b4-48eb-a537-f49216717b2b"",""environment"":""497ce9b3-fb87-4b99-9cf7-6c7305d440e8"",""service"":""2f22293c-9116-4952-b24d-3937d322e2e1"",""deployment"":""704cae93-1883-49c0-86e2-2d8501274997"",""replica"":""d9785248-59d5-44a5-b319-189eccb33b49""}",2026-08-20T23:51:14.995348098Z
    module = importlib.import_module(module_str),error,"{""level"":""error""}","{""project"":""586ae7c2-e5b4-48eb-a537-f49216717b2b"",""environment"":""497ce9b3-fb87-4b99-9cf7-6c7305d440e8"",""service"":""2f22293c-9116-4952-b24d-3937d322e2e1"",""deployment"":""704cae93-1883-49c0-86e2-2d8501274997"",""replica"":""d9785248-59d5-44a5-b319-189eccb33b49""}",2026-08-20T23:51:14.995353148Z
             ^^^^^^^^^^^^^^^^^^^^^^^^^^^^^^^^^^^,error,"{""level"":""error""}","{""project"":""586ae7c2-e5b4-48eb-a537-f49216717b2b"",""environment"":""497ce9b3-fb87-4b99-9cf7-6c7305d440e8"",""service"":""2f22293c-9116-4952-b24d-3937d322e2e1"",""deployment"":""704cae93-1883-49c0-86e2-2d8501274997"",""replica"":""d9785248-59d5-44a5-b319-189eccb33b49""}",2026-08-20T23:51:14.995503285Z
"  File ""/mise/installs/python/3.11.9/lib/python3.11/importlib/__init__.py"", line 126, in import_module",error,"{""level"":""error""}","{""project"":""586ae7c2-e5b4-48eb-a537-f49216717b2b"",""environment"":""497ce9b3-fb87-4b99-9cf7-6c7305d440e8"",""service"":""2f22293c-9116-4952-b24d-3937d322e2e1"",""deployment"":""704cae93-1883-49c0-86e2-2d8501274997"",""replica"":""d9785248-59d5-44a5-b319-189eccb33b49""}",2026-08-20T23:51:14.995511905Z
"    return _bootstrap._gcd_import(name[level:], package, level)",error,"{""level"":""error""}","{""project"":""586ae7c2-e5b4-48eb-a537-f49216717b2b"",""environment"":""497ce9b3-fb87-4b99-9cf7-6c7305d440e8"",""service"":""2f22293c-9116-4952-b24d-3937d322e2e1"",""deployment"":""704cae93-1883-49c0-86e2-2d8501274997"",""replica"":""d9785248-59d5-44a5-b319-189eccb33b49""}",2026-08-20T23:51:14.995517005Z
           ^^^^^^^^^^^^^^^^^^^^^^^^^^^^^^^^^^^^^^^^^^^^^^^^^^^^,error,"{""level"":""error""}","{""project"":""586ae7c2-e5b4-48eb-a537-f49216717b2b"",""environment"":""497ce9b3-fb87-4b99-9cf7-6c7305d440e8"",""service"":""2f22293c-9116-4952-b24d-3937d322e2e1"",""deployment"":""704cae93-1883-49c0-86e2-2d8501274997"",""replica"":""d9785248-59d5-44a5-b319-189eccb33b49""}",2026-08-20T23:51:14.995521455Z
"  File ""<frozen importlib._bootstrap>"", line 1204, in _gcd_import",error,"{""level"":""error""}","{""project"":""586ae7c2-e5b4-48eb-a537-f49216717b2b"",""environment"":""497ce9b3-fb87-4b99-9cf7-6c7305d440e8"",""service"":""2f22293c-9116-4952-b24d-3937d322e2e1"",""deployment"":""704cae93-1883-49c0-86e2-2d8501274997"",""replica"":""d9785248-59d5-44a5-b319-189eccb33b49""}",2026-08-20T23:51:14.995524995Z
"  File ""<frozen importlib._bootstrap>"", line 1176, in _find_and_load",error,"{""level"":""error""}","{""project"":""586ae7c2-e5b4-48eb-a537-f49216717b2b"",""environment"":""497ce9b3-fb87-4b99-9cf7-6c7305d440e8"",""service"":""2f22293c-9116-4952-b24d-3937d322e2e1"",""deployment"":""704cae93-1883-49c0-86e2-2d8501274997"",""replica"":""d9785248-59d5-44a5-b319-189eccb33b49""}",2026-08-20T23:51:14.995529484Z
"  File ""<frozen importlib._bootstrap>"", line 1147, in _find_and_load_unlocked",error,"{""level"":""error""}","{""project"":""586ae7c2-e5b4-48eb-a537-f49216717b2b"",""environment"":""497ce9b3-fb87-4b99-9cf7-6c7305d440e8"",""service"":""2f22293c-9116-4952-b24d-3937d322e2e1"",""deployment"":""704cae93-1883-49c0-86e2-2d8501274997"",""replica"":""d9785248-59d5-44a5-b319-189eccb33b49""}",2026-08-20T23:51:14.995532904Z
"  File ""<frozen importlib._bootstrap>"", line 690, in _load_unlocked",error,"{""level"":""error""}","{""project"":""586ae7c2-e5b4-48eb-a537-f49216717b2b"",""environment"":""497ce9b3-fb87-4b99-9cf7-6c7305d440e8"",""service"":""2f22293c-9116-4952-b24d-3937d322e2e1"",""deployment"":""704cae93-1883-49c0-86e2-2d8501274997"",""replica"":""d9785248-59d5-44a5-b319-189eccb33b49""}",2026-08-20T23:51:14.995536524Z
"  File ""<frozen importlib._bootstrap_external>"", line 940, in exec_module",error,"{""level"":""error""}","{""project"":""586ae7c2-e5b4-48eb-a537-f49216717b2b"",""environment"":""497ce9b3-fb87-4b99-9cf7-6c7305d440e8"",""service"":""2f22293c-9116-4952-b24d-3937d322e2e1"",""deployment"":""704cae93-1883-49c0-86e2-2d8501274997"",""replica"":""d9785248-59d5-44a5-b319-189eccb33b49""}",2026-08-20T23:51:14.995540194Z
"  File ""<frozen importlib._bootstrap>"", line 241, in _call_with_frames_removed",error,"{""level"":""error""}","{""project"":""586ae7c2-e5b4-48eb-a537-f49216717b2b"",""environment"":""497ce9b3-fb87-4b99-9cf7-6c7305d440e8"",""service"":""2f22293c-9116-4952-b24d-3937d322e2e1"",""deployment"":""704cae93-1883-49c0-86e2-2d8501274997"",""replica"":""d9785248-59d5-44a5-b319-189eccb33b49""}",2026-08-20T23:51:14.995544114Z
"  File ""/app/api/index.py"", line 7, in <module>",error,"{""level"":""error""}","{""project"":""586ae7c2-e5b4-48eb-a537-f49216717b2b"",""environment"":""497ce9b3-fb87-4b99-9cf7-6c7305d440e8"",""service"":""2f22293c-9116-4952-b24d-3937d322e2e1"",""deployment"":""704cae93-1883-49c0-86e2-2d8501274997"",""replica"":""d9785248-59d5-44a5-b319-189eccb33b49""}",2026-08-20T23:51:14.995547224Z
    from api.engines.news_engine import NewsEngine,error,"{""level"":""error""}","{""project"":""586ae7c2-e5b4-48eb-a537-f49216717b2b"",""environment"":""497ce9b3-fb87-4b99-9cf7-6c7305d440e8"",""service"":""2f22293c-9116-4952-b24d-3937d322e2e1"",""deployment"":""704cae93-1883-49c0-86e2-2d8501274997"",""replica"":""d9785248-59d5-44a5-b319-189eccb33b49""}",2026-08-20T23:51:14.995550294Z
"  File ""/app/api/engines/news_engine.py"", line 1, in <module>",error,"{""level"":""error""}","{""project"":""586ae7c2-e5b4-48eb-a537-f49216717b2b"",""environment"":""497ce9b3-fb87-4b99-9cf7-6c7305d440e8"",""service"":""2f22293c-9116-4952-b24d-3937d322e2e1"",""deployment"":""704cae93-1883-49c0-86e2-2d8501274997"",""replica"":""d9785248-59d5-44a5-b319-189eccb33b49""}",2026-08-20T23:51:14.995554704Z
    import httpx,error,"{""level"":""error""}","{""project"":""586ae7c2-e5b4-48eb-a537-f49216717b2b"",""environment"":""497ce9b3-fb87-4b99-9cf7-6c7305d440e8"",""service"":""2f22293c-9116-4952-b24d-3937d322e2e1"",""deployment"":""704cae93-1883-49c0-86e2-2d8501274997"",""replica"":""d9785248-59d5-44a5-b319-189eccb33b49""}",2026-08-20T23:51:14.995558034Z
ModuleNotFoundError: No module named 'httpx',error,"{""level"":""error""}","{""project"":""586ae7c2-e5b4-48eb-a537-f49216717b2b"",""environment"":""497ce9b3-fb87-4b99-9cf7-6c7305d440e8"",""service"":""2f22293c-9116-4952-b24d-3937d322e2e1"",""deployment"":""704cae93-1883-49c0-86e2-2d8501274997"",""replica"":""d9785248-59d5-44a5-b319-189eccb33b49""}",2026-08-20T23:51:14.995560974Z
         ^^^^^^^^^^^^^^^^,error,"{""level"":""error""}","{""project"":""586ae7c2-e5b4-48eb-a537-f49216717b2b"",""environment"":""497ce9b3-fb87-4b99-9cf7-6c7305d440e8"",""service"":""2f22293c-9116-4952-b24d-3937d322e2e1"",""deployment"":""704cae93-1883-49c0-86e2-2d8501274997"",""replica"":""d9785248-59d5-44a5-b319-189eccb33b49""}",2026-08-20T23:51:17.315329611Z
"  File ""/app/.venv/lib/python3.11/site-packages/click/core.py"", line 1353, in invoke",error,"{""level"":""error""}","{""project"":""586ae7c2-e5b4-48eb-a537-f49216717b2b"",""environment"":""497ce9b3-fb87-4b99-9cf7-6c7305d440e8"",""service"":""2f22293c-9116-4952-b24d-3937d322e2e1"",""deployment"":""704cae93-1883-49c0-86e2-2d8501274997"",""replica"":""d9785248-59d5-44a5-b319-189eccb33b49""}",2026-08-20T23:51:17.315335871Z
"    return ctx.invoke(self.callback, **ctx.params)",error,"{""level"":""error""}","{""project"":""586ae7c2-e5b4-48eb-a537-f49216717b2b"",""environment"":""497ce9b3-fb87-4b99-9cf7-6c7305d440e8"",""service"":""2f22293c-9116-4952-b24d-3937d322e2e1"",""deployment"":""704cae93-1883-49c0-86e2-2d8501274997"",""replica"":""d9785248-59d5-44a5-b319-189eccb33b49""}",2026-08-20T23:51:17.315339991Z
           ^^^^^^^^^^^^^^^^^^^^^^^^^^^^^^^^^^^^^^^,error,"{""level"":""error""}","{""project"":""586ae7c2-e5b4-48eb-a537-f49216717b2b"",""environment"":""497ce9b3-fb87-4b99-9cf7-6c7305d440e8"",""service"":""2f22293c-9116-4952-b24d-3937d322e2e1"",""deployment"":""704cae93-1883-49c0-86e2-2d8501274997"",""replica"":""d9785248-59d5-44a5-b319-189eccb33b49""}",2026-08-20T23:51:17.315343011Z
"  File ""/app/.venv/lib/python3.11/site-packages/click/core.py"", line 907, in invoke",error,"{""level"":""error""}","{""project"":""586ae7c2-e5b4-48eb-a537-f49216717b2b"",""environment"":""497ce9b3-fb87-4b99-9cf7-6c7305d440e8"",""service"":""2f22293c-9116-4952-b24d-3937d322e2e1"",""deployment"":""704cae93-1883-49c0-86e2-2d8501274997"",""replica"":""d9785248-59d5-44a5-b319-189eccb33b49""}",2026-08-20T23:51:17.315346711Z
"    return callback(*args, **kwargs)",error,"{""level"":""error""}","{""project"":""586ae7c2-e5b4-48eb-a537-f49216717b2b"",""environment"":""497ce9b3-fb87-4b99-9cf7-6c7305d440e8"",""service"":""2f22293c-9116-4952-b24d-3937d322e2e1"",""deployment"":""704cae93-1883-49c0-86e2-2d8501274997"",""replica"":""d9785248-59d5-44a5-b319-189eccb33b49""}",2026-08-20T23:51:17.315351421Z
Traceback (most recent call last):,error,"{""level"":""error""}","{""project"":""586ae7c2-e5b4-48eb-a537-f49216717b2b"",""environment"":""497ce9b3-fb87-4b99-9cf7-6c7305d440e8"",""service"":""2f22293c-9116-4952-b24d-3937d322e2e1"",""deployment"":""704cae93-1883-49c0-86e2-2d8501274997"",""replica"":""d9785248-59d5-44a5-b319-189eccb33b49""}",2026-08-20T23:51:17.315370210Z
"  File ""/app/.venv/bin/uvicorn"", line 8, in <module>",error,"{""level"":""error""}","{""project"":""586ae7c2-e5b4-48eb-a537-f49216717b2b"",""environment"":""497ce9b3-fb87-4b99-9cf7-6c7305d440e8"",""service"":""2f22293c-9116-4952-b24d-3937d322e2e1"",""deployment"":""704cae93-1883-49c0-86e2-2d8501274997"",""replica"":""d9785248-59d5-44a5-b319-189eccb33b49""}",2026-08-20T23:51:17.315381220Z
    sys.exit(main()),error,"{""level"":""error""}","{""project"":""586ae7c2-e5b4-48eb-a537-f49216717b2b"",""environment"":""497ce9b3-fb87-4b99-9cf7-6c7305d440e8"",""service"":""2f22293c-9116-4952-b24d-3937d322e2e1"",""deployment"":""704cae93-1883-49c0-86e2-2d8501274997"",""replica"":""d9785248-59d5-44a5-b319-189eccb33b49""}",2026-08-20T23:51:17.315385890Z
             ^^^^^^,error,"{""level"":""error""}","{""project"":""586ae7c2-e5b4-48eb-a537-f49216717b2b"",""environment"":""497ce9b3-fb87-4b99-9cf7-6c7305d440e8"",""service"":""2f22293c-9116-4952-b24d-3937d322e2e1"",""deployment"":""704cae93-1883-49c0-86e2-2d8501274997"",""replica"":""d9785248-59d5-44a5-b319-189eccb33b49""}",2026-08-20T23:51:17.315389720Z
"  File ""/app/.venv/lib/python3.11/site-packages/click/core.py"", line 1569, in __call__",error,"{""level"":""error""}","{""project"":""586ae7c2-e5b4-48eb-a537-f49216717b2b"",""environment"":""497ce9b3-fb87-4b99-9cf7-6c7305d440e8"",""service"":""2f22293c-9116-4952-b24d-3937d322e2e1"",""deployment"":""704cae93-1883-49c0-86e2-2d8501274997"",""replica"":""d9785248-59d5-44a5-b319-189eccb33b49""}",2026-08-20T23:51:17.315395760Z
"    return self.main(*args, **kwargs)",error,"{""level"":""error""}","{""project"":""586ae7c2-e5b4-48eb-a537-f49216717b2b"",""environment"":""497ce9b3-fb87-4b99-9cf7-6c7305d440e8"",""service"":""2f22293c-9116-4952-b24d-3937d322e2e1"",""deployment"":""704cae93-1883-49c0-86e2-2d8501274997"",""replica"":""d9785248-59d5-44a5-b319-189eccb33b49""}",2026-08-20T23:51:17.315401820Z
           ^^^^^^^^^^^^^^^^^^^^^^^^^^,error,"{""level"":""error""}","{""project"":""586ae7c2-e5b4-48eb-a537-f49216717b2b"",""environment"":""497ce9b3-fb87-4b99-9cf7-6c7305d440e8"",""service"":""2f22293c-9116-4952-b24d-3937d322e2e1"",""deployment"":""704cae93-1883-49c0-86e2-2d8501274997"",""replica"":""d9785248-59d5-44a5-b319-189eccb33b49""}",2026-08-20T23:51:17.315405240Z
"  File ""/app/.venv/lib/python3.11/site-packages/click/core.py"", line 1490, in main",error,"{""level"":""error""}","{""project"":""586ae7c2-e5b4-48eb-a537-f49216717b2b"",""environment"":""497ce9b3-fb87-4b99-9cf7-6c7305d440e8"",""service"":""2f22293c-9116-4952-b24d-3937d322e2e1"",""deployment"":""704cae93-1883-49c0-86e2-2d8501274997"",""replica"":""d9785248-59d5-44a5-b319-189eccb33b49""}",2026-08-20T23:51:17.315408209Z
    rv = self.invoke(ctx),error,"{""level"":""error""}","{""project"":""586ae7c2-e5b4-48eb-a537-f49216717b2b"",""environment"":""497ce9b3-fb87-4b99-9cf7-6c7305d440e8"",""service"":""2f22293c-9116-4952-b24d-3937d322e2e1"",""deployment"":""704cae93-1883-49c0-86e2-2d8501274997"",""replica"":""d9785248-59d5-44a5-b319-189eccb33b49""}",2026-08-20T23:51:17.315412819Z
           ^^^^^^^^^^^^^^^^^^^^^^^^^,error,"{""level"":""error""}","{""project"":""586ae7c2-e5b4-48eb-a537-f49216717b2b"",""environment"":""497ce9b3-fb87-4b99-9cf7-6c7305d440e8"",""service"":""2f22293c-9116-4952-b24d-3937d322e2e1"",""deployment"":""704cae93-1883-49c0-86e2-2d8501274997"",""replica"":""d9785248-59d5-44a5-b319-189eccb33b49""}",2026-08-20T23:51:17.315767363Z
"  File ""/app/.venv/lib/python3.11/site-packages/uvicorn/main.py"", line 440, in main",error,"{""level"":""error""}","{""project"":""586ae7c2-e5b4-48eb-a537-f49216717b2b"",""environment"":""497ce9b3-fb87-4b99-9cf7-6c7305d440e8"",""service"":""2f22293c-9116-4952-b24d-3937d322e2e1"",""deployment"":""704cae93-1883-49c0-86e2-2d8501274997"",""replica"":""d9785248-59d5-44a5-b319-189eccb33b49""}",2026-08-20T23:51:17.315770363Z
    run(,error,"{""level"":""error""}","{""project"":""586ae7c2-e5b4-48eb-a537-f49216717b2b"",""environment"":""497ce9b3-fb87-4b99-9cf7-6c7305d440e8"",""service"":""2f22293c-9116-4952-b24d-3937d322e2e1"",""deployment"":""704cae93-1883-49c0-86e2-2d8501274997"",""replica"":""d9785248-59d5-44a5-b319-189eccb33b49""}",2026-08-20T23:51:17.315772723Z
"  File ""/app/.venv/lib/python3.11/site-packages/uvicorn/main.py"", line 609, in run",error,"{""level"":""error""}","{""project"":""586ae7c2-e5b4-48eb-a537-f49216717b2b"",""environment"":""497ce9b3-fb87-4b99-9cf7-6c7305d440e8"",""service"":""2f22293c-9116-4952-b24d-3937d322e2e1"",""deployment"":""704cae93-1883-49c0-86e2-2d8501274997"",""replica"":""d9785248-59d5-44a5-b319-189eccb33b49""}",2026-08-20T23:51:17.315775483Z
    config.load_app(),error,"{""level"":""error""}","{""project"":""586ae7c2-e5b4-48eb-a537-f49216717b2b"",""environment"":""497ce9b3-fb87-4b99-9cf7-6c7305d440e8"",""service"":""2f22293c-9116-4952-b24d-3937d322e2e1"",""deployment"":""704cae93-1883-49c0-86e2-2d8501274997"",""replica"":""d9785248-59d5-44a5-b319-189eccb33b49""}",2026-08-20T23:51:17.315777943Z
"  File ""/app/.venv/lib/python3.11/site-packages/uvicorn/config.py"", line 428, in load_app",error,"{""level"":""error""}","{""project"":""586ae7c2-e5b4-48eb-a537-f49216717b2b"",""environment"":""497ce9b3-fb87-4b99-9cf7-6c7305d440e8"",""service"":""2f22293c-9116-4952-b24d-3937d322e2e1"",""deployment"":""704cae93-1883-49c0-86e2-2d8501274997"",""replica"":""d9785248-59d5-44a5-b319-189eccb33b49""}",2026-08-20T23:51:17.315780792Z
    return import_from_string(self.app),error,"{""level"":""error""}","{""project"":""586ae7c2-e5b4-48eb-a537-f49216717b2b"",""environment"":""497ce9b3-fb87-4b99-9cf7-6c7305d440e8"",""service"":""2f22293c-9116-4952-b24d-3937d322e2e1"",""deployment"":""704cae93-1883-49c0-86e2-2d8501274997"",""replica"":""d9785248-59d5-44a5-b319-189eccb33b49""}",2026-08-20T23:51:17.315783572Z
           ^^^^^^^^^^^^^^^^^^^^^^^^^^^^,error,"{""level"":""error""}","{""project"":""586ae7c2-e5b4-48eb-a537-f49216717b2b"",""environment"":""497ce9b3-fb87-4b99-9cf7-6c7305d440e8"",""service"":""2f22293c-9116-4952-b24d-3937d322e2e1"",""deployment"":""704cae93-1883-49c0-86e2-2d8501274997"",""replica"":""d9785248-59d5-44a5-b319-189eccb33b49""}",2026-08-20T23:51:17.315786812Z
"  File ""/app/.venv/lib/python3.11/site-packages/uvicorn/importer.py"", line 22, in import_from_string",error,"{""level"":""error""}","{""project"":""586ae7c2-e5b4-48eb-a537-f49216717b2b"",""environment"":""497ce9b3-fb87-4b99-9cf7-6c7305d440e8"",""service"":""2f22293c-9116-4952-b24d-3937d322e2e1"",""deployment"":""704cae93-1883-49c0-86e2-2d8501274997"",""replica"":""d9785248-59d5-44a5-b319-189eccb33b49""}",2026-08-20T23:51:17.315789542Z
    raise exc from None,error,"{""level"":""error""}","{""project"":""586ae7c2-e5b4-48eb-a537-f49216717b2b"",""environment"":""497ce9b3-fb87-4b99-9cf7-6c7305d440e8"",""service"":""2f22293c-9116-4952-b24d-3937d322e2e1"",""deployment"":""704cae93-1883-49c0-86e2-2d8501274997"",""replica"":""d9785248-59d5-44a5-b319-189eccb33b49""}",2026-08-20T23:51:17.315791822Z
"  File ""/app/.venv/lib/python3.11/site-packages/uvicorn/importer.py"", line 19, in import_from_string",error,"{""level"":""error""}","{""project"":""586ae7c2-e5b4-48eb-a537-f49216717b2b"",""environment"":""497ce9b3-fb87-4b99-9cf7-6c7305d440e8"",""service"":""2f22293c-9116-4952-b24d-3937d322e2e1"",""deployment"":""704cae93-1883-49c0-86e2-2d8501274997"",""replica"":""d9785248-59d5-44a5-b319-189eccb33b49""}",2026-08-20T23:51:17.315794212Z
    module = importlib.import_module(module_str),error,"{""level"":""error""}","{""project"":""586ae7c2-e5b4-48eb-a537-f49216717b2b"",""environment"":""497ce9b3-fb87-4b99-9cf7-6c7305d440e8"",""service"":""2f22293c-9116-4952-b24d-3937d322e2e1"",""deployment"":""704cae93-1883-49c0-86e2-2d8501274997"",""replica"":""d9785248-59d5-44a5-b319-189eccb33b49""}",2026-08-20T23:51:17.315796792Z
             ^^^^^^^^^^^^^^^^^^^^^^^^^^^^^^^^^^^,error,"{""level"":""error""}","{""project"":""586ae7c2-e5b4-48eb-a537-f49216717b2b"",""environment"":""497ce9b3-fb87-4b99-9cf7-6c7305d440e8"",""service"":""2f22293c-9116-4952-b24d-3937d322e2e1"",""deployment"":""704cae93-1883-49c0-86e2-2d8501274997"",""replica"":""d9785248-59d5-44a5-b319-189eccb33b49""}",2026-08-20T23:51:17.315799182Z
"  File ""/mise/installs/python/3.11.9/lib/python3.11/importlib/__init__.py"", line 126, in import_module",error,"{""level"":""error""}","{""project"":""586ae7c2-e5b4-48eb-a537-f49216717b2b"",""environment"":""497ce9b3-fb87-4b99-9cf7-6c7305d440e8"",""service"":""2f22293c-9116-4952-b24d-3937d322e2e1"",""deployment"":""704cae93-1883-49c0-86e2-2d8501274997"",""replica"":""d9785248-59d5-44a5-b319-189eccb33b49""}",2026-08-20T23:51:17.315801892Z
"    return _bootstrap._gcd_import(name[level:], package, level)",error,"{""level"":""error""}","{""project"":""586ae7c2-e5b4-48eb-a537-f49216717b2b"",""environment"":""497ce9b3-fb87-4b99-9cf7-6c7305d440e8"",""service"":""2f22293c-9116-4952-b24d-3937d322e2e1"",""deployment"":""704cae93-1883-49c0-86e2-2d8501274997"",""replica"":""d9785248-59d5-44a5-b319-189eccb33b49""}",2026-08-20T23:51:17.315804912Z
           ^^^^^^^^^^^^^^^^^^^^^^^^^^^^^^^^^^^^^^^^^^^^^^^^^^^^,error,"{""level"":""error""}","{""project"":""586ae7c2-e5b4-48eb-a537-f49216717b2b"",""environment"":""497ce9b3-fb87-4b99-9cf7-6c7305d440e8"",""service"":""2f22293c-9116-4952-b24d-3937d322e2e1"",""deployment"":""704cae93-1883-49c0-86e2-2d8501274997"",""replica"":""d9785248-59d5-44a5-b319-189eccb33b49""}",2026-08-20T23:51:17.316501820Z
"  File ""<frozen importlib._bootstrap>"", line 1204, in _gcd_import",error,"{""level"":""error""}","{""project"":""586ae7c2-e5b4-48eb-a537-f49216717b2b"",""environment"":""497ce9b3-fb87-4b99-9cf7-6c7305d440e8"",""service"":""2f22293c-9116-4952-b24d-3937d322e2e1"",""deployment"":""704cae93-1883-49c0-86e2-2d8501274997"",""replica"":""d9785248-59d5-44a5-b319-189eccb33b49""}",2026-08-20T23:51:17.316505020Z
"  File ""<frozen importlib._bootstrap>"", line 1176, in _find_and_load",error,"{""level"":""error""}","{""project"":""586ae7c2-e5b4-48eb-a537-f49216717b2b"",""environment"":""497ce9b3-fb87-4b99-9cf7-6c7305d440e8"",""service"":""2f22293c-9116-4952-b24d-3937d322e2e1"",""deployment"":""704cae93-1883-49c0-86e2-2d8501274997"",""replica"":""d9785248-59d5-44a5-b319-189eccb33b49""}",2026-08-20T23:51:17.316508290Z
"  File ""<frozen importlib._bootstrap>"", line 1147, in _find_and_load_unlocked",error,"{""level"":""error""}","{""project"":""586ae7c2-e5b4-48eb-a537-f49216717b2b"",""environment"":""497ce9b3-fb87-4b99-9cf7-6c7305d440e8"",""service"":""2f22293c-9116-4952-b24d-3937d322e2e1"",""deployment"":""704cae93-1883-49c0-86e2-2d8501274997"",""replica"":""d9785248-59d5-44a5-b319-189eccb33b49""}",2026-08-20T23:51:17.316510980Z
"  File ""<frozen importlib._bootstrap>"", line 690, in _load_unlocked",error,"{""level"":""error""}","{""project"":""586ae7c2-e5b4-48eb-a537-f49216717b2b"",""environment"":""497ce9b3-fb87-4b99-9cf7-6c7305d440e8"",""service"":""2f22293c-9116-4952-b24d-3937d322e2e1"",""deployment"":""704cae93-1883-49c0-86e2-2d8501274997"",""replica"":""d9785248-59d5-44a5-b319-189eccb33b49""}",2026-08-20T23:51:17.316513720Z
"  File ""<frozen importlib._bootstrap_external>"", line 940, in exec_module",error,"{""level"":""error""}","{""project"":""586ae7c2-e5b4-48eb-a537-f49216717b2b"",""environment"":""497ce9b3-fb87-4b99-9cf7-6c7305d440e8"",""service"":""2f22293c-9116-4952-b24d-3937d322e2e1"",""deployment"":""704cae93-1883-49c0-86e2-2d8501274997"",""replica"":""d9785248-59d5-44a5-b319-189eccb33b49""}",2026-08-20T23:51:17.316516410Z
"  File ""<frozen importlib._bootstrap>"", line 241, in _call_with_frames_removed",error,"{""level"":""error""}","{""project"":""586ae7c2-e5b4-48eb-a537-f49216717b2b"",""environment"":""497ce9b3-fb87-4b99-9cf7-6c7305d440e8"",""service"":""2f22293c-9116-4952-b24d-3937d322e2e1"",""deployment"":""704cae93-1883-49c0-86e2-2d8501274997"",""replica"":""d9785248-59d5-44a5-b319-189eccb33b49""}",2026-08-20T23:51:17.316518730Z
"  File ""/app/api/index.py"", line 7, in <module>",error,"{""level"":""error""}","{""project"":""586ae7c2-e5b4-48eb-a537-f49216717b2b"",""environment"":""497ce9b3-fb87-4b99-9cf7-6c7305d440e8"",""service"":""2f22293c-9116-4952-b24d-3937d322e2e1"",""deployment"":""704cae93-1883-49c0-86e2-2d8501274997"",""replica"":""d9785248-59d5-44a5-b319-189eccb33b49""}",2026-08-20T23:51:17.316521360Z
    from api.engines.news_engine import NewsEngine,error,"{""level"":""error""}","{""project"":""586ae7c2-e5b4-48eb-a537-f49216717b2b"",""environment"":""497ce9b3-fb87-4b99-9cf7-6c7305d440e8"",""service"":""2f22293c-9116-4952-b24d-3937d322e2e1"",""deployment"":""704cae93-1883-49c0-86e2-2d8501274997"",""replica"":""d9785248-59d5-44a5-b319-189eccb33b49""}",2026-08-20T23:51:17.316524240Z
"  File ""/app/api/engines/news_engine.py"", line 1, in <module>",error,"{""level"":""error""}","{""project"":""586ae7c2-e5b4-48eb-a537-f49216717b2b"",""environment"":""497ce9b3-fb87-4b99-9cf7-6c7305d440e8"",""service"":""2f22293c-9116-4952-b24d-3937d322e2e1"",""deployment"":""704cae93-1883-49c0-86e2-2d8501274997"",""replica"":""d9785248-59d5-44a5-b319-189eccb33b49""}",2026-08-20T23:51:17.316526930Z
    import httpx,error,"{""level"":""error""}","{""project"":""586ae7c2-e5b4-48eb-a537-f49216717b2b"",""environment"":""497ce9b3-fb87-4b99-9cf7-6c7305d440e8"",""service"":""2f22293c-9116-4952-b24d-3937d322e2e1"",""deployment"":""704cae93-1883-49c0-86e2-2d8501274997"",""replica"":""d9785248-59d5-44a5-b319-189eccb33b49""}",2026-08-20T23:51:17.316529479Z
ModuleNotFoundError: No module named 'httpx',error,"{""level"":""error""}","{""project"":""586ae7c2-e5b4-48eb-a537-f49216717b2b"",""environment"":""497ce9b3-fb87-4b99-9cf7-6c7305d440e8"",""service"":""2f22293c-9116-4952-b24d-3937d322e2e1"",""deployment"":""704cae93-1883-49c0-86e2-2d8501274997"",""replica"":""d9785248-59d5-44a5-b319-189eccb33b49""}",2026-08-20T23:51:17.316532299Z
Traceback (most recent call last):,error,"{""level"":""error""}","{""project"":""586ae7c2-e5b4-48eb-a537-f49216717b2b"",""environment"":""497ce9b3-fb87-4b99-9cf7-6c7305d440e8"",""service"":""2f22293c-9116-4952-b24d-3937d322e2e1"",""deployment"":""704cae93-1883-49c0-86e2-2d8501274997"",""replica"":""d9785248-59d5-44a5-b319-189eccb33b49""}",2026-08-20T23:51:19.362629996Z
"  File ""/app/.venv/bin/uvicorn"", line 8, in <module>",error,"{""level"":""error""}","{""project"":""586ae7c2-e5b4-48eb-a537-f49216717b2b"",""environment"":""497ce9b3-fb87-4b99-9cf7-6c7305d440e8"",""service"":""2f22293c-9116-4952-b24d-3937d322e2e1"",""deployment"":""704cae93-1883-49c0-86e2-2d8501274997"",""replica"":""d9785248-59d5-44a5-b319-189eccb33b49""}",2026-08-20T23:51:19.362638266Z
    sys.exit(main()),error,"{""level"":""error""}","{""project"":""586ae7c2-e5b4-48eb-a537-f49216717b2b"",""environment"":""497ce9b3-fb87-4b99-9cf7-6c7305d440e8"",""service"":""2f22293c-9116-4952-b24d-3937d322e2e1"",""deployment"":""704cae93-1883-49c0-86e2-2d8501274997"",""replica"":""d9785248-59d5-44a5-b319-189eccb33b49""}",2026-08-20T23:51:19.362645176Z
             ^^^^^^,error,"{""level"":""error""}","{""project"":""586ae7c2-e5b4-48eb-a537-f49216717b2b"",""environment"":""497ce9b3-fb87-4b99-9cf7-6c7305d440e8"",""service"":""2f22293c-9116-4952-b24d-3937d322e2e1"",""deployment"":""704cae93-1883-49c0-86e2-2d8501274997"",""replica"":""d9785248-59d5-44a5-b319-189eccb33b49""}",2026-08-20T23:51:19.362649076Z
"  File ""/app/.venv/lib/python3.11/site-packages/click/core.py"", line 1569, in __call__",error,"{""level"":""error""}","{""project"":""586ae7c2-e5b4-48eb-a537-f49216717b2b"",""environment"":""497ce9b3-fb87-4b99-9cf7-6c7305d440e8"",""service"":""2f22293c-9116-4952-b24d-3937d322e2e1"",""deployment"":""704cae93-1883-49c0-86e2-2d8501274997"",""replica"":""d9785248-59d5-44a5-b319-189eccb33b49""}",2026-08-20T23:51:19.362652795Z
"    return self.main(*args, **kwargs)",error,"{""level"":""error""}","{""project"":""586ae7c2-e5b4-48eb-a537-f49216717b2b"",""environment"":""497ce9b3-fb87-4b99-9cf7-6c7305d440e8"",""service"":""2f22293c-9116-4952-b24d-3937d322e2e1"",""deployment"":""704cae93-1883-49c0-86e2-2d8501274997"",""replica"":""d9785248-59d5-44a5-b319-189eccb33b49""}",2026-08-20T23:51:19.362656405Z
           ^^^^^^^^^^^^^^^^^^^^^^^^^^,error,"{""level"":""error""}","{""project"":""586ae7c2-e5b4-48eb-a537-f49216717b2b"",""environment"":""497ce9b3-fb87-4b99-9cf7-6c7305d440e8"",""service"":""2f22293c-9116-4952-b24d-3937d322e2e1"",""deployment"":""704cae93-1883-49c0-86e2-2d8501274997"",""replica"":""d9785248-59d5-44a5-b319-189eccb33b49""}",2026-08-20T23:51:19.362659975Z
"  File ""/app/.venv/lib/python3.11/site-packages/click/core.py"", line 1490, in main",error,"{""level"":""error""}","{""project"":""586ae7c2-e5b4-48eb-a537-f49216717b2b"",""environment"":""497ce9b3-fb87-4b99-9cf7-6c7305d440e8"",""service"":""2f22293c-9116-4952-b24d-3937d322e2e1"",""deployment"":""704cae93-1883-49c0-86e2-2d8501274997"",""replica"":""d9785248-59d5-44a5-b319-189eccb33b49""}",2026-08-20T23:51:19.362663565Z
    rv = self.invoke(ctx),error,"{""level"":""error""}","{""project"":""586ae7c2-e5b4-48eb-a537-f49216717b2b"",""environment"":""497ce9b3-fb87-4b99-9cf7-6c7305d440e8"",""service"":""2f22293c-9116-4952-b24d-3937d322e2e1"",""deployment"":""704cae93-1883-49c0-86e2-2d8501274997"",""replica"":""d9785248-59d5-44a5-b319-189eccb33b49""}",2026-08-20T23:51:19.362668165Z
         ^^^^^^^^^^^^^^^^,error,"{""level"":""error""}","{""project"":""586ae7c2-e5b4-48eb-a537-f49216717b2b"",""environment"":""497ce9b3-fb87-4b99-9cf7-6c7305d440e8"",""service"":""2f22293c-9116-4952-b24d-3937d322e2e1"",""deployment"":""704cae93-1883-49c0-86e2-2d8501274997"",""replica"":""d9785248-59d5-44a5-b319-189eccb33b49""}",2026-08-20T23:51:19.362672005Z
"  File ""/app/.venv/lib/python3.11/site-packages/click/core.py"", line 1353, in invoke",error,"{""level"":""error""}","{""project"":""586ae7c2-e5b4-48eb-a537-f49216717b2b"",""environment"":""497ce9b3-fb87-4b99-9cf7-6c7305d440e8"",""service"":""2f22293c-9116-4952-b24d-3937d322e2e1"",""deployment"":""704cae93-1883-49c0-86e2-2d8501274997"",""replica"":""d9785248-59d5-44a5-b319-189eccb33b49""}",2026-08-20T23:51:19.362675365Z
"    return ctx.invoke(self.callback, **ctx.params)",error,"{""level"":""error""}","{""project"":""586ae7c2-e5b4-48eb-a537-f49216717b2b"",""environment"":""497ce9b3-fb87-4b99-9cf7-6c7305d440e8"",""service"":""2f22293c-9116-4952-b24d-3937d322e2e1"",""deployment"":""704cae93-1883-49c0-86e2-2d8501274997"",""replica"":""d9785248-59d5-44a5-b319-189eccb33b49""}",2026-08-20T23:51:19.362678635Z
           ^^^^^^^^^^^^^^^^^^^^^^^^^^^^^^^^^^^^^^^,error,"{""level"":""error""}","{""project"":""586ae7c2-e5b4-48eb-a537-f49216717b2b"",""environment"":""497ce9b3-fb87-4b99-9cf7-6c7305d440e8"",""service"":""2f22293c-9116-4952-b24d-3937d322e2e1"",""deployment"":""704cae93-1883-49c0-86e2-2d8501274997"",""replica"":""d9785248-59d5-44a5-b319-189eccb33b49""}",2026-08-20T23:51:19.362682275Z
"  File ""/app/.venv/lib/python3.11/site-packages/click/core.py"", line 907, in invoke",error,"{""level"":""error""}","{""project"":""586ae7c2-e5b4-48eb-a537-f49216717b2b"",""environment"":""497ce9b3-fb87-4b99-9cf7-6c7305d440e8"",""service"":""2f22293c-9116-4952-b24d-3937d322e2e1"",""deployment"":""704cae93-1883-49c0-86e2-2d8501274997"",""replica"":""d9785248-59d5-44a5-b319-189eccb33b49""}",2026-08-20T23:51:19.362685455Z
"    return callback(*args, **kwargs)",error,"{""level"":""error""}","{""project"":""586ae7c2-e5b4-48eb-a537-f49216717b2b"",""environment"":""497ce9b3-fb87-4b99-9cf7-6c7305d440e8"",""service"":""2f22293c-9116-4952-b24d-3937d322e2e1"",""deployment"":""704cae93-1883-49c0-86e2-2d8501274997"",""replica"":""d9785248-59d5-44a5-b319-189eccb33b49""}",2026-08-20T23:51:19.362688465Z
           ^^^^^^^^^^^^^^^^^^^^^^^^^,error,"{""level"":""error""}","{""project"":""586ae7c2-e5b4-48eb-a537-f49216717b2b"",""environment"":""497ce9b3-fb87-4b99-9cf7-6c7305d440e8"",""service"":""2f22293c-9116-4952-b24d-3937d322e2e1"",""deployment"":""704cae93-1883-49c0-86e2-2d8501274997"",""replica"":""d9785248-59d5-44a5-b319-189eccb33b49""}",2026-08-20T23:51:19.362692845Z
"  File ""/app/.venv/lib/python3.11/site-packages/uvicorn/main.py"", line 440, in main",error,"{""level"":""error""}","{""project"":""586ae7c2-e5b4-48eb-a537-f49216717b2b"",""environment"":""497ce9b3-fb87-4b99-9cf7-6c7305d440e8"",""service"":""2f22293c-9116-4952-b24d-3937d322e2e1"",""deployment"":""704cae93-1883-49c0-86e2-2d8501274997"",""replica"":""d9785248-59d5-44a5-b319-189eccb33b49""}",2026-08-20T23:51:19.362695755Z
    run(,error,"{""level"":""error""}","{""project"":""586ae7c2-e5b4-48eb-a537-f49216717b2b"",""environment"":""497ce9b3-fb87-4b99-9cf7-6c7305d440e8"",""service"":""2f22293c-9116-4952-b24d-3937d322e2e1"",""deployment"":""704cae93-1883-49c0-86e2-2d8501274997"",""replica"":""d9785248-59d5-44a5-b319-189eccb33b49""}",2026-08-20T23:51:19.362699215Z
"  File ""/app/.venv/lib/python3.11/site-packages/uvicorn/main.py"", line 609, in run",error,"{""level"":""error""}","{""project"":""586ae7c2-e5b4-48eb-a537-f49216717b2b"",""environment"":""497ce9b3-fb87-4b99-9cf7-6c7305d440e8"",""service"":""2f22293c-9116-4952-b24d-3937d322e2e1"",""deployment"":""704cae93-1883-49c0-86e2-2d8501274997"",""replica"":""d9785248-59d5-44a5-b319-189eccb33b49""}",2026-08-20T23:51:19.362702655Z
    config.load_app(),error,"{""level"":""error""}","{""project"":""586ae7c2-e5b4-48eb-a537-f49216717b2b"",""environment"":""497ce9b3-fb87-4b99-9cf7-6c7305d440e8"",""service"":""2f22293c-9116-4952-b24d-3937d322e2e1"",""deployment"":""704cae93-1883-49c0-86e2-2d8501274997"",""replica"":""d9785248-59d5-44a5-b319-189eccb33b49""}",2026-08-20T23:51:19.364253567Z
"  File ""/app/.venv/lib/python3.11/site-packages/uvicorn/config.py"", line 428, in load_app",error,"{""level"":""error""}","{""project"":""586ae7c2-e5b4-48eb-a537-f49216717b2b"",""environment"":""497ce9b3-fb87-4b99-9cf7-6c7305d440e8"",""service"":""2f22293c-9116-4952-b24d-3937d322e2e1"",""deployment"":""704cae93-1883-49c0-86e2-2d8501274997"",""replica"":""d9785248-59d5-44a5-b319-189eccb33b49""}",2026-08-20T23:51:19.364260366Z
    return import_from_string(self.app),error,"{""level"":""error""}","{""project"":""586ae7c2-e5b4-48eb-a537-f49216717b2b"",""environment"":""497ce9b3-fb87-4b99-9cf7-6c7305d440e8"",""service"":""2f22293c-9116-4952-b24d-3937d322e2e1"",""deployment"":""704cae93-1883-49c0-86e2-2d8501274997"",""replica"":""d9785248-59d5-44a5-b319-189eccb33b49""}",2026-08-20T23:51:19.364265526Z
           ^^^^^^^^^^^^^^^^^^^^^^^^^^^^,error,"{""level"":""error""}","{""project"":""586ae7c2-e5b4-48eb-a537-f49216717b2b"",""environment"":""497ce9b3-fb87-4b99-9cf7-6c7305d440e8"",""service"":""2f22293c-9116-4952-b24d-3937d322e2e1"",""deployment"":""704cae93-1883-49c0-86e2-2d8501274997"",""replica"":""d9785248-59d5-44a5-b319-189eccb33b49""}",2026-08-20T23:51:19.364269396Z
"  File ""/app/.venv/lib/python3.11/site-packages/uvicorn/importer.py"", line 22, in import_from_string",error,"{""level"":""error""}","{""project"":""586ae7c2-e5b4-48eb-a537-f49216717b2b"",""environment"":""497ce9b3-fb87-4b99-9cf7-6c7305d440e8"",""service"":""2f22293c-9116-4952-b24d-3937d322e2e1"",""deployment"":""704cae93-1883-49c0-86e2-2d8501274997"",""replica"":""d9785248-59d5-44a5-b319-189eccb33b49""}",2026-08-20T23:51:19.364273686Z
    raise exc from None,error,"{""level"":""error""}","{""project"":""586ae7c2-e5b4-48eb-a537-f49216717b2b"",""environment"":""497ce9b3-fb87-4b99-9cf7-6c7305d440e8"",""service"":""2f22293c-9116-4952-b24d-3937d322e2e1"",""deployment"":""704cae93-1883-49c0-86e2-2d8501274997"",""replica"":""d9785248-59d5-44a5-b319-189eccb33b49""}",2026-08-20T23:51:19.364277796Z
"  File ""/app/.venv/lib/python3.11/site-packages/uvicorn/importer.py"", line 19, in import_from_string",error,"{""level"":""error""}","{""project"":""586ae7c2-e5b4-48eb-a537-f49216717b2b"",""environment"":""497ce9b3-fb87-4b99-9cf7-6c7305d440e8"",""service"":""2f22293c-9116-4952-b24d-3937d322e2e1"",""deployment"":""704cae93-1883-49c0-86e2-2d8501274997"",""replica"":""d9785248-59d5-44a5-b319-189eccb33b49""}",2026-08-20T23:51:19.364281706Z
    module = importlib.import_module(module_str),error,"{""level"":""error""}","{""project"":""586ae7c2-e5b4-48eb-a537-f49216717b2b"",""environment"":""497ce9b3-fb87-4b99-9cf7-6c7305d440e8"",""service"":""2f22293c-9116-4952-b24d-3937d322e2e1"",""deployment"":""704cae93-1883-49c0-86e2-2d8501274997"",""replica"":""d9785248-59d5-44a5-b319-189eccb33b49""}",2026-08-20T23:51:19.364285546Z
             ^^^^^^^^^^^^^^^^^^^^^^^^^^^^^^^^^^^,error,"{""level"":""error""}","{""project"":""586ae7c2-e5b4-48eb-a537-f49216717b2b"",""environment"":""497ce9b3-fb87-4b99-9cf7-6c7305d440e8"",""service"":""2f22293c-9116-4952-b24d-3937d322e2e1"",""deployment"":""704cae93-1883-49c0-86e2-2d8501274997"",""replica"":""d9785248-59d5-44a5-b319-189eccb33b49""}",2026-08-20T23:51:19.364289136Z
"  File ""/mise/installs/python/3.11.9/lib/python3.11/importlib/__init__.py"", line 126, in import_module",error,"{""level"":""error""}","{""project"":""586ae7c2-e5b4-48eb-a537-f49216717b2b"",""environment"":""497ce9b3-fb87-4b99-9cf7-6c7305d440e8"",""service"":""2f22293c-9116-4952-b24d-3937d322e2e1"",""deployment"":""704cae93-1883-49c0-86e2-2d8501274997"",""replica"":""d9785248-59d5-44a5-b319-189eccb33b49""}",2026-08-20T23:51:19.364294426Z
"    return _bootstrap._gcd_import(name[level:], package, level)",error,"{""level"":""error""}","{""project"":""586ae7c2-e5b4-48eb-a537-f49216717b2b"",""environment"":""497ce9b3-fb87-4b99-9cf7-6c7305d440e8"",""service"":""2f22293c-9116-4952-b24d-3937d322e2e1"",""deployment"":""704cae93-1883-49c0-86e2-2d8501274997"",""replica"":""d9785248-59d5-44a5-b319-189eccb33b49""}",2026-08-20T23:51:19.364298396Z
           ^^^^^^^^^^^^^^^^^^^^^^^^^^^^^^^^^^^^^^^^^^^^^^^^^^^^,error,"{""level"":""error""}","{""project"":""586ae7c2-e5b4-48eb-a537-f49216717b2b"",""environment"":""497ce9b3-fb87-4b99-9cf7-6c7305d440e8"",""service"":""2f22293c-9116-4952-b24d-3937d322e2e1"",""deployment"":""704cae93-1883-49c0-86e2-2d8501274997"",""replica"":""d9785248-59d5-44a5-b319-189eccb33b49""}",2026-08-20T23:51:19.364302106Z
"  File ""<frozen importlib._bootstrap>"", line 1204, in _gcd_import",error,"{""level"":""error""}","{""project"":""586ae7c2-e5b4-48eb-a537-f49216717b2b"",""environment"":""497ce9b3-fb87-4b99-9cf7-6c7305d440e8"",""service"":""2f22293c-9116-4952-b24d-3937d322e2e1"",""deployment"":""704cae93-1883-49c0-86e2-2d8501274997"",""replica"":""d9785248-59d5-44a5-b319-189eccb33b49""}",2026-08-20T23:51:19.364306026Z
"  File ""<frozen importlib._bootstrap>"", line 1176, in _find_and_load",error,"{""level"":""error""}","{""project"":""586ae7c2-e5b4-48eb-a537-f49216717b2b"",""environment"":""497ce9b3-fb87-4b99-9cf7-6c7305d440e8"",""service"":""2f22293c-9116-4952-b24d-3937d322e2e1"",""deployment"":""704cae93-1883-49c0-86e2-2d8501274997"",""replica"":""d9785248-59d5-44a5-b319-189eccb33b49""}",2026-08-20T23:51:19.364309725Z
"  File ""<frozen importlib._bootstrap>"", line 1147, in _find_and_load_unlocked",error,"{""level"":""error""}","{""project"":""586ae7c2-e5b4-48eb-a537-f49216717b2b"",""environment"":""497ce9b3-fb87-4b99-9cf7-6c7305d440e8"",""service"":""2f22293c-9116-4952-b24d-3937d322e2e1"",""deployment"":""704cae93-1883-49c0-86e2-2d8501274997"",""replica"":""d9785248-59d5-44a5-b319-189eccb33b49""}",2026-08-20T23:51:19.364313315Z
"  File ""<frozen importlib._bootstrap>"", line 690, in _load_unlocked",error,"{""level"":""error""}","{""project"":""586ae7c2-e5b4-48eb-a537-f49216717b2b"",""environment"":""497ce9b3-fb87-4b99-9cf7-6c7305d440e8"",""service"":""2f22293c-9116-4952-b24d-3937d322e2e1"",""deployment"":""704cae93-1883-49c0-86e2-2d8501274997"",""replica"":""d9785248-59d5-44a5-b319-189eccb33b49""}",2026-08-20T23:51:19.364532611Z
"  File ""<frozen importlib._bootstrap_external>"", line 940, in exec_module",error,"{""level"":""error""}","{""project"":""586ae7c2-e5b4-48eb-a537-f49216717b2b"",""environment"":""497ce9b3-fb87-4b99-9cf7-6c7305d440e8"",""service"":""2f22293c-9116-4952-b24d-3937d322e2e1"",""deployment"":""704cae93-1883-49c0-86e2-2d8501274997"",""replica"":""d9785248-59d5-44a5-b319-189eccb33b49""}",2026-08-20T23:51:19.364537641Z
"  File ""<frozen importlib._bootstrap>"", line 241, in _call_with_frames_removed",error,"{""level"":""error""}","{""project"":""586ae7c2-e5b4-48eb-a537-f49216717b2b"",""environment"":""497ce9b3-fb87-4b99-9cf7-6c7305d440e8"",""service"":""2f22293c-9116-4952-b24d-3937d322e2e1"",""deployment"":""704cae93-1883-49c0-86e2-2d8501274997"",""replica"":""d9785248-59d5-44a5-b319-189eccb33b49""}",2026-08-20T23:51:19.364542061Z
"  File ""/app/api/index.py"", line 7, in <module>",error,"{""level"":""error""}","{""project"":""586ae7c2-e5b4-48eb-a537-f49216717b2b"",""environment"":""497ce9b3-fb87-4b99-9cf7-6c7305d440e8"",""service"":""2f22293c-9116-4952-b24d-3937d322e2e1"",""deployment"":""704cae93-1883-49c0-86e2-2d8501274997"",""replica"":""d9785248-59d5-44a5-b319-189eccb33b49""}",2026-08-20T23:51:19.364545151Z
    from api.engines.news_engine import NewsEngine,error,"{""level"":""error""}","{""project"":""586ae7c2-e5b4-48eb-a537-f49216717b2b"",""environment"":""497ce9b3-fb87-4b99-9cf7-6c7305d440e8"",""service"":""2f22293c-9116-4952-b24d-3937d322e2e1"",""deployment"":""704cae93-1883-49c0-86e2-2d8501274997"",""replica"":""d9785248-59d5-44a5-b319-189eccb33b49""}",2026-08-20T23:51:19.364547751Z
"  File ""/app/api/engines/news_engine.py"", line 1, in <module>",error,"{""level"":""error""}","{""project"":""586ae7c2-e5b4-48eb-a537-f49216717b2b"",""environment"":""497ce9b3-fb87-4b99-9cf7-6c7305d440e8"",""service"":""2f22293c-9116-4952-b24d-3937d322e2e1"",""deployment"":""704cae93-1883-49c0-86e2-2d8501274997"",""replica"":""d9785248-59d5-44a5-b319-189eccb33b49""}",2026-08-20T23:51:19.364550241Z
    import httpx,error,"{""level"":""error""}","{""project"":""586ae7c2-e5b4-48eb-a537-f49216717b2b"",""environment"":""497ce9b3-fb87-4b99-9cf7-6c7305d440e8"",""service"":""2f22293c-9116-4952-b24d-3937d322e2e1"",""deployment"":""704cae93-1883-49c0-86e2-2d8501274997"",""replica"":""d9785248-59d5-44a5-b319-189eccb33b49""}",2026-08-20T23:51:19.364552921Z
ModuleNotFoundError: No module named 'httpx',error,"{""level"":""error""}","{""project"":""586ae7c2-e5b4-48eb-a537-f49216717b2b"",""environment"":""497ce9b3-fb87-4b99-9cf7-6c7305d440e8"",""service"":""2f22293c-9116-4952-b24d-3937d322e2e1"",""deployment"":""704cae93-1883-49c0-86e2-2d8501274997"",""replica"":""d9785248-59d5-44a5-b319-189eccb33b49""}",2026-08-20T23:51:19.364555171Z
Traceback (most recent call last):,error,"{""level"":""error""}","{""project"":""586ae7c2-e5b4-48eb-a537-f49216717b2b"",""environment"":""497ce9b3-fb87-4b99-9cf7-6c7305d440e8"",""service"":""2f22293c-9116-4952-b24d-3937d322e2e1"",""deployment"":""704cae93-1883-49c0-86e2-2d8501274997"",""replica"":""d9785248-59d5-44a5-b319-189eccb33b49""}",2026-08-20T23:51:21.383944990Z
"  File ""/app/.venv/bin/uvicorn"", line 8, in <module>",error,"{""level"":""error""}","{""project"":""586ae7c2-e5b4-48eb-a537-f49216717b2b"",""environment"":""497ce9b3-fb87-4b99-9cf7-6c7305d440e8"",""service"":""2f22293c-9116-4952-b24d-3937d322e2e1"",""deployment"":""704cae93-1883-49c0-86e2-2d8501274997"",""replica"":""d9785248-59d5-44a5-b319-189eccb33b49""}",2026-08-20T23:51:21.383949719Z
    sys.exit(main()),error,"{""level"":""error""}","{""project"":""586ae7c2-e5b4-48eb-a537-f49216717b2b"",""environment"":""497ce9b3-fb87-4b99-9cf7-6c7305d440e8"",""service"":""2f22293c-9116-4952-b24d-3937d322e2e1"",""deployment"":""704cae93-1883-49c0-86e2-2d8501274997"",""replica"":""d9785248-59d5-44a5-b319-189eccb33b49""}",2026-08-20T23:51:21.383953729Z
             ^^^^^^,error,"{""level"":""error""}","{""project"":""586ae7c2-e5b4-48eb-a537-f49216717b2b"",""environment"":""497ce9b3-fb87-4b99-9cf7-6c7305d440e8"",""service"":""2f22293c-9116-4952-b24d-3937d322e2e1"",""deployment"":""704cae93-1883-49c0-86e2-2d8501274997"",""replica"":""d9785248-59d5-44a5-b319-189eccb33b49""}",2026-08-20T23:51:21.383957729Z
"  File ""/app/.venv/lib/python3.11/site-packages/click/core.py"", line 1569, in __call__",error,"{""level"":""error""}","{""project"":""586ae7c2-e5b4-48eb-a537-f49216717b2b"",""environment"":""497ce9b3-fb87-4b99-9cf7-6c7305d440e8"",""service"":""2f22293c-9116-4952-b24d-3937d322e2e1"",""deployment"":""704cae93-1883-49c0-86e2-2d8501274997"",""replica"":""d9785248-59d5-44a5-b319-189eccb33b49""}",2026-08-20T23:51:21.383961529Z
"    return self.main(*args, **kwargs)",error,"{""level"":""error""}","{""project"":""586ae7c2-e5b4-48eb-a537-f49216717b2b"",""environment"":""497ce9b3-fb87-4b99-9cf7-6c7305d440e8"",""service"":""2f22293c-9116-4952-b24d-3937d322e2e1"",""deployment"":""704cae93-1883-49c0-86e2-2d8501274997"",""replica"":""d9785248-59d5-44a5-b319-189eccb33b49""}",2026-08-20T23:51:21.383965609Z
           ^^^^^^^^^^^^^^^^^^^^^^^^^^,error,"{""level"":""error""}","{""project"":""586ae7c2-e5b4-48eb-a537-f49216717b2b"",""environment"":""497ce9b3-fb87-4b99-9cf7-6c7305d440e8"",""service"":""2f22293c-9116-4952-b24d-3937d322e2e1"",""deployment"":""704cae93-1883-49c0-86e2-2d8501274997"",""replica"":""d9785248-59d5-44a5-b319-189eccb33b49""}",2026-08-20T23:51:21.383970829Z
"  File ""/app/.venv/lib/python3.11/site-packages/click/core.py"", line 1490, in main",error,"{""level"":""error""}","{""project"":""586ae7c2-e5b4-48eb-a537-f49216717b2b"",""environment"":""497ce9b3-fb87-4b99-9cf7-6c7305d440e8"",""service"":""2f22293c-9116-4952-b24d-3937d322e2e1"",""deployment"":""704cae93-1883-49c0-86e2-2d8501274997"",""replica"":""d9785248-59d5-44a5-b319-189eccb33b49""}",2026-08-20T23:51:21.383974769Z
    rv = self.invoke(ctx),error,"{""level"":""error""}","{""project"":""586ae7c2-e5b4-48eb-a537-f49216717b2b"",""environment"":""497ce9b3-fb87-4b99-9cf7-6c7305d440e8"",""service"":""2f22293c-9116-4952-b24d-3937d322e2e1"",""deployment"":""704cae93-1883-49c0-86e2-2d8501274997"",""replica"":""d9785248-59d5-44a5-b319-189eccb33b49""}",2026-08-20T23:51:21.383978689Z
         ^^^^^^^^^^^^^^^^,error,"{""level"":""error""}","{""project"":""586ae7c2-e5b4-48eb-a537-f49216717b2b"",""environment"":""497ce9b3-fb87-4b99-9cf7-6c7305d440e8"",""service"":""2f22293c-9116-4952-b24d-3937d322e2e1"",""deployment"":""704cae93-1883-49c0-86e2-2d8501274997"",""replica"":""d9785248-59d5-44a5-b319-189eccb33b49""}",2026-08-20T23:51:21.383982569Z
"  File ""/app/.venv/lib/python3.11/site-packages/click/core.py"", line 1353, in invoke",error,"{""level"":""error""}","{""project"":""586ae7c2-e5b4-48eb-a537-f49216717b2b"",""environment"":""497ce9b3-fb87-4b99-9cf7-6c7305d440e8"",""service"":""2f22293c-9116-4952-b24d-3937d322e2e1"",""deployment"":""704cae93-1883-49c0-86e2-2d8501274997"",""replica"":""d9785248-59d5-44a5-b319-189eccb33b49""}",2026-08-20T23:51:21.383986959Z
"    return ctx.invoke(self.callback, **ctx.params)",error,"{""level"":""error""}","{""project"":""586ae7c2-e5b4-48eb-a537-f49216717b2b"",""environment"":""497ce9b3-fb87-4b99-9cf7-6c7305d440e8"",""service"":""2f22293c-9116-4952-b24d-3937d322e2e1"",""deployment"":""704cae93-1883-49c0-86e2-2d8501274997"",""replica"":""d9785248-59d5-44a5-b319-189eccb33b49""}",2026-08-20T23:51:21.383990909Z
           ^^^^^^^^^^^^^^^^^^^^^^^^^^^^^^^^^^^^^^^,error,"{""level"":""error""}","{""project"":""586ae7c2-e5b4-48eb-a537-f49216717b2b"",""environment"":""497ce9b3-fb87-4b99-9cf7-6c7305d440e8"",""service"":""2f22293c-9116-4952-b24d-3937d322e2e1"",""deployment"":""704cae93-1883-49c0-86e2-2d8501274997"",""replica"":""d9785248-59d5-44a5-b319-189eccb33b49""}",2026-08-20T23:51:21.383994829Z
"  File ""/app/.venv/lib/python3.11/site-packages/click/core.py"", line 907, in invoke",error,"{""level"":""error""}","{""project"":""586ae7c2-e5b4-48eb-a537-f49216717b2b"",""environment"":""497ce9b3-fb87-4b99-9cf7-6c7305d440e8"",""service"":""2f22293c-9116-4952-b24d-3937d322e2e1"",""deployment"":""704cae93-1883-49c0-86e2-2d8501274997"",""replica"":""d9785248-59d5-44a5-b319-189eccb33b49""}",2026-08-20T23:51:21.383998839Z
"    return callback(*args, **kwargs)",error,"{""level"":""error""}","{""project"":""586ae7c2-e5b4-48eb-a537-f49216717b2b"",""environment"":""497ce9b3-fb87-4b99-9cf7-6c7305d440e8"",""service"":""2f22293c-9116-4952-b24d-3937d322e2e1"",""deployment"":""704cae93-1883-49c0-86e2-2d8501274997"",""replica"":""d9785248-59d5-44a5-b319-189eccb33b49""}",2026-08-20T23:51:21.384002249Z
           ^^^^^^^^^^^^^^^^^^^^^^^^^,error,"{""level"":""error""}","{""project"":""586ae7c2-e5b4-48eb-a537-f49216717b2b"",""environment"":""497ce9b3-fb87-4b99-9cf7-6c7305d440e8"",""service"":""2f22293c-9116-4952-b24d-3937d322e2e1"",""deployment"":""704cae93-1883-49c0-86e2-2d8501274997"",""replica"":""d9785248-59d5-44a5-b319-189eccb33b49""}",2026-08-20T23:51:21.384006108Z
"  File ""/app/.venv/lib/python3.11/site-packages/uvicorn/main.py"", line 440, in main",error,"{""level"":""error""}","{""project"":""586ae7c2-e5b4-48eb-a537-f49216717b2b"",""environment"":""497ce9b3-fb87-4b99-9cf7-6c7305d440e8"",""service"":""2f22293c-9116-4952-b24d-3937d322e2e1"",""deployment"":""704cae93-1883-49c0-86e2-2d8501274997"",""replica"":""d9785248-59d5-44a5-b319-189eccb33b49""}",2026-08-20T23:51:21.384010058Z
    run(,error,"{""level"":""error""}","{""project"":""586ae7c2-e5b4-48eb-a537-f49216717b2b"",""environment"":""497ce9b3-fb87-4b99-9cf7-6c7305d440e8"",""service"":""2f22293c-9116-4952-b24d-3937d322e2e1"",""deployment"":""704cae93-1883-49c0-86e2-2d8501274997"",""replica"":""d9785248-59d5-44a5-b319-189eccb33b49""}",2026-08-20T23:51:21.384973551Z
"  File ""/app/.venv/lib/python3.11/site-packages/uvicorn/main.py"", line 609, in run",error,"{""level"":""error""}","{""project"":""586ae7c2-e5b4-48eb-a537-f49216717b2b"",""environment"":""497ce9b3-fb87-4b99-9cf7-6c7305d440e8"",""service"":""2f22293c-9116-4952-b24d-3937d322e2e1"",""deployment"":""704cae93-1883-49c0-86e2-2d8501274997"",""replica"":""d9785248-59d5-44a5-b319-189eccb33b49""}",2026-08-20T23:51:21.384978251Z
    config.load_app(),error,"{""level"":""error""}","{""project"":""586ae7c2-e5b4-48eb-a537-f49216717b2b"",""environment"":""497ce9b3-fb87-4b99-9cf7-6c7305d440e8"",""service"":""2f22293c-9116-4952-b24d-3937d322e2e1"",""deployment"":""704cae93-1883-49c0-86e2-2d8501274997"",""replica"":""d9785248-59d5-44a5-b319-189eccb33b49""}",2026-08-20T23:51:21.384981131Z
"  File ""/app/.venv/lib/python3.11/site-packages/uvicorn/config.py"", line 428, in load_app",error,"{""level"":""error""}","{""project"":""586ae7c2-e5b4-48eb-a537-f49216717b2b"",""environment"":""497ce9b3-fb87-4b99-9cf7-6c7305d440e8"",""service"":""2f22293c-9116-4952-b24d-3937d322e2e1"",""deployment"":""704cae93-1883-49c0-86e2-2d8501274997"",""replica"":""d9785248-59d5-44a5-b319-189eccb33b49""}",2026-08-20T23:51:21.384984621Z
    return import_from_string(self.app),error,"{""level"":""error""}","{""project"":""586ae7c2-e5b4-48eb-a537-f49216717b2b"",""environment"":""497ce9b3-fb87-4b99-9cf7-6c7305d440e8"",""service"":""2f22293c-9116-4952-b24d-3937d322e2e1"",""deployment"":""704cae93-1883-49c0-86e2-2d8501274997"",""replica"":""d9785248-59d5-44a5-b319-189eccb33b49""}",2026-08-20T23:51:21.384987771Z
           ^^^^^^^^^^^^^^^^^^^^^^^^^^^^,error,"{""level"":""error""}","{""project"":""586ae7c2-e5b4-48eb-a537-f49216717b2b"",""environment"":""497ce9b3-fb87-4b99-9cf7-6c7305d440e8"",""service"":""2f22293c-9116-4952-b24d-3937d322e2e1"",""deployment"":""704cae93-1883-49c0-86e2-2d8501274997"",""replica"":""d9785248-59d5-44a5-b319-189eccb33b49""}",2026-08-20T23:51:21.384991281Z
"  File ""/app/.venv/lib/python3.11/site-packages/uvicorn/importer.py"", line 22, in import_from_string",error,"{""level"":""error""}","{""project"":""586ae7c2-e5b4-48eb-a537-f49216717b2b"",""environment"":""497ce9b3-fb87-4b99-9cf7-6c7305d440e8"",""service"":""2f22293c-9116-4952-b24d-3937d322e2e1"",""deployment"":""704cae93-1883-49c0-86e2-2d8501274997"",""replica"":""d9785248-59d5-44a5-b319-189eccb33b49""}",2026-08-20T23:51:21.384994621Z
    raise exc from None,error,"{""level"":""error""}","{""project"":""586ae7c2-e5b4-48eb-a537-f49216717b2b"",""environment"":""497ce9b3-fb87-4b99-9cf7-6c7305d440e8"",""service"":""2f22293c-9116-4952-b24d-3937d322e2e1"",""deployment"":""704cae93-1883-49c0-86e2-2d8501274997"",""replica"":""d9785248-59d5-44a5-b319-189eccb33b49""}",2026-08-20T23:51:21.384997761Z
"  File ""/app/.venv/lib/python3.11/site-packages/uvicorn/importer.py"", line 19, in import_from_string",error,"{""level"":""error""}","{""project"":""586ae7c2-e5b4-48eb-a537-f49216717b2b"",""environment"":""497ce9b3-fb87-4b99-9cf7-6c7305d440e8"",""service"":""2f22293c-9116-4952-b24d-3937d322e2e1"",""deployment"":""704cae93-1883-49c0-86e2-2d8501274997"",""replica"":""d9785248-59d5-44a5-b319-189eccb33b49""}",2026-08-20T23:51:21.385000781Z
    module = importlib.import_module(module_str),error,"{""level"":""error""}","{""project"":""586ae7c2-e5b4-48eb-a537-f49216717b2b"",""environment"":""497ce9b3-fb87-4b99-9cf7-6c7305d440e8"",""service"":""2f22293c-9116-4952-b24d-3937d322e2e1"",""deployment"":""704cae93-1883-49c0-86e2-2d8501274997"",""replica"":""d9785248-59d5-44a5-b319-189eccb33b49""}",2026-08-20T23:51:21.385004041Z
             ^^^^^^^^^^^^^^^^^^^^^^^^^^^^^^^^^^^,error,"{""level"":""error""}","{""project"":""586ae7c2-e5b4-48eb-a537-f49216717b2b"",""environment"":""497ce9b3-fb87-4b99-9cf7-6c7305d440e8"",""service"":""2f22293c-9116-4952-b24d-3937d322e2e1"",""deployment"":""704cae93-1883-49c0-86e2-2d8501274997"",""replica"":""d9785248-59d5-44a5-b319-189eccb33b49""}",2026-08-20T23:51:21.385007131Z
"  File ""/mise/installs/python/3.11.9/lib/python3.11/importlib/__init__.py"", line 126, in import_module",error,"{""level"":""error""}","{""project"":""586ae7c2-e5b4-48eb-a537-f49216717b2b"",""environment"":""497ce9b3-fb87-4b99-9cf7-6c7305d440e8"",""service"":""2f22293c-9116-4952-b24d-3937d322e2e1"",""deployment"":""704cae93-1883-49c0-86e2-2d8501274997"",""replica"":""d9785248-59d5-44a5-b319-189eccb33b49""}",2026-08-20T23:51:21.385010471Z
"    return _bootstrap._gcd_import(name[level:], package, level)",error,"{""level"":""error""}","{""project"":""586ae7c2-e5b4-48eb-a537-f49216717b2b"",""environment"":""497ce9b3-fb87-4b99-9cf7-6c7305d440e8"",""service"":""2f22293c-9116-4952-b24d-3937d322e2e1"",""deployment"":""704cae93-1883-49c0-86e2-2d8501274997"",""replica"":""d9785248-59d5-44a5-b319-189eccb33b49""}",2026-08-20T23:51:21.385013801Z
           ^^^^^^^^^^^^^^^^^^^^^^^^^^^^^^^^^^^^^^^^^^^^^^^^^^^^,error,"{""level"":""error""}","{""project"":""586ae7c2-e5b4-48eb-a537-f49216717b2b"",""environment"":""497ce9b3-fb87-4b99-9cf7-6c7305d440e8"",""service"":""2f22293c-9116-4952-b24d-3937d322e2e1"",""deployment"":""704cae93-1883-49c0-86e2-2d8501274997"",""replica"":""d9785248-59d5-44a5-b319-189eccb33b49""}",2026-08-20T23:51:21.385017721Z
"  File ""<frozen importlib._bootstrap>"", line 1204, in _gcd_import",error,"{""level"":""error""}","{""project"":""586ae7c2-e5b4-48eb-a537-f49216717b2b"",""environment"":""497ce9b3-fb87-4b99-9cf7-6c7305d440e8"",""service"":""2f22293c-9116-4952-b24d-3937d322e2e1"",""deployment"":""704cae93-1883-49c0-86e2-2d8501274997"",""replica"":""d9785248-59d5-44a5-b319-189eccb33b49""}",2026-08-20T23:51:21.385200627Z
"  File ""<frozen importlib._bootstrap>"", line 1176, in _find_and_load",error,"{""level"":""error""}","{""project"":""586ae7c2-e5b4-48eb-a537-f49216717b2b"",""environment"":""497ce9b3-fb87-4b99-9cf7-6c7305d440e8"",""service"":""2f22293c-9116-4952-b24d-3937d322e2e1"",""deployment"":""704cae93-1883-49c0-86e2-2d8501274997"",""replica"":""d9785248-59d5-44a5-b319-189eccb33b49""}",2026-08-20T23:51:21.385207387Z
"  File ""<frozen importlib._bootstrap>"", line 1147, in _find_and_load_unlocked",error,"{""level"":""error""}","{""project"":""586ae7c2-e5b4-48eb-a537-f49216717b2b"",""environment"":""497ce9b3-fb87-4b99-9cf7-6c7305d440e8"",""service"":""2f22293c-9116-4952-b24d-3937d322e2e1"",""deployment"":""704cae93-1883-49c0-86e2-2d8501274997"",""replica"":""d9785248-59d5-44a5-b319-189eccb33b49""}",2026-08-20T23:51:21.385211297Z
"  File ""<frozen importlib._bootstrap>"", line 690, in _load_unlocked",error,"{""level"":""error""}","{""project"":""586ae7c2-e5b4-48eb-a537-f49216717b2b"",""environment"":""497ce9b3-fb87-4b99-9cf7-6c7305d440e8"",""service"":""2f22293c-9116-4952-b24d-3937d322e2e1"",""deployment"":""704cae93-1883-49c0-86e2-2d8501274997"",""replica"":""d9785248-59d5-44a5-b319-189eccb33b49""}",2026-08-20T23:51:21.385214897Z
"  File ""<frozen importlib._bootstrap_external>"", line 940, in exec_module",error,"{""level"":""error""}","{""project"":""586ae7c2-e5b4-48eb-a537-f49216717b2b"",""environment"":""497ce9b3-fb87-4b99-9cf7-6c7305d440e8"",""service"":""2f22293c-9116-4952-b24d-3937d322e2e1"",""deployment"":""704cae93-1883-49c0-86e2-2d8501274997"",""replica"":""d9785248-59d5-44a5-b319-189eccb33b49""}",2026-08-20T23:51:21.385218937Z
"  File ""<frozen importlib._bootstrap>"", line 241, in _call_with_frames_removed",error,"{""level"":""error""}","{""project"":""586ae7c2-e5b4-48eb-a537-f49216717b2b"",""environment"":""497ce9b3-fb87-4b99-9cf7-6c7305d440e8"",""service"":""2f22293c-9116-4952-b24d-3937d322e2e1"",""deployment"":""704cae93-1883-49c0-86e2-2d8501274997"",""replica"":""d9785248-59d5-44a5-b319-189eccb33b49""}",2026-08-20T23:51:21.385222917Z
"  File ""/app/api/index.py"", line 7, in <module>",error,"{""level"":""error""}","{""project"":""586ae7c2-e5b4-48eb-a537-f49216717b2b"",""environment"":""497ce9b3-fb87-4b99-9cf7-6c7305d440e8"",""service"":""2f22293c-9116-4952-b24d-3937d322e2e1"",""deployment"":""704cae93-1883-49c0-86e2-2d8501274997"",""replica"":""d9785248-59d5-44a5-b319-189eccb33b49""}",2026-08-20T23:51:21.385227247Z
    from api.engines.news_engine import NewsEngine,error,"{""level"":""error""}","{""project"":""586ae7c2-e5b4-48eb-a537-f49216717b2b"",""environment"":""497ce9b3-fb87-4b99-9cf7-6c7305d440e8"",""service"":""2f22293c-9116-4952-b24d-3937d322e2e1"",""deployment"":""704cae93-1883-49c0-86e2-2d8501274997"",""replica"":""d9785248-59d5-44a5-b319-189eccb33b49""}",2026-08-20T23:51:21.385230867Z
"  File ""/app/api/engines/news_engine.py"", line 1, in <module>",error,"{""level"":""error""}","{""project"":""586ae7c2-e5b4-48eb-a537-f49216717b2b"",""environment"":""497ce9b3-fb87-4b99-9cf7-6c7305d440e8"",""service"":""2f22293c-9116-4952-b24d-3937d322e2e1"",""deployment"":""704cae93-1883-49c0-86e2-2d8501274997"",""replica"":""d9785248-59d5-44a5-b319-189eccb33b49""}",2026-08-20T23:51:21.385234406Z
    import httpx,error,"{""level"":""error""}","{""project"":""586ae7c2-e5b4-48eb-a537-f49216717b2b"",""environment"":""497ce9b3-fb87-4b99-9cf7-6c7305d440e8"",""service"":""2f22293c-9116-4952-b24d-3937d322e2e1"",""deployment"":""704cae93-1883-49c0-86e2-2d8501274997"",""replica"":""d9785248-59d5-44a5-b319-189eccb33b49""}",2026-08-20T23:51:21.385237916Z
ModuleNotFoundError: No module named 'httpx',error,"{""level"":""error""}","{""project"":""586ae7c2-e5b4-48eb-a537-f49216717b2b"",""environment"":""497ce9b3-fb87-4b99-9cf7-6c7305d440e8"",""service"":""2f22293c-9116-4952-b24d-3937d322e2e1"",""deployment"":""704cae93-1883-49c0-86e2-2d8501274997"",""replica"":""d9785248-59d5-44a5-b319-189eccb33b49""}",2026-08-20T23:51:21.385240996Z
"  File ""/app/.venv/lib/python3.11/site-packages/click/core.py"", line 1569, in __call__",error,"{""level"":""error""}","{""project"":""586ae7c2-e5b4-48eb-a537-f49216717b2b"",""environment"":""497ce9b3-fb87-4b99-9cf7-6c7305d440e8"",""service"":""2f22293c-9116-4952-b24d-3937d322e2e1"",""deployment"":""704cae93-1883-49c0-86e2-2d8501274997"",""replica"":""d9785248-59d5-44a5-b319-189eccb33b49""}",2026-08-20T23:51:23.760066423Z
"    return self.main(*args, **kwargs)",error,"{""level"":""error""}","{""project"":""586ae7c2-e5b4-48eb-a537-f49216717b2b"",""environment"":""497ce9b3-fb87-4b99-9cf7-6c7305d440e8"",""service"":""2f22293c-9116-4952-b24d-3937d322e2e1"",""deployment"":""704cae93-1883-49c0-86e2-2d8501274997"",""replica"":""d9785248-59d5-44a5-b319-189eccb33b49""}",2026-08-20T23:51:23.760075952Z
           ^^^^^^^^^^^^^^^^^^^^^^^^^^,error,"{""level"":""error""}","{""project"":""586ae7c2-e5b4-48eb-a537-f49216717b2b"",""environment"":""497ce9b3-fb87-4b99-9cf7-6c7305d440e8"",""service"":""2f22293c-9116-4952-b24d-3937d322e2e1"",""deployment"":""704cae93-1883-49c0-86e2-2d8501274997"",""replica"":""d9785248-59d5-44a5-b319-189eccb33b49""}",2026-08-20T23:51:23.760080902Z
Traceback (most recent call last):,error,"{""level"":""error""}","{""project"":""586ae7c2-e5b4-48eb-a537-f49216717b2b"",""environment"":""497ce9b3-fb87-4b99-9cf7-6c7305d440e8"",""service"":""2f22293c-9116-4952-b24d-3937d322e2e1"",""deployment"":""704cae93-1883-49c0-86e2-2d8501274997"",""replica"":""d9785248-59d5-44a5-b319-189eccb33b49""}",2026-08-20T23:51:23.760082872Z
"  File ""/app/.venv/lib/python3.11/site-packages/click/core.py"", line 1490, in main",error,"{""level"":""error""}","{""project"":""586ae7c2-e5b4-48eb-a537-f49216717b2b"",""environment"":""497ce9b3-fb87-4b99-9cf7-6c7305d440e8"",""service"":""2f22293c-9116-4952-b24d-3937d322e2e1"",""deployment"":""704cae93-1883-49c0-86e2-2d8501274997"",""replica"":""d9785248-59d5-44a5-b319-189eccb33b49""}",2026-08-20T23:51:23.760085152Z
"  File ""/app/.venv/bin/uvicorn"", line 8, in <module>",error,"{""level"":""error""}","{""project"":""586ae7c2-e5b4-48eb-a537-f49216717b2b"",""environment"":""497ce9b3-fb87-4b99-9cf7-6c7305d440e8"",""service"":""2f22293c-9116-4952-b24d-3937d322e2e1"",""deployment"":""704cae93-1883-49c0-86e2-2d8501274997"",""replica"":""d9785248-59d5-44a5-b319-189eccb33b49""}",2026-08-20T23:51:23.760087112Z
    rv = self.invoke(ctx),error,"{""level"":""error""}","{""project"":""586ae7c2-e5b4-48eb-a537-f49216717b2b"",""environment"":""497ce9b3-fb87-4b99-9cf7-6c7305d440e8"",""service"":""2f22293c-9116-4952-b24d-3937d322e2e1"",""deployment"":""704cae93-1883-49c0-86e2-2d8501274997"",""replica"":""d9785248-59d5-44a5-b319-189eccb33b49""}",2026-08-20T23:51:23.760088852Z
         ^^^^^^^^^^^^^^^^,error,"{""level"":""error""}","{""project"":""586ae7c2-e5b4-48eb-a537-f49216717b2b"",""environment"":""497ce9b3-fb87-4b99-9cf7-6c7305d440e8"",""service"":""2f22293c-9116-4952-b24d-3937d322e2e1"",""deployment"":""704cae93-1883-49c0-86e2-2d8501274997"",""replica"":""d9785248-59d5-44a5-b319-189eccb33b49""}",2026-08-20T23:51:23.760092602Z
    sys.exit(main()),error,"{""level"":""error""}","{""project"":""586ae7c2-e5b4-48eb-a537-f49216717b2b"",""environment"":""497ce9b3-fb87-4b99-9cf7-6c7305d440e8"",""service"":""2f22293c-9116-4952-b24d-3937d322e2e1"",""deployment"":""704cae93-1883-49c0-86e2-2d8501274997"",""replica"":""d9785248-59d5-44a5-b319-189eccb33b49""}",2026-08-20T23:51:23.760092902Z
"  File ""/app/.venv/lib/python3.11/site-packages/click/core.py"", line 1353, in invoke",error,"{""level"":""error""}","{""project"":""586ae7c2-e5b4-48eb-a537-f49216717b2b"",""environment"":""497ce9b3-fb87-4b99-9cf7-6c7305d440e8"",""service"":""2f22293c-9116-4952-b24d-3937d322e2e1"",""deployment"":""704cae93-1883-49c0-86e2-2d8501274997"",""replica"":""d9785248-59d5-44a5-b319-189eccb33b49""}",2026-08-20T23:51:23.760096172Z
             ^^^^^^,error,"{""level"":""error""}","{""project"":""586ae7c2-e5b4-48eb-a537-f49216717b2b"",""environment"":""497ce9b3-fb87-4b99-9cf7-6c7305d440e8"",""service"":""2f22293c-9116-4952-b24d-3937d322e2e1"",""deployment"":""704cae93-1883-49c0-86e2-2d8501274997"",""replica"":""d9785248-59d5-44a5-b319-189eccb33b49""}",2026-08-20T23:51:23.760097332Z
"    return ctx.invoke(self.callback, **ctx.params)",error,"{""level"":""error""}","{""project"":""586ae7c2-e5b4-48eb-a537-f49216717b2b"",""environment"":""497ce9b3-fb87-4b99-9cf7-6c7305d440e8"",""service"":""2f22293c-9116-4952-b24d-3937d322e2e1"",""deployment"":""704cae93-1883-49c0-86e2-2d8501274997"",""replica"":""d9785248-59d5-44a5-b319-189eccb33b49""}",2026-08-20T23:51:23.760100922Z
           ^^^^^^^^^^^^^^^^^^^^^^^^^^^^^^^^^^^^^^^,error,"{""level"":""error""}","{""project"":""586ae7c2-e5b4-48eb-a537-f49216717b2b"",""environment"":""497ce9b3-fb87-4b99-9cf7-6c7305d440e8"",""service"":""2f22293c-9116-4952-b24d-3937d322e2e1"",""deployment"":""704cae93-1883-49c0-86e2-2d8501274997"",""replica"":""d9785248-59d5-44a5-b319-189eccb33b49""}",2026-08-20T23:51:23.760104662Z
"  File ""/app/.venv/lib/python3.11/site-packages/click/core.py"", line 907, in invoke",error,"{""level"":""error""}","{""project"":""586ae7c2-e5b4-48eb-a537-f49216717b2b"",""environment"":""497ce9b3-fb87-4b99-9cf7-6c7305d440e8"",""service"":""2f22293c-9116-4952-b24d-3937d322e2e1"",""deployment"":""704cae93-1883-49c0-86e2-2d8501274997"",""replica"":""d9785248-59d5-44a5-b319-189eccb33b49""}",2026-08-20T23:51:23.760108432Z
"    return callback(*args, **kwargs)",error,"{""level"":""error""}","{""project"":""586ae7c2-e5b4-48eb-a537-f49216717b2b"",""environment"":""497ce9b3-fb87-4b99-9cf7-6c7305d440e8"",""service"":""2f22293c-9116-4952-b24d-3937d322e2e1"",""deployment"":""704cae93-1883-49c0-86e2-2d8501274997"",""replica"":""d9785248-59d5-44a5-b319-189eccb33b49""}",2026-08-20T23:51:23.760111672Z
           ^^^^^^^^^^^^^^^^^^^^^^^^^,error,"{""level"":""error""}","{""project"":""586ae7c2-e5b4-48eb-a537-f49216717b2b"",""environment"":""497ce9b3-fb87-4b99-9cf7-6c7305d440e8"",""service"":""2f22293c-9116-4952-b24d-3937d322e2e1"",""deployment"":""704cae93-1883-49c0-86e2-2d8501274997"",""replica"":""d9785248-59d5-44a5-b319-189eccb33b49""}",2026-08-20T23:51:23.760500694Z
"  File ""/app/.venv/lib/python3.11/site-packages/uvicorn/main.py"", line 440, in main",error,"{""level"":""error""}","{""project"":""586ae7c2-e5b4-48eb-a537-f49216717b2b"",""environment"":""497ce9b3-fb87-4b99-9cf7-6c7305d440e8"",""service"":""2f22293c-9116-4952-b24d-3937d322e2e1"",""deployment"":""704cae93-1883-49c0-86e2-2d8501274997"",""replica"":""d9785248-59d5-44a5-b319-189eccb33b49""}",2026-08-20T23:51:23.760512124Z
    run(,error,"{""level"":""error""}","{""project"":""586ae7c2-e5b4-48eb-a537-f49216717b2b"",""environment"":""497ce9b3-fb87-4b99-9cf7-6c7305d440e8"",""service"":""2f22293c-9116-4952-b24d-3937d322e2e1"",""deployment"":""704cae93-1883-49c0-86e2-2d8501274997"",""replica"":""d9785248-59d5-44a5-b319-189eccb33b49""}",2026-08-20T23:51:23.760517534Z
"  File ""/app/.venv/lib/python3.11/site-packages/uvicorn/main.py"", line 609, in run",error,"{""level"":""error""}","{""project"":""586ae7c2-e5b4-48eb-a537-f49216717b2b"",""environment"":""497ce9b3-fb87-4b99-9cf7-6c7305d440e8"",""service"":""2f22293c-9116-4952-b24d-3937d322e2e1"",""deployment"":""704cae93-1883-49c0-86e2-2d8501274997"",""replica"":""d9785248-59d5-44a5-b319-189eccb33b49""}",2026-08-20T23:51:23.760522024Z
    config.load_app(),error,"{""level"":""error""}","{""project"":""586ae7c2-e5b4-48eb-a537-f49216717b2b"",""environment"":""497ce9b3-fb87-4b99-9cf7-6c7305d440e8"",""service"":""2f22293c-9116-4952-b24d-3937d322e2e1"",""deployment"":""704cae93-1883-49c0-86e2-2d8501274997"",""replica"":""d9785248-59d5-44a5-b319-189eccb33b49""}",2026-08-20T23:51:23.760526594Z
"  File ""/app/.venv/lib/python3.11/site-packages/uvicorn/config.py"", line 428, in load_app",error,"{""level"":""error""}","{""project"":""586ae7c2-e5b4-48eb-a537-f49216717b2b"",""environment"":""497ce9b3-fb87-4b99-9cf7-6c7305d440e8"",""service"":""2f22293c-9116-4952-b24d-3937d322e2e1"",""deployment"":""704cae93-1883-49c0-86e2-2d8501274997"",""replica"":""d9785248-59d5-44a5-b319-189eccb33b49""}",2026-08-20T23:51:23.760530244Z
    return import_from_string(self.app),error,"{""level"":""error""}","{""project"":""586ae7c2-e5b4-48eb-a537-f49216717b2b"",""environment"":""497ce9b3-fb87-4b99-9cf7-6c7305d440e8"",""service"":""2f22293c-9116-4952-b24d-3937d322e2e1"",""deployment"":""704cae93-1883-49c0-86e2-2d8501274997"",""replica"":""d9785248-59d5-44a5-b319-189eccb33b49""}",2026-08-20T23:51:23.760533444Z
           ^^^^^^^^^^^^^^^^^^^^^^^^^^^^,error,"{""level"":""error""}","{""project"":""586ae7c2-e5b4-48eb-a537-f49216717b2b"",""environment"":""497ce9b3-fb87-4b99-9cf7-6c7305d440e8"",""service"":""2f22293c-9116-4952-b24d-3937d322e2e1"",""deployment"":""704cae93-1883-49c0-86e2-2d8501274997"",""replica"":""d9785248-59d5-44a5-b319-189eccb33b49""}",2026-08-20T23:51:23.760537204Z
"  File ""/app/.venv/lib/python3.11/site-packages/uvicorn/importer.py"", line 22, in import_from_string",error,"{""level"":""error""}","{""project"":""586ae7c2-e5b4-48eb-a537-f49216717b2b"",""environment"":""497ce9b3-fb87-4b99-9cf7-6c7305d440e8"",""service"":""2f22293c-9116-4952-b24d-3937d322e2e1"",""deployment"":""704cae93-1883-49c0-86e2-2d8501274997"",""replica"":""d9785248-59d5-44a5-b319-189eccb33b49""}",2026-08-20T23:51:23.760541634Z
    raise exc from None,error,"{""level"":""error""}","{""project"":""586ae7c2-e5b4-48eb-a537-f49216717b2b"",""environment"":""497ce9b3-fb87-4b99-9cf7-6c7305d440e8"",""service"":""2f22293c-9116-4952-b24d-3937d322e2e1"",""deployment"":""704cae93-1883-49c0-86e2-2d8501274997"",""replica"":""d9785248-59d5-44a5-b319-189eccb33b49""}",2026-08-20T23:51:23.760545944Z
"  File ""/app/.venv/lib/python3.11/site-packages/uvicorn/importer.py"", line 19, in import_from_string",error,"{""level"":""error""}","{""project"":""586ae7c2-e5b4-48eb-a537-f49216717b2b"",""environment"":""497ce9b3-fb87-4b99-9cf7-6c7305d440e8"",""service"":""2f22293c-9116-4952-b24d-3937d322e2e1"",""deployment"":""704cae93-1883-49c0-86e2-2d8501274997"",""replica"":""d9785248-59d5-44a5-b319-189eccb33b49""}",2026-08-20T23:51:23.760550363Z
    module = importlib.import_module(module_str),error,"{""level"":""error""}","{""project"":""586ae7c2-e5b4-48eb-a537-f49216717b2b"",""environment"":""497ce9b3-fb87-4b99-9cf7-6c7305d440e8"",""service"":""2f22293c-9116-4952-b24d-3937d322e2e1"",""deployment"":""704cae93-1883-49c0-86e2-2d8501274997"",""replica"":""d9785248-59d5-44a5-b319-189eccb33b49""}",2026-08-20T23:51:23.760553993Z
             ^^^^^^^^^^^^^^^^^^^^^^^^^^^^^^^^^^^,error,"{""level"":""error""}","{""project"":""586ae7c2-e5b4-48eb-a537-f49216717b2b"",""environment"":""497ce9b3-fb87-4b99-9cf7-6c7305d440e8"",""service"":""2f22293c-9116-4952-b24d-3937d322e2e1"",""deployment"":""704cae93-1883-49c0-86e2-2d8501274997"",""replica"":""d9785248-59d5-44a5-b319-189eccb33b49""}",2026-08-20T23:51:23.760557583Z
"  File ""/mise/installs/python/3.11.9/lib/python3.11/importlib/__init__.py"", line 126, in import_module",error,"{""level"":""error""}","{""project"":""586ae7c2-e5b4-48eb-a537-f49216717b2b"",""environment"":""497ce9b3-fb87-4b99-9cf7-6c7305d440e8"",""service"":""2f22293c-9116-4952-b24d-3937d322e2e1"",""deployment"":""704cae93-1883-49c0-86e2-2d8501274997"",""replica"":""d9785248-59d5-44a5-b319-189eccb33b49""}",2026-08-20T23:51:23.760562113Z
"    return _bootstrap._gcd_import(name[level:], package, level)",error,"{""level"":""error""}","{""project"":""586ae7c2-e5b4-48eb-a537-f49216717b2b"",""environment"":""497ce9b3-fb87-4b99-9cf7-6c7305d440e8"",""service"":""2f22293c-9116-4952-b24d-3937d322e2e1"",""deployment"":""704cae93-1883-49c0-86e2-2d8501274997"",""replica"":""d9785248-59d5-44a5-b319-189eccb33b49""}",2026-08-20T23:51:23.760565693Z
           ^^^^^^^^^^^^^^^^^^^^^^^^^^^^^^^^^^^^^^^^^^^^^^^^^^^^,error,"{""level"":""error""}","{""project"":""586ae7c2-e5b4-48eb-a537-f49216717b2b"",""environment"":""497ce9b3-fb87-4b99-9cf7-6c7305d440e8"",""service"":""2f22293c-9116-4952-b24d-3937d322e2e1"",""deployment"":""704cae93-1883-49c0-86e2-2d8501274997"",""replica"":""d9785248-59d5-44a5-b319-189eccb33b49""}",2026-08-20T23:51:23.761219961Z
"  File ""<frozen importlib._bootstrap>"", line 1204, in _gcd_import",error,"{""level"":""error""}","{""project"":""586ae7c2-e5b4-48eb-a537-f49216717b2b"",""environment"":""497ce9b3-fb87-4b99-9cf7-6c7305d440e8"",""service"":""2f22293c-9116-4952-b24d-3937d322e2e1"",""deployment"":""704cae93-1883-49c0-86e2-2d8501274997"",""replica"":""d9785248-59d5-44a5-b319-189eccb33b49""}",2026-08-20T23:51:23.761222721Z
"  File ""<frozen importlib._bootstrap>"", line 1176, in _find_and_load",error,"{""level"":""error""}","{""project"":""586ae7c2-e5b4-48eb-a537-f49216717b2b"",""environment"":""497ce9b3-fb87-4b99-9cf7-6c7305d440e8"",""service"":""2f22293c-9116-4952-b24d-3937d322e2e1"",""deployment"":""704cae93-1883-49c0-86e2-2d8501274997"",""replica"":""d9785248-59d5-44a5-b319-189eccb33b49""}",2026-08-20T23:51:23.761225361Z
"  File ""<frozen importlib._bootstrap>"", line 1147, in _find_and_load_unlocked",error,"{""level"":""error""}","{""project"":""586ae7c2-e5b4-48eb-a537-f49216717b2b"",""environment"":""497ce9b3-fb87-4b99-9cf7-6c7305d440e8"",""service"":""2f22293c-9116-4952-b24d-3937d322e2e1"",""deployment"":""704cae93-1883-49c0-86e2-2d8501274997"",""replica"":""d9785248-59d5-44a5-b319-189eccb33b49""}",2026-08-20T23:51:23.761228151Z
"  File ""<frozen importlib._bootstrap>"", line 690, in _load_unlocked",error,"{""level"":""error""}","{""project"":""586ae7c2-e5b4-48eb-a537-f49216717b2b"",""environment"":""497ce9b3-fb87-4b99-9cf7-6c7305d440e8"",""service"":""2f22293c-9116-4952-b24d-3937d322e2e1"",""deployment"":""704cae93-1883-49c0-86e2-2d8501274997"",""replica"":""d9785248-59d5-44a5-b319-189eccb33b49""}",2026-08-20T23:51:23.761230701Z
"  File ""<frozen importlib._bootstrap_external>"", line 940, in exec_module",error,"{""level"":""error""}","{""project"":""586ae7c2-e5b4-48eb-a537-f49216717b2b"",""environment"":""497ce9b3-fb87-4b99-9cf7-6c7305d440e8"",""service"":""2f22293c-9116-4952-b24d-3937d322e2e1"",""deployment"":""704cae93-1883-49c0-86e2-2d8501274997"",""replica"":""d9785248-59d5-44a5-b319-189eccb33b49""}",2026-08-20T23:51:23.761233211Z
"  File ""<frozen importlib._bootstrap>"", line 241, in _call_with_frames_removed",error,"{""level"":""error""}","{""project"":""586ae7c2-e5b4-48eb-a537-f49216717b2b"",""environment"":""497ce9b3-fb87-4b99-9cf7-6c7305d440e8"",""service"":""2f22293c-9116-4952-b24d-3937d322e2e1"",""deployment"":""704cae93-1883-49c0-86e2-2d8501274997"",""replica"":""d9785248-59d5-44a5-b319-189eccb33b49""}",2026-08-20T23:51:23.761235801Z
"  File ""/app/api/index.py"", line 7, in <module>",error,"{""level"":""error""}","{""project"":""586ae7c2-e5b4-48eb-a537-f49216717b2b"",""environment"":""497ce9b3-fb87-4b99-9cf7-6c7305d440e8"",""service"":""2f22293c-9116-4952-b24d-3937d322e2e1"",""deployment"":""704cae93-1883-49c0-86e2-2d8501274997"",""replica"":""d9785248-59d5-44a5-b319-189eccb33b49""}",2026-08-20T23:51:23.761238141Z
    from api.engines.news_engine import NewsEngine,error,"{""level"":""error""}","{""project"":""586ae7c2-e5b4-48eb-a537-f49216717b2b"",""environment"":""497ce9b3-fb87-4b99-9cf7-6c7305d440e8"",""service"":""2f22293c-9116-4952-b24d-3937d322e2e1"",""deployment"":""704cae93-1883-49c0-86e2-2d8501274997"",""replica"":""d9785248-59d5-44a5-b319-189eccb33b49""}",2026-08-20T23:51:23.761241111Z
"  File ""/app/api/engines/news_engine.py"", line 1, in <module>",error,"{""level"":""error""}","{""project"":""586ae7c2-e5b4-48eb-a537-f49216717b2b"",""environment"":""497ce9b3-fb87-4b99-9cf7-6c7305d440e8"",""service"":""2f22293c-9116-4952-b24d-3937d322e2e1"",""deployment"":""704cae93-1883-49c0-86e2-2d8501274997"",""replica"":""d9785248-59d5-44a5-b319-189eccb33b49""}",2026-08-20T23:51:23.761246860Z
    import httpx,error,"{""level"":""error""}","{""project"":""586ae7c2-e5b4-48eb-a537-f49216717b2b"",""environment"":""497ce9b3-fb87-4b99-9cf7-6c7305d440e8"",""service"":""2f22293c-9116-4952-b24d-3937d322e2e1"",""deployment"":""704cae93-1883-49c0-86e2-2d8501274997"",""replica"":""d9785248-59d5-44a5-b319-189eccb33b49""}",2026-08-20T23:51:23.761249290Z
ModuleNotFoundError: No module named 'httpx',error,"{""level"":""error""}","{""project"":""586ae7c2-e5b4-48eb-a537-f49216717b2b"",""environment"":""497ce9b3-fb87-4b99-9cf7-6c7305d440e8"",""service"":""2f22293c-9116-4952-b24d-3937d322e2e1"",""deployment"":""704cae93-1883-49c0-86e2-2d8501274997"",""replica"":""d9785248-59d5-44a5-b319-189eccb33b49""}",2026-08-20T23:51:23.761251630Z
Traceback (most recent call last):,error,"{""level"":""error""}","{""project"":""586ae7c2-e5b4-48eb-a537-f49216717b2b"",""environment"":""497ce9b3-fb87-4b99-9cf7-6c7305d440e8"",""service"":""2f22293c-9116-4952-b24d-3937d322e2e1"",""deployment"":""704cae93-1883-49c0-86e2-2d8501274997"",""replica"":""d9785248-59d5-44a5-b319-189eccb33b49""}",2026-08-20T23:51:25.737819564Z
"  File ""/app/.venv/bin/uvicorn"", line 8, in <module>",error,"{""level"":""error""}","{""project"":""586ae7c2-e5b4-48eb-a537-f49216717b2b"",""environment"":""497ce9b3-fb87-4b99-9cf7-6c7305d440e8"",""service"":""2f22293c-9116-4952-b24d-3937d322e2e1"",""deployment"":""704cae93-1883-49c0-86e2-2d8501274997"",""replica"":""d9785248-59d5-44a5-b319-189eccb33b49""}",2026-08-20T23:51:25.737830134Z
    sys.exit(main()),error,"{""level"":""error""}","{""project"":""586ae7c2-e5b4-48eb-a537-f49216717b2b"",""environment"":""497ce9b3-fb87-4b99-9cf7-6c7305d440e8"",""service"":""2f22293c-9116-4952-b24d-3937d322e2e1"",""deployment"":""704cae93-1883-49c0-86e2-2d8501274997"",""replica"":""d9785248-59d5-44a5-b319-189eccb33b49""}",2026-08-20T23:51:25.737834764Z
             ^^^^^^,error,"{""level"":""error""}","{""project"":""586ae7c2-e5b4-48eb-a537-f49216717b2b"",""environment"":""497ce9b3-fb87-4b99-9cf7-6c7305d440e8"",""service"":""2f22293c-9116-4952-b24d-3937d322e2e1"",""deployment"":""704cae93-1883-49c0-86e2-2d8501274997"",""replica"":""d9785248-59d5-44a5-b319-189eccb33b49""}",2026-08-20T23:51:25.737838414Z
"  File ""/app/.venv/lib/python3.11/site-packages/click/core.py"", line 1569, in __call__",error,"{""level"":""error""}","{""project"":""586ae7c2-e5b4-48eb-a537-f49216717b2b"",""environment"":""497ce9b3-fb87-4b99-9cf7-6c7305d440e8"",""service"":""2f22293c-9116-4952-b24d-3937d322e2e1"",""deployment"":""704cae93-1883-49c0-86e2-2d8501274997"",""replica"":""d9785248-59d5-44a5-b319-189eccb33b49""}",2026-08-20T23:51:25.737843974Z
"    return self.main(*args, **kwargs)",error,"{""level"":""error""}","{""project"":""586ae7c2-e5b4-48eb-a537-f49216717b2b"",""environment"":""497ce9b3-fb87-4b99-9cf7-6c7305d440e8"",""service"":""2f22293c-9116-4952-b24d-3937d322e2e1"",""deployment"":""704cae93-1883-49c0-86e2-2d8501274997"",""replica"":""d9785248-59d5-44a5-b319-189eccb33b49""}",2026-08-20T23:51:25.737848344Z
           ^^^^^^^^^^^^^^^^^^^^^^^^^^,error,"{""level"":""error""}","{""project"":""586ae7c2-e5b4-48eb-a537-f49216717b2b"",""environment"":""497ce9b3-fb87-4b99-9cf7-6c7305d440e8"",""service"":""2f22293c-9116-4952-b24d-3937d322e2e1"",""deployment"":""704cae93-1883-49c0-86e2-2d8501274997"",""replica"":""d9785248-59d5-44a5-b319-189eccb33b49""}",2026-08-20T23:51:25.737852643Z
"  File ""/app/.venv/lib/python3.11/site-packages/click/core.py"", line 1490, in main",error,"{""level"":""error""}","{""project"":""586ae7c2-e5b4-48eb-a537-f49216717b2b"",""environment"":""497ce9b3-fb87-4b99-9cf7-6c7305d440e8"",""service"":""2f22293c-9116-4952-b24d-3937d322e2e1"",""deployment"":""704cae93-1883-49c0-86e2-2d8501274997"",""replica"":""d9785248-59d5-44a5-b319-189eccb33b49""}",2026-08-20T23:51:25.737857003Z
    rv = self.invoke(ctx),error,"{""level"":""error""}","{""project"":""586ae7c2-e5b4-48eb-a537-f49216717b2b"",""environment"":""497ce9b3-fb87-4b99-9cf7-6c7305d440e8"",""service"":""2f22293c-9116-4952-b24d-3937d322e2e1"",""deployment"":""704cae93-1883-49c0-86e2-2d8501274997"",""replica"":""d9785248-59d5-44a5-b319-189eccb33b49""}",2026-08-20T23:51:25.737860573Z
         ^^^^^^^^^^^^^^^^,error,"{""level"":""error""}","{""project"":""586ae7c2-e5b4-48eb-a537-f49216717b2b"",""environment"":""497ce9b3-fb87-4b99-9cf7-6c7305d440e8"",""service"":""2f22293c-9116-4952-b24d-3937d322e2e1"",""deployment"":""704cae93-1883-49c0-86e2-2d8501274997"",""replica"":""d9785248-59d5-44a5-b319-189eccb33b49""}",2026-08-20T23:51:25.737864923Z
"  File ""/app/.venv/lib/python3.11/site-packages/click/core.py"", line 1353, in invoke",error,"{""level"":""error""}","{""project"":""586ae7c2-e5b4-48eb-a537-f49216717b2b"",""environment"":""497ce9b3-fb87-4b99-9cf7-6c7305d440e8"",""service"":""2f22293c-9116-4952-b24d-3937d322e2e1"",""deployment"":""704cae93-1883-49c0-86e2-2d8501274997"",""replica"":""d9785248-59d5-44a5-b319-189eccb33b49""}",2026-08-20T23:51:25.737869153Z
"    return ctx.invoke(self.callback, **ctx.params)",error,"{""level"":""error""}","{""project"":""586ae7c2-e5b4-48eb-a537-f49216717b2b"",""environment"":""497ce9b3-fb87-4b99-9cf7-6c7305d440e8"",""service"":""2f22293c-9116-4952-b24d-3937d322e2e1"",""deployment"":""704cae93-1883-49c0-86e2-2d8501274997"",""replica"":""d9785248-59d5-44a5-b319-189eccb33b49""}",2026-08-20T23:51:25.737872763Z
           ^^^^^^^^^^^^^^^^^^^^^^^^^^^^^^^^^^^^^^^,error,"{""level"":""error""}","{""project"":""586ae7c2-e5b4-48eb-a537-f49216717b2b"",""environment"":""497ce9b3-fb87-4b99-9cf7-6c7305d440e8"",""service"":""2f22293c-9116-4952-b24d-3937d322e2e1"",""deployment"":""704cae93-1883-49c0-86e2-2d8501274997"",""replica"":""d9785248-59d5-44a5-b319-189eccb33b49""}",2026-08-20T23:51:25.737876783Z
"  File ""/app/.venv/lib/python3.11/site-packages/click/core.py"", line 907, in invoke",error,"{""level"":""error""}","{""project"":""586ae7c2-e5b4-48eb-a537-f49216717b2b"",""environment"":""497ce9b3-fb87-4b99-9cf7-6c7305d440e8"",""service"":""2f22293c-9116-4952-b24d-3937d322e2e1"",""deployment"":""704cae93-1883-49c0-86e2-2d8501274997"",""replica"":""d9785248-59d5-44a5-b319-189eccb33b49""}",2026-08-20T23:51:25.737882143Z
"    return callback(*args, **kwargs)",error,"{""level"":""error""}","{""project"":""586ae7c2-e5b4-48eb-a537-f49216717b2b"",""environment"":""497ce9b3-fb87-4b99-9cf7-6c7305d440e8"",""service"":""2f22293c-9116-4952-b24d-3937d322e2e1"",""deployment"":""704cae93-1883-49c0-86e2-2d8501274997"",""replica"":""d9785248-59d5-44a5-b319-189eccb33b49""}",2026-08-20T23:51:25.737885973Z
    raise exc from None,error,"{""level"":""error""}","{""project"":""586ae7c2-e5b4-48eb-a537-f49216717b2b"",""environment"":""497ce9b3-fb87-4b99-9cf7-6c7305d440e8"",""service"":""2f22293c-9116-4952-b24d-3937d322e2e1"",""deployment"":""704cae93-1883-49c0-86e2-2d8501274997"",""replica"":""d9785248-59d5-44a5-b319-189eccb33b49""}",2026-08-20T23:51:25.737980291Z
"  File ""/app/.venv/lib/python3.11/site-packages/uvicorn/importer.py"", line 19, in import_from_string",error,"{""level"":""error""}","{""project"":""586ae7c2-e5b4-48eb-a537-f49216717b2b"",""environment"":""497ce9b3-fb87-4b99-9cf7-6c7305d440e8"",""service"":""2f22293c-9116-4952-b24d-3937d322e2e1"",""deployment"":""704cae93-1883-49c0-86e2-2d8501274997"",""replica"":""d9785248-59d5-44a5-b319-189eccb33b49""}",2026-08-20T23:51:25.737984081Z
    module = importlib.import_module(module_str),error,"{""level"":""error""}","{""project"":""586ae7c2-e5b4-48eb-a537-f49216717b2b"",""environment"":""497ce9b3-fb87-4b99-9cf7-6c7305d440e8"",""service"":""2f22293c-9116-4952-b24d-3937d322e2e1"",""deployment"":""704cae93-1883-49c0-86e2-2d8501274997"",""replica"":""d9785248-59d5-44a5-b319-189eccb33b49""}",2026-08-20T23:51:25.737987281Z
             ^^^^^^^^^^^^^^^^^^^^^^^^^^^^^^^^^^^,error,"{""level"":""error""}","{""project"":""586ae7c2-e5b4-48eb-a537-f49216717b2b"",""environment"":""497ce9b3-fb87-4b99-9cf7-6c7305d440e8"",""service"":""2f22293c-9116-4952-b24d-3937d322e2e1"",""deployment"":""704cae93-1883-49c0-86e2-2d8501274997"",""replica"":""d9785248-59d5-44a5-b319-189eccb33b49""}",2026-08-20T23:51:25.737990651Z
"  File ""/mise/installs/python/3.11.9/lib/python3.11/importlib/__init__.py"", line 126, in import_module",error,"{""level"":""error""}","{""project"":""586ae7c2-e5b4-48eb-a537-f49216717b2b"",""environment"":""497ce9b3-fb87-4b99-9cf7-6c7305d440e8"",""service"":""2f22293c-9116-4952-b24d-3937d322e2e1"",""deployment"":""704cae93-1883-49c0-86e2-2d8501274997"",""replica"":""d9785248-59d5-44a5-b319-189eccb33b49""}",2026-08-20T23:51:25.737994441Z
"    return _bootstrap._gcd_import(name[level:], package, level)",error,"{""level"":""error""}","{""project"":""586ae7c2-e5b4-48eb-a537-f49216717b2b"",""environment"":""497ce9b3-fb87-4b99-9cf7-6c7305d440e8"",""service"":""2f22293c-9116-4952-b24d-3937d322e2e1"",""deployment"":""704cae93-1883-49c0-86e2-2d8501274997"",""replica"":""d9785248-59d5-44a5-b319-189eccb33b49""}",2026-08-20T23:51:25.737997961Z
           ^^^^^^^^^^^^^^^^^^^^^^^^^,error,"{""level"":""error""}","{""project"":""586ae7c2-e5b4-48eb-a537-f49216717b2b"",""environment"":""497ce9b3-fb87-4b99-9cf7-6c7305d440e8"",""service"":""2f22293c-9116-4952-b24d-3937d322e2e1"",""deployment"":""704cae93-1883-49c0-86e2-2d8501274997"",""replica"":""d9785248-59d5-44a5-b319-189eccb33b49""}",2026-08-20T23:51:25.738025160Z
"  File ""/app/.venv/lib/python3.11/site-packages/uvicorn/config.py"", line 428, in load_app",error,"{""level"":""error""}","{""project"":""586ae7c2-e5b4-48eb-a537-f49216717b2b"",""environment"":""497ce9b3-fb87-4b99-9cf7-6c7305d440e8"",""service"":""2f22293c-9116-4952-b24d-3937d322e2e1"",""deployment"":""704cae93-1883-49c0-86e2-2d8501274997"",""replica"":""d9785248-59d5-44a5-b319-189eccb33b49""}",2026-08-20T23:51:25.738029560Z
"  File ""/app/.venv/lib/python3.11/site-packages/uvicorn/main.py"", line 440, in main",error,"{""level"":""error""}","{""project"":""586ae7c2-e5b4-48eb-a537-f49216717b2b"",""environment"":""497ce9b3-fb87-4b99-9cf7-6c7305d440e8"",""service"":""2f22293c-9116-4952-b24d-3937d322e2e1"",""deployment"":""704cae93-1883-49c0-86e2-2d8501274997"",""replica"":""d9785248-59d5-44a5-b319-189eccb33b49""}",2026-08-20T23:51:25.738035060Z
    run(,error,"{""level"":""error""}","{""project"":""586ae7c2-e5b4-48eb-a537-f49216717b2b"",""environment"":""497ce9b3-fb87-4b99-9cf7-6c7305d440e8"",""service"":""2f22293c-9116-4952-b24d-3937d322e2e1"",""deployment"":""704cae93-1883-49c0-86e2-2d8501274997"",""replica"":""d9785248-59d5-44a5-b319-189eccb33b49""}",2026-08-20T23:51:25.738041280Z
    return import_from_string(self.app),error,"{""level"":""error""}","{""project"":""586ae7c2-e5b4-48eb-a537-f49216717b2b"",""environment"":""497ce9b3-fb87-4b99-9cf7-6c7305d440e8"",""service"":""2f22293c-9116-4952-b24d-3937d322e2e1"",""deployment"":""704cae93-1883-49c0-86e2-2d8501274997"",""replica"":""d9785248-59d5-44a5-b319-189eccb33b49""}",2026-08-20T23:51:25.738046460Z
"  File ""/app/.venv/lib/python3.11/site-packages/uvicorn/main.py"", line 609, in run",error,"{""level"":""error""}","{""project"":""586ae7c2-e5b4-48eb-a537-f49216717b2b"",""environment"":""497ce9b3-fb87-4b99-9cf7-6c7305d440e8"",""service"":""2f22293c-9116-4952-b24d-3937d322e2e1"",""deployment"":""704cae93-1883-49c0-86e2-2d8501274997"",""replica"":""d9785248-59d5-44a5-b319-189eccb33b49""}",2026-08-20T23:51:25.738049480Z
    config.load_app(),error,"{""level"":""error""}","{""project"":""586ae7c2-e5b4-48eb-a537-f49216717b2b"",""environment"":""497ce9b3-fb87-4b99-9cf7-6c7305d440e8"",""service"":""2f22293c-9116-4952-b24d-3937d322e2e1"",""deployment"":""704cae93-1883-49c0-86e2-2d8501274997"",""replica"":""d9785248-59d5-44a5-b319-189eccb33b49""}",2026-08-20T23:51:25.738055360Z
           ^^^^^^^^^^^^^^^^^^^^^^^^^^^^,error,"{""level"":""error""}","{""project"":""586ae7c2-e5b4-48eb-a537-f49216717b2b"",""environment"":""497ce9b3-fb87-4b99-9cf7-6c7305d440e8"",""service"":""2f22293c-9116-4952-b24d-3937d322e2e1"",""deployment"":""704cae93-1883-49c0-86e2-2d8501274997"",""replica"":""d9785248-59d5-44a5-b319-189eccb33b49""}",2026-08-20T23:51:25.738058300Z
"  File ""/app/.venv/lib/python3.11/site-packages/uvicorn/importer.py"", line 22, in import_from_string",error,"{""level"":""error""}","{""project"":""586ae7c2-e5b4-48eb-a537-f49216717b2b"",""environment"":""497ce9b3-fb87-4b99-9cf7-6c7305d440e8"",""service"":""2f22293c-9116-4952-b24d-3937d322e2e1"",""deployment"":""704cae93-1883-49c0-86e2-2d8501274997"",""replica"":""d9785248-59d5-44a5-b319-189eccb33b49""}",2026-08-20T23:51:25.738065409Z
           ^^^^^^^^^^^^^^^^^^^^^^^^^^^^^^^^^^^^^^^^^^^^^^^^^^^^,error,"{""level"":""error""}","{""project"":""586ae7c2-e5b4-48eb-a537-f49216717b2b"",""environment"":""497ce9b3-fb87-4b99-9cf7-6c7305d440e8"",""service"":""2f22293c-9116-4952-b24d-3937d322e2e1"",""deployment"":""704cae93-1883-49c0-86e2-2d8501274997"",""replica"":""d9785248-59d5-44a5-b319-189eccb33b49""}",2026-08-20T23:51:25.738888355Z
"  File ""<frozen importlib._bootstrap>"", line 1204, in _gcd_import",error,"{""level"":""error""}","{""project"":""586ae7c2-e5b4-48eb-a537-f49216717b2b"",""environment"":""497ce9b3-fb87-4b99-9cf7-6c7305d440e8"",""service"":""2f22293c-9116-4952-b24d-3937d322e2e1"",""deployment"":""704cae93-1883-49c0-86e2-2d8501274997"",""replica"":""d9785248-59d5-44a5-b319-189eccb33b49""}",2026-08-20T23:51:25.738894715Z
"  File ""<frozen importlib._bootstrap>"", line 1176, in _find_and_load",error,"{""level"":""error""}","{""project"":""586ae7c2-e5b4-48eb-a537-f49216717b2b"",""environment"":""497ce9b3-fb87-4b99-9cf7-6c7305d440e8"",""service"":""2f22293c-9116-4952-b24d-3937d322e2e1"",""deployment"":""704cae93-1883-49c0-86e2-2d8501274997"",""replica"":""d9785248-59d5-44a5-b319-189eccb33b49""}",2026-08-20T23:51:25.738898615Z
"  File ""<frozen importlib._bootstrap>"", line 1147, in _find_and_load_unlocked",error,"{""level"":""error""}","{""project"":""586ae7c2-e5b4-48eb-a537-f49216717b2b"",""environment"":""497ce9b3-fb87-4b99-9cf7-6c7305d440e8"",""service"":""2f22293c-9116-4952-b24d-3937d322e2e1"",""deployment"":""704cae93-1883-49c0-86e2-2d8501274997"",""replica"":""d9785248-59d5-44a5-b319-189eccb33b49""}",2026-08-20T23:51:25.738902625Z
"  File ""<frozen importlib._bootstrap>"", line 690, in _load_unlocked",error,"{""level"":""error""}","{""project"":""586ae7c2-e5b4-48eb-a537-f49216717b2b"",""environment"":""497ce9b3-fb87-4b99-9cf7-6c7305d440e8"",""service"":""2f22293c-9116-4952-b24d-3937d322e2e1"",""deployment"":""704cae93-1883-49c0-86e2-2d8501274997"",""replica"":""d9785248-59d5-44a5-b319-189eccb33b49""}",2026-08-20T23:51:25.738906575Z
"  File ""<frozen importlib._bootstrap_external>"", line 940, in exec_module",error,"{""level"":""error""}","{""project"":""586ae7c2-e5b4-48eb-a537-f49216717b2b"",""environment"":""497ce9b3-fb87-4b99-9cf7-6c7305d440e8"",""service"":""2f22293c-9116-4952-b24d-3937d322e2e1"",""deployment"":""704cae93-1883-49c0-86e2-2d8501274997"",""replica"":""d9785248-59d5-44a5-b319-189eccb33b49""}",2026-08-20T23:51:25.738910255Z
"  File ""<frozen importlib._bootstrap>"", line 241, in _call_with_frames_removed",error,"{""level"":""error""}","{""project"":""586ae7c2-e5b4-48eb-a537-f49216717b2b"",""environment"":""497ce9b3-fb87-4b99-9cf7-6c7305d440e8"",""service"":""2f22293c-9116-4952-b24d-3937d322e2e1"",""deployment"":""704cae93-1883-49c0-86e2-2d8501274997"",""replica"":""d9785248-59d5-44a5-b319-189eccb33b49""}",2026-08-20T23:51:25.738913085Z
"  File ""/app/api/index.py"", line 7, in <module>",error,"{""level"":""error""}","{""project"":""586ae7c2-e5b4-48eb-a537-f49216717b2b"",""environment"":""497ce9b3-fb87-4b99-9cf7-6c7305d440e8"",""service"":""2f22293c-9116-4952-b24d-3937d322e2e1"",""deployment"":""704cae93-1883-49c0-86e2-2d8501274997"",""replica"":""d9785248-59d5-44a5-b319-189eccb33b49""}",2026-08-20T23:51:25.738917284Z
    from api.engines.news_engine import NewsEngine,error,"{""level"":""error""}","{""project"":""586ae7c2-e5b4-48eb-a537-f49216717b2b"",""environment"":""497ce9b3-fb87-4b99-9cf7-6c7305d440e8"",""service"":""2f22293c-9116-4952-b24d-3937d322e2e1"",""deployment"":""704cae93-1883-49c0-86e2-2d8501274997"",""replica"":""d9785248-59d5-44a5-b319-189eccb33b49""}",2026-08-20T23:51:25.738920734Z
"  File ""/app/api/engines/news_engine.py"", line 1, in <module>",error,"{""level"":""error""}","{""project"":""586ae7c2-e5b4-48eb-a537-f49216717b2b"",""environment"":""497ce9b3-fb87-4b99-9cf7-6c7305d440e8"",""service"":""2f22293c-9116-4952-b24d-3937d322e2e1"",""deployment"":""704cae93-1883-49c0-86e2-2d8501274997"",""replica"":""d9785248-59d5-44a5-b319-189eccb33b49""}",2026-08-20T23:51:25.738924454Z
    import httpx,error,"{""level"":""error""}","{""project"":""586ae7c2-e5b4-48eb-a537-f49216717b2b"",""environment"":""497ce9b3-fb87-4b99-9cf7-6c7305d440e8"",""service"":""2f22293c-9116-4952-b24d-3937d322e2e1"",""deployment"":""704cae93-1883-49c0-86e2-2d8501274997"",""replica"":""d9785248-59d5-44a5-b319-189eccb33b49""}",2026-08-20T23:51:25.738927824Z
ModuleNotFoundError: No module named 'httpx',error,"{""level"":""error""}","{""project"":""586ae7c2-e5b4-48eb-a537-f49216717b2b"",""environment"":""497ce9b3-fb87-4b99-9cf7-6c7305d440e8"",""service"":""2f22293c-9116-4952-b24d-3937d322e2e1"",""deployment"":""704cae93-1883-49c0-86e2-2d8501274997"",""replica"":""d9785248-59d5-44a5-b319-189eccb33b49""}",2026-08-20T23:51:25.738931354Z